timestamp,open,high,low,close,volume
2025-02-15 07:46:43.505,2715.4,2729.5,2713.2,2728.0,18170.9579
2025-02-15 08:46:43.505,2728.0,2734.9,2719.5,2729.7,14281.054
2025-02-15 09:46:43.505,2730.0,2739.0,2722.3,2723.1,10646.3144
2025-02-15 10:46:43.505,2723.1,2732.5,2715.9,2718.7,9895.1988
2025-02-15 11:46:43.505,2718.7,2723.5,2714.6,2720.7,3309.3642
2025-02-15 12:46:43.505,2720.9,2721.5,2703.9,2707.8,6885.5178
2025-02-15 13:46:43.505,2707.8,2709.2,2689.9,2696.0,19309.3338
2025-02-15 14:46:43.505,2696.0,2711.7,2695.4,2702.9,20810.9047
2025-02-15 15:46:43.505,2703.0,2711.0,2694.6,2701.2,14495.6222
2025-02-15 16:46:43.505,2701.2,2711.0,2694.1,2709.3,7182.3684
2025-02-15 17:46:43.505,2709.8,2713.7,2698.4,2706.6,6316.0658
2025-02-15 18:46:43.505,2707.1,2712.4,2702.6,2709.1,5176.7624
2025-02-15 19:46:43.505,2709.0,2712.3,2704.4,2705.4,2734.6026
2025-02-15 20:46:43.505,2705.4,2705.4,2654.2,2687.2,29950.6057
2025-02-15 21:46:43.505,2687.2,2697.0,2682.0,2689.3,10060.4329
2025-02-15 22:46:43.505,2689.2,2695.1,2681.2,2687.6,8048.9175
2025-02-15 23:46:43.505,2687.6,2692.6,2677.4,2684.4,7725.2565
2025-02-16 00:46:43.505,2684.4,2707.3,2683.3,2701.7,7820.7674
2025-02-16 01:46:43.505,2701.7,2704.2,2689.8,2689.8,5104.8773
2025-02-16 02:46:43.505,2690.4,2695.7,2677.5,2684.7,11122.0272
2025-02-16 03:46:43.505,2684.6,2701.5,2684.6,2699.6,10426.9616
2025-02-16 04:46:43.505,2699.7,2703.0,2685.7,2693.2,7642.9011
2025-02-16 05:46:43.505,2693.4,2696.7,2688.2,2691.3,4803.4495
2025-02-16 06:46:43.505,2691.2,2704.6,2689.1,2698.2,13016.1262
2025-02-16 07:46:43.505,2698.2,2701.5,2690.9,2699.6,9033.4839
2025-02-16 08:46:43.505,2699.4,2699.5,2685.7,2689.3,9114.4026
2025-02-16 09:46:43.505,2689.4,2697.6,2686.5,2697.3,4930.8172
2025-02-16 10:46:43.505,2697.4,2702.9,2695.8,2702.4,5120.9814
2025-02-16 11:46:43.505,2702.6,2727.8,2695.3,2708.5,8265.2735
2025-02-16 12:46:43.505,2708.4,2718.5,2705.7,2709.2,3742.7592
2025-02-16 13:46:43.505,2709.2,2709.3,2689.5,2694.4,19941.471
2025-02-16 14:46:43.505,2694.4,2703.3,2691.5,2695.2,4419.6093
2025-02-16 15:46:43.505,2695.2,2706.8,2687.1,2703.7,6735.2998
2025-02-16 16:46:43.505,2703.7,2706.3,2692.0,2694.7,3414.3645
2025-02-16 17:46:43.505,2694.6,2711.8,2692.8,2710.0,4416.7336
2025-02-16 18:46:43.505,2710.1,2711.5,2702.4,2704.1,2831.3715
2025-02-16 19:46:43.505,2704.2,2708.1,2687.3,2691.2,5598.8974
2025-02-16 20:46:43.505,2690.5,2697.9,2675.3,2690.3,25676.5548
2025-02-16 21:46:43.505,2689.7,2700.8,2685.1,2693.2,4456.5008
2025-02-16 22:46:43.505,2693.2,2699.6,2688.2,2695.7,6423.4553
2025-02-16 23:46:43.505,2695.8,2701.8,2684.2,2687.3,5882.4857
2025-02-17 00:46:43.505,2687.1,2687.1,2657.1,2677.8,32560.719
2025-02-17 01:46:43.505,2677.8,2686.9,2666.2,2682.7,13354.0626
2025-02-17 02:46:43.505,2682.6,2685.1,2668.0,2668.4,9264.1117
2025-02-17 03:46:43.505,2668.4,2688.3,2661.6,2685.9,15225.4734
2025-02-17 04:46:43.505,2685.8,2686.4,2662.0,2676.6,14435.584
2025-02-17 05:46:43.505,2676.9,2676.9,2649.1,2660.0,20739.5606
2025-02-17 06:46:43.505,2659.9,2670.6,2656.5,2669.3,8198.2975
2025-02-17 07:46:43.505,2669.3,2682.6,2657.4,2679.0,25443.6462
2025-02-17 08:46:43.505,2679.0,2682.6,2666.0,2668.0,5275.346
2025-02-17 09:46:43.505,2668.0,2672.8,2656.1,2670.8,5446.9271
2025-02-17 10:46:43.505,2670.8,2670.9,2656.8,2659.7,9017.683
2025-02-17 11:46:43.505,2659.8,2671.3,2633.0,2668.9,27336.9838
2025-02-17 12:46:43.505,2669.2,2687.2,2666.9,2684.6,6713.3152
2025-02-17 13:46:43.505,2684.6,2694.2,2673.4,2680.6,16185.2764
2025-02-17 14:46:43.505,2680.5,2716.7,2675.4,2712.9,15550.6918
2025-02-17 15:46:43.505,2712.9,2740.5,2711.3,2732.2,16016.6486
2025-02-17 16:46:43.505,2732.1,2774.4,2730.6,2748.6,27844.5186
2025-02-17 17:46:43.505,2748.6,2763.5,2740.3,2754.3,19261.4179
2025-02-17 18:46:43.505,2754.4,2778.0,2753.5,2764.9,15180.0379
2025-02-17 19:46:43.505,2764.9,2780.4,2757.2,2774.1,11452.7384
2025-02-17 20:46:43.505,2774.9,2825.6,2774.9,2825.0,39387.6283
2025-02-17 21:46:43.505,2825.0,2848.1,2744.1,2754.5,75040.948
2025-02-17 22:46:43.505,2754.6,2764.4,2723.6,2724.6,67689.2611
2025-02-17 23:46:43.505,2724.6,2748.3,2724.5,2731.5,23899.3807
2025-02-18 00:46:43.505,2731.6,2731.6,2695.4,2699.3,54745.497
2025-02-18 01:46:43.505,2699.3,2720.3,2684.9,2717.0,32498.4065
2025-02-18 02:46:43.505,2717.1,2745.2,2715.6,2731.8,19744.9192
2025-02-18 03:46:43.505,2731.9,2777.0,2731.0,2776.1,28304.7306
2025-02-18 04:46:43.505,2776.3,2776.3,2730.0,2736.6,30130.1909
2025-02-18 05:46:43.505,2736.4,2750.0,2733.2,2743.0,20861.6032
2025-02-18 06:46:43.505,2742.9,2756.4,2715.1,2720.4,37661.5182
2025-02-18 07:46:43.505,2720.0,2739.8,2713.0,2735.7,22082.7271
2025-02-18 08:46:43.505,2735.8,2738.7,2703.9,2712.5,23753.0858
2025-02-18 09:46:43.505,2712.5,2723.9,2707.8,2710.8,15870.8767
2025-02-18 10:46:43.505,2710.8,2716.7,2689.1,2700.0,36368.9535
2025-02-18 11:46:43.505,2700.1,2703.9,2671.5,2676.0,39268.8388
2025-02-18 12:46:43.505,2675.9,2677.9,2651.0,2662.4,34923.7037
2025-02-18 13:46:43.505,2662.2,2678.1,2656.0,2671.0,18772.6125
2025-02-18 14:46:43.505,2671.0,2676.4,2651.9,2666.9,19300.626
2025-02-18 15:46:43.505,2666.4,2696.7,2662.3,2696.7,17605.0887
2025-02-18 16:46:43.505,2696.7,2705.0,2690.5,2694.5,10595.2181
2025-02-18 17:46:43.505,2694.5,2694.9,2675.6,2679.1,6076.9367
2025-02-18 18:46:43.505,2678.6,2710.9,2675.9,2702.4,12406.6464
2025-02-18 19:46:43.505,2702.4,2702.8,2688.8,2701.7,5716.8035
2025-02-18 20:46:43.505,2701.6,2733.0,2667.8,2688.1,54838.3607
2025-02-18 21:46:43.505,2687.9,2693.3,2658.5,2673.0,44206.5277
2025-02-18 22:46:43.505,2673.0,2683.8,2629.0,2634.6,61803.4605
2025-02-18 23:46:43.505,2634.6,2649.3,2604.2,2619.4,46537.0009
2025-02-19 00:46:43.505,2618.8,2641.2,2606.7,2631.5,28530.3561
2025-02-19 01:46:43.505,2631.4,2646.7,2612.1,2630.2,22443.1265
2025-02-19 02:46:43.505,2630.1,2642.8,2617.0,2630.9,9881.2452
2025-02-19 03:46:43.505,2630.0,2659.0,2628.8,2652.8,35764.2756
2025-02-19 04:46:43.505,2652.7,2667.7,2649.0,2655.8,7724.3922
2025-02-19 05:46:43.505,2655.8,2671.8,2653.3,2671.5,13751.2615
2025-02-19 06:46:43.505,2671.4,2678.4,2666.7,2669.2,9139.812
2025-02-19 07:46:43.505,2669.3,2671.3,2655.7,2669.2,7984.4011
2025-02-19 08:46:43.505,2669.8,2699.8,2668.8,2691.2,15972.2862
2025-02-19 09:46:43.505,2690.7,2696.1,2677.1,2693.8,8663.1051
2025-02-19 10:46:43.505,2693.8,2694.9,2666.0,2666.0,9044.6167
2025-02-19 11:46:43.505,2666.0,2696.1,2664.0,2687.3,11566.1979
2025-02-19 12:46:43.505,2687.2,2705.0,2685.8,2699.4,12196.9848
2025-02-19 13:46:43.505,2699.4,2717.0,2697.5,2708.4,12984.5753
2025-02-19 14:46:43.505,2708.1,2725.0,2707.0,2707.9,9922.3407
2025-02-19 15:46:43.505,2707.9,2729.4,2705.5,2724.3,7319.8514
2025-02-19 16:46:43.505,2724.3,2736.4,2720.3,2725.7,11088.5323
2025-02-19 17:46:43.505,2725.6,2736.3,2723.3,2726.5,6737.0667
2025-02-19 18:46:43.505,2726.6,2727.1,2703.2,2703.5,8869.619
2025-02-19 19:46:43.505,2704.5,2719.8,2704.5,2717.3,11426.3838
2025-02-19 20:46:43.505,2717.3,2731.4,2687.1,2689.7,30566.3005
2025-02-19 21:46:43.505,2689.8,2711.6,2675.9,2695.8,30917.9647
2025-02-19 22:46:43.505,2695.8,2718.0,2695.7,2711.0,9573.3935
2025-02-19 23:46:43.505,2711.1,2718.8,2700.2,2710.0,8508.0873
2025-02-20 00:46:43.505,2709.9,2711.0,2695.3,2698.8,12087.9436
2025-02-20 01:46:43.505,2699.1,2724.4,2694.3,2711.9,18750.4815
2025-02-20 02:46:43.505,2711.2,2724.9,2709.3,2720.2,10790.9088
2025-02-20 03:46:43.505,2720.3,2729.5,2705.1,2709.4,16596.4088
2025-02-20 04:46:43.505,2708.9,2731.2,2707.1,2720.6,21091.3668
2025-02-20 05:46:43.505,2720.6,2734.1,2712.0,2714.3,13978.3725
2025-02-20 06:46:43.505,2714.2,2734.5,2708.1,2729.1,16545.1866
2025-02-20 07:46:43.505,2729.0,2733.1,2712.4,2719.0,9241.1997
2025-02-20 08:46:43.505,2719.2,2750.0,2719.2,2742.0,16035.0512
2025-02-20 09:46:43.505,2742.0,2748.8,2732.2,2742.0,5458.6376
2025-02-20 10:46:43.505,2741.7,2759.2,2736.4,2738.8,10599.6615
2025-02-20 11:46:43.505,2738.9,2742.6,2728.6,2731.9,8096.7133
2025-02-20 12:46:43.505,2732.0,2736.3,2723.8,2730.5,9451.1632
2025-02-20 13:46:43.505,2730.4,2737.6,2721.0,2729.8,12885.3034
2025-02-20 14:46:43.505,2730.0,2735.6,2726.3,2733.0,5769.9807
2025-02-20 15:46:43.505,2732.9,2733.5,2725.1,2725.5,5646.3529
2025-02-20 16:46:43.505,2725.4,2746.0,2725.4,2745.8,5574.5414
2025-02-20 17:46:43.505,2746.1,2746.6,2735.9,2741.3,2958.903
2025-02-20 18:46:43.505,2741.4,2746.6,2736.9,2742.2,14676.8542
2025-02-20 19:46:43.505,2742.2,2753.6,2733.2,2745.6,17265.4136
2025-02-20 20:46:43.505,2745.8,2770.0,2725.4,2728.4,41417.3674
2025-02-20 21:46:43.505,2728.7,2738.3,2706.4,2710.4,44949.8823
2025-02-20 22:46:43.505,2710.3,2730.0,2706.5,2712.7,29595.1563
2025-02-20 23:46:43.505,2712.7,2737.3,2712.0,2735.3,16546.3781
2025-02-21 00:46:43.505,2735.3,2750.0,2732.0,2737.4,20819.9879
2025-02-21 01:46:43.505,2737.0,2767.3,2735.9,2746.3,18664.4639
2025-02-21 02:46:43.505,2746.7,2759.9,2743.8,2748.1,25259.55
2025-02-21 03:46:43.505,2748.2,2750.6,2721.1,2725.5,20287.958
2025-02-21 04:46:43.505,2725.5,2737.0,2723.7,2727.3,12686.1643
2025-02-21 05:46:43.505,2727.3,2745.5,2727.3,2737.0,10804.6488
2025-02-21 06:46:43.505,2737.1,2745.5,2728.7,2734.4,16514.0706
2025-02-21 07:46:43.505,2734.4,2745.3,2724.5,2740.9,11059.6651
2025-02-21 08:46:43.505,2740.9,2745.3,2731.9,2736.0,5695.5352
2025-02-21 09:46:43.505,2736.0,2749.4,2733.8,2743.2,11314.5829
2025-02-21 10:46:43.505,2743.4,2754.5,2743.4,2750.8,10434.0662
2025-02-21 11:46:43.505,2750.9,2758.0,2745.4,2755.7,6645.1125
2025-02-21 12:46:43.505,2755.7,2761.1,2751.7,2760.5,4761.6578
2025-02-21 13:46:43.505,2760.4,2767.7,2752.9,2754.5,8804.0459
2025-02-21 14:46:43.505,2754.5,2759.7,2745.6,2749.4,4503.214
2025-02-21 15:46:43.505,2749.5,2830.6,2749.0,2780.9,65085.1816
2025-02-21 16:46:43.505,2780.9,2807.1,2779.9,2799.8,13513.8034
2025-02-21 17:46:43.505,2799.7,2803.7,2783.6,2787.2,17910.7617
2025-02-21 18:46:43.505,2787.2,2805.3,2786.7,2804.8,21305.8916
2025-02-21 19:46:43.505,2804.9,2845.0,2800.6,2836.0,56208.5407
2025-02-21 20:46:43.505,2836.0,2837.7,2777.6,2806.4,32447.1586
2025-02-21 21:46:43.505,2806.3,2832.1,2669.9,2723.1,225133.7139
2025-02-21 22:46:43.505,2723.0,2770.2,2690.0,2737.8,181827.5043
2025-02-21 23:46:43.505,2737.7,2743.4,2650.4,2672.4,119851.0351
2025-02-22 00:46:43.505,2672.4,2692.1,2660.8,2679.7,54181.2954
2025-02-22 01:46:43.505,2679.8,2686.2,2624.2,2639.3,105039.9876
2025-02-22 02:46:43.505,2639.3,2663.0,2627.3,2633.3,58040.8511
2025-02-22 03:46:43.505,2633.4,2647.7,2615.4,2644.0,45854.7902
2025-02-22 04:46:43.505,2643.9,2666.5,2634.5,2644.9,36123.3645
2025-02-22 05:46:43.505,2645.2,2665.8,2635.9,2664.4,21628.0559
2025-02-22 06:46:43.505,2664.9,2684.1,2654.8,2679.4,33726.4614
2025-02-22 07:46:43.505,2679.2,2690.7,2678.0,2685.3,18328.4315
2025-02-22 08:46:43.505,2685.4,2687.0,2666.9,2683.5,13501.6838
2025-02-22 09:46:43.505,2683.6,2683.8,2667.3,2675.8,11401.9954
2025-02-22 10:46:43.505,2675.7,2687.1,2674.1,2681.9,8534.5343
2025-02-22 11:46:43.505,2681.9,2696.9,2676.6,2691.7,9289.7782
2025-02-22 12:46:43.505,2691.7,2696.9,2684.7,2685.5,7631.5359
2025-02-22 13:46:43.505,2685.3,2697.8,2684.7,2685.4,8446.6287
2025-02-22 14:46:43.505,2685.5,2693.9,2676.0,2690.9,13507.3269
2025-02-22 15:46:43.505,2690.9,2718.4,2690.8,2716.2,21977.2553
2025-02-22 16:46:43.505,2716.7,2753.6,2713.9,2733.2,26817.7647
2025-02-22 17:46:43.505,2733.2,2743.4,2730.5,2733.1,5526.4021
2025-02-22 18:46:43.505,2733.2,2743.8,2725.9,2740.2,7551.9564
2025-02-22 19:46:43.505,2740.2,2745.4,2721.8,2722.5,9863.8668
2025-02-22 20:46:43.505,2722.4,2743.0,2722.4,2738.1,14116.3068
2025-02-22 21:46:43.505,2738.1,2786.3,2738.1,2776.1,28427.8237
2025-02-22 22:46:43.505,2776.4,2798.4,2773.1,2775.2,33104.257
2025-02-22 23:46:43.505,2774.7,2799.6,2773.4,2785.6,17627.841
2025-02-23 00:46:43.505,2785.7,2791.1,2756.7,2763.0,26312.0659
2025-02-23 01:46:43.505,2763.1,2772.1,2761.4,2770.9,10254.4355
2025-02-23 02:46:43.505,2771.0,2776.6,2759.6,2771.1,8490.9016
2025-02-23 03:46:43.505,2771.2,2778.6,2760.0,2765.5,21396.6762
2025-02-23 04:46:43.505,2765.6,2774.8,2764.6,2767.4,6923.3036
2025-02-23 05:46:43.505,2767.5,2771.2,2760.1,2763.1,9593.6874
2025-02-23 06:46:43.505,2763.3,2772.5,2753.3,2771.4,19391.2822
2025-02-23 07:46:43.505,2771.4,2775.5,2756.3,2763.7,14209.3637
2025-02-23 08:46:43.505,2763.7,2765.2,2747.2,2749.7,11376.6294
2025-02-23 09:46:43.505,2749.6,2759.0,2744.5,2752.4,12996.6738
2025-02-23 10:46:43.505,2752.3,2764.1,2746.0,2762.8,8418.0341
2025-02-23 11:46:43.505,2762.6,2787.7,2760.0,2779.3,22762.1252
2025-02-23 12:46:43.505,2780.0,2796.7,2775.4,2793.6,23177.3286
2025-02-23 13:46:43.505,2793.6,2829.5,2789.8,2825.0,43741.0574
2025-02-23 14:46:43.505,2825.0,2831.0,2800.4,2805.5,25400.9427
2025-02-23 15:46:43.505,2805.4,2811.1,2793.7,2807.8,12823.5971
2025-02-23 16:46:43.505,2807.3,2812.5,2797.1,2805.9,11170.5144
2025-02-23 17:46:43.505,2805.7,2808.7,2782.8,2796.4,15081.1733
2025-02-23 18:46:43.505,2796.4,2804.2,2780.7,2787.5,18150.1742
2025-02-23 19:46:43.505,2788.0,2831.0,2788.0,2811.6,34156.1724
2025-02-23 20:46:43.505,2811.6,2815.2,2783.7,2789.3,17886.1553
2025-02-23 21:46:43.505,2789.2,2802.7,2770.1,2780.6,23091.7492
2025-02-23 22:46:43.505,2780.9,2815.0,2780.9,2804.4,29361.8092
2025-02-23 23:46:43.505,2804.5,2823.1,2798.1,2813.6,48769.075
2025-02-24 00:46:43.505,2813.7,2823.4,2802.3,2807.1,20017.8091
2025-02-24 01:46:43.505,2807.1,2814.0,2804.5,2806.8,8423.1293
2025-02-24 02:46:43.505,2806.9,2806.9,2792.0,2805.1,16894.1377
2025-02-24 03:46:43.505,2805.1,2810.6,2796.0,2806.8,18056.8967
2025-02-24 04:46:43.505,2806.8,2809.7,2782.3,2801.7,28611.4024
2025-02-24 05:46:43.505,2801.7,2858.3,2800.5,2818.2,69307.527
2025-02-24 06:46:43.505,2818.2,2842.6,2801.6,2804.4,49945.3374
2025-02-24 07:46:43.505,2803.6,2811.2,2782.2,2790.8,36322.8337
2025-02-24 08:46:43.505,2790.0,2795.2,2772.0,2775.5,34892.0311
2025-02-24 09:46:43.505,2775.5,2775.5,2708.3,2715.3,85352.6285
2025-02-24 10:46:43.505,2715.2,2722.9,2689.8,2698.7,50194.5598
2025-02-24 11:46:43.505,2699.0,2730.5,2692.8,2729.8,33025.6959
2025-02-24 12:46:43.505,2729.8,2733.7,2714.0,2729.0,18643.558
2025-02-24 13:46:43.505,2729.2,2734.2,2716.7,2720.1,10354.7007
2025-02-24 14:46:43.505,2720.1,2720.5,2675.5,2679.0,35926.2989
2025-02-24 15:46:43.505,2679.5,2710.9,2678.3,2695.1,24737.1517
2025-02-24 16:46:43.505,2695.2,2696.1,2661.7,2683.0,25926.1191
2025-02-24 17:46:43.505,2683.0,2689.3,2670.1,2687.8,14282.7985
2025-02-24 18:46:43.505,2687.8,2690.9,2674.5,2678.0,14832.445
2025-02-24 19:46:43.505,2677.1,2696.3,2662.6,2672.1,29703.285
2025-02-24 20:46:43.505,2672.2,2686.2,2645.8,2654.7,60088.52
2025-02-24 21:46:43.505,2654.6,2677.8,2632.5,2657.0,79244.6
2025-02-24 22:46:43.505,2657.0,2674.5,2651.0,2660.1,39703.0512
2025-02-24 23:46:43.505,2660.1,2681.8,2654.7,2663.7,18795.2752
2025-02-25 00:46:43.505,2663.7,2669.7,2646.3,2648.5,15957.7216
2025-02-25 01:46:43.505,2648.6,2659.9,2620.9,2639.2,35439.4076
2025-02-25 02:46:43.505,2639.2,2662.4,2636.3,2640.6,27103.2637
2025-02-25 03:46:43.505,2640.6,2657.1,2625.0,2635.2,43848.5446
2025-02-25 04:46:43.505,2635.2,2636.3,2496.5,2506.5,146347.9861
2025-02-25 05:46:43.505,2506.6,2546.3,2472.3,2513.4,103834.5192
2025-02-25 06:46:43.505,2513.3,2530.6,2458.5,2498.2,98434.2376
2025-02-25 07:46:43.505,2498.3,2512.3,2468.3,2493.8,53280.0661
2025-02-25 08:46:43.505,2493.9,2523.2,2474.0,2512.1,42627.4395
2025-02-25 09:46:43.505,2512.2,2516.9,2485.2,2494.4,29702.6667
2025-02-25 10:46:43.505,2494.3,2504.3,2479.0,2490.5,41995.023
2025-02-25 11:46:43.505,2490.6,2512.0,2481.6,2504.8,19354.4335
2025-02-25 12:46:43.505,2505.5,2508.1,2478.2,2479.6,12090.3063
2025-02-25 13:46:43.505,2479.7,2483.9,2316.6,2368.0,190225.3117
2025-02-25 14:46:43.505,2367.7,2415.6,2355.9,2394.8,49561.6337
2025-02-25 15:46:43.505,2395.5,2408.2,2375.7,2381.4,33749.393
2025-02-25 16:46:43.505,2381.6,2410.4,2356.0,2394.1,74016.2818
2025-02-25 17:46:43.505,2394.1,2438.3,2367.9,2432.3,47683.2673
2025-02-25 18:46:43.505,2432.3,2447.1,2418.2,2436.4,33400.532
2025-02-25 19:46:43.505,2436.4,2441.7,2411.0,2411.5,15952.0632
2025-02-25 20:46:43.505,2411.6,2428.2,2362.7,2377.0,73090.985
2025-02-25 21:46:43.505,2377.2,2426.6,2360.9,2408.2,57211.8238
2025-02-25 22:46:43.505,2407.9,2434.5,2382.8,2416.8,66519.852
2025-02-25 23:46:43.505,2417.0,2442.6,2411.0,2420.3,36370.8465
2025-02-26 00:46:43.505,2420.6,2435.3,2402.6,2423.4,26468.6473
2025-02-26 01:46:43.505,2423.4,2472.9,2409.8,2470.2,33967.6182
2025-02-26 02:46:43.505,2470.3,2516.1,2456.3,2492.4,54697.4326
2025-02-26 03:46:43.505,2492.5,2513.3,2480.2,2512.2,23707.3423
2025-02-26 04:46:43.505,2512.6,2532.3,2497.6,2509.3,29244.8641
2025-02-26 05:46:43.505,2509.3,2520.8,2491.8,2493.7,24486.6054
2025-02-26 06:46:43.505,2494.1,2497.9,2470.1,2473.9,20523.0754
2025-02-26 07:46:43.505,2473.7,2490.0,2473.7,2485.1,13883.4282
2025-02-26 08:46:43.505,2485.1,2502.9,2475.4,2497.6,18129.9564
2025-02-26 09:46:43.505,2497.6,2506.1,2487.0,2490.0,18025.1408
2025-02-26 10:46:43.505,2489.4,2500.4,2485.3,2488.2,7769.3779
2025-02-26 11:46:43.505,2488.3,2494.3,2474.0,2475.2,9964.9708
2025-02-26 12:46:43.505,2474.6,2500.6,2474.5,2499.7,19255.2529
2025-02-26 13:46:43.505,2499.7,2504.8,2475.3,2482.0,16718.8127
2025-02-26 14:46:43.505,2482.3,2486.6,2457.1,2462.6,22203.7713
2025-02-26 15:46:43.505,2462.6,2493.3,2461.4,2489.2,21102.4631
2025-02-26 16:46:43.505,2489.1,2494.3,2477.5,2492.5,6286.8577
2025-02-26 17:46:43.505,2492.5,2494.3,2462.0,2463.2,16089.9789
2025-02-26 18:46:43.505,2462.9,2465.5,2421.9,2431.6,26730.3738
2025-02-26 19:46:43.505,2431.4,2438.9,2408.3,2415.0,17540.4727
2025-02-26 20:46:43.505,2415.2,2436.3,2369.0,2434.7,70949.8459
2025-02-26 21:46:43.505,2434.8,2460.3,2422.8,2427.5,41686.3028
2025-02-26 22:46:43.505,2427.4,2432.4,2384.5,2396.9,41058.5691
2025-02-26 23:46:43.505,2397.4,2406.6,2354.2,2365.1,38590.8418
2025-02-27 00:46:43.505,2365.3,2381.7,2268.6,2291.6,112389.7119
2025-02-27 01:46:43.505,2291.6,2317.7,2275.1,2294.5,107097.8234
2025-02-27 02:46:43.505,2294.6,2340.2,2253.9,2338.7,143720.6163
2025-02-27 03:46:43.505,2338.9,2355.0,2300.3,2341.1,101171.4692
2025-02-27 04:46:43.505,2341.1,2386.4,2341.1,2347.8,99031.9668
2025-02-27 05:46:43.505,2348.0,2361.2,2324.8,2335.3,47629.0626
2025-02-27 06:46:43.505,2335.4,2347.8,2318.6,2337.3,22449.084
2025-02-27 07:46:43.505,2337.2,2364.1,2315.9,2343.5,31459.7389
2025-02-27 08:46:43.505,2343.6,2369.0,2327.0,2333.1,21080.475
2025-02-27 09:46:43.505,2333.1,2346.8,2323.0,2331.7,12958.0605
2025-02-27 10:46:43.505,2331.7,2341.5,2302.9,2311.3,20764.5335
2025-02-27 11:46:43.505,2311.3,2346.0,2307.2,2341.0,30358.3923
2025-02-27 12:46:43.505,2341.6,2366.5,2333.6,2348.6,32949.6804
2025-02-27 13:46:43.505,2348.6,2373.1,2346.4,2356.4,12669.333
2025-02-27 14:46:43.505,2356.5,2361.2,2343.1,2352.0,8313.3574
2025-02-27 15:46:43.505,2352.0,2366.7,2346.4,2359.3,14485.3942
2025-02-27 16:46:43.505,2359.3,2378.5,2356.1,2378.2,9362.9913
2025-02-27 17:46:43.505,2378.2,2381.0,2346.4,2352.7,24248.7307
2025-02-27 18:46:43.505,2352.7,2360.5,2336.9,2346.1,23984.3216
2025-02-27 19:46:43.505,2345.9,2361.7,2325.9,2335.7,49712.061
2025-02-27 20:46:43.505,2335.4,2355.0,2304.0,2307.0,55186.2978
2025-02-27 21:46:43.505,2307.0,2335.4,2289.5,2323.2,57506.9377
2025-02-27 22:46:43.505,2323.1,2337.3,2290.4,2294.5,38127.6535
2025-02-27 23:46:43.505,2294.5,2326.6,2291.4,2321.6,36544.9107
2025-02-28 00:46:43.505,2321.2,2332.8,2318.8,2325.6,38139.7915
2025-02-28 01:46:43.505,2325.7,2326.1,2276.9,2290.8,68529.1281
2025-02-28 02:46:43.505,2290.7,2291.8,2240.0,2255.4,61004.8897
2025-02-28 03:46:43.505,2255.4,2283.8,2229.4,2281.5,71208.9478
2025-02-28 04:46:43.505,2281.7,2293.1,2263.8,2292.6,32227.3004
2025-02-28 05:46:43.505,2292.6,2311.3,2282.4,2307.3,36296.9534
2025-02-28 06:46:43.505,2307.4,2314.4,2294.5,2294.7,32006.0637
2025-02-28 07:46:43.505,2294.6,2299.6,2182.9,2193.1,140134.4972
2025-02-28 08:46:43.505,2192.6,2224.4,2120.1,2165.9,147835.9505
2025-02-28 09:46:43.505,2165.9,2194.4,2136.3,2145.9,64287.6221
2025-02-28 10:46:43.505,2145.9,2155.1,2095.0,2135.6,134068.6223
2025-02-28 11:46:43.505,2135.6,2139.8,2096.8,2129.8,93389.6345
2025-02-28 12:46:43.505,2129.7,2141.1,2076.2,2108.7,100128.8228
2025-02-28 13:46:43.505,2107.7,2134.8,2087.3,2105.1,71326.3334
2025-02-28 14:46:43.505,2105.0,2123.5,2072.5,2119.5,75695.2231
2025-02-28 15:46:43.505,2119.5,2150.0,2114.1,2142.2,42231.2391
2025-02-28 16:46:43.505,2142.8,2145.6,2111.2,2116.2,24402.7129
2025-02-28 17:46:43.505,2115.9,2140.7,2115.8,2125.0,23072.3307
2025-02-28 18:46:43.505,2125.0,2138.7,2103.9,2120.0,28531.9576
2025-02-28 19:46:43.505,2119.2,2161.6,2116.0,2151.1,59703.2371
2025-02-28 20:46:43.505,2150.7,2189.1,2137.1,2165.4,77459.2447
2025-02-28 21:46:43.505,2165.4,2226.3,2163.4,2221.6,72976.16
2025-02-28 22:46:43.505,2221.5,2244.9,2205.0,2221.1,50929.9443
2025-02-28 23:46:43.505,2221.2,2240.0,2206.9,2207.8,50733.909
2025-03-01 00:46:43.505,2207.8,2254.0,2192.1,2228.1,68287.4264
2025-03-01 01:46:43.505,2228.0,2237.6,2219.4,2229.0,23645.6492
2025-03-01 02:46:43.505,2228.9,2236.6,2197.1,2216.4,30463.4293
2025-03-01 03:46:43.505,2216.3,2233.3,2209.2,2223.9,12261.7844
2025-03-01 04:46:43.505,2224.0,2231.5,2207.8,2214.8,24073.9333
2025-03-01 05:46:43.505,2214.1,2238.0,2211.7,2235.6,27037.5737
2025-03-01 06:46:43.505,2235.7,2245.1,2214.2,2214.7,20736.6841
2025-03-01 07:46:43.505,2214.6,2262.7,2211.4,2252.0,40152.3979
2025-03-01 08:46:43.505,2252.0,2275.2,2238.3,2254.2,34276.4775
2025-03-01 09:46:43.505,2254.6,2269.3,2247.7,2261.7,17879.2097
2025-03-01 10:46:43.505,2261.4,2279.7,2257.0,2268.4,20153.4141
2025-03-01 11:46:43.505,2268.5,2269.5,2250.9,2254.1,9197.0123
2025-03-01 12:46:43.505,2254.8,2258.0,2229.5,2235.3,18949.5247
2025-03-01 13:46:43.505,2234.8,2234.8,2223.7,2227.5,14555.9194
2025-03-01 14:46:43.505,2227.6,2238.4,2225.6,2233.7,10445.0842
2025-03-01 15:46:43.505,2233.8,2237.8,2229.2,2232.2,16190.1921
2025-03-01 16:46:43.505,2232.2,2232.7,2198.4,2202.8,49927.022
2025-03-01 17:46:43.505,2202.8,2204.9,2169.9,2183.2,27235.2684
2025-03-01 18:46:43.505,2183.1,2185.8,2170.0,2179.7,11980.0076
2025-03-01 19:46:43.505,2179.8,2183.1,2141.0,2150.8,45868.8544
2025-03-01 20:46:43.505,2150.8,2165.9,2147.3,2161.7,16132.993
2025-03-01 21:46:43.505,2161.8,2182.0,2156.3,2171.5,37352.0614
2025-03-01 22:46:43.505,2171.6,2211.5,2167.6,2209.0,46423.8039
2025-03-01 23:46:43.505,2209.1,2209.1,2189.9,2195.8,15201.6759
2025-03-02 00:46:43.505,2195.8,2218.0,2192.4,2211.2,39134.5115
2025-03-02 01:46:43.505,2211.2,2233.4,2210.6,2222.6,35457.9942
2025-03-02 02:46:43.505,2222.6,2225.9,2214.5,2224.7,12670.2521
2025-03-02 03:46:43.505,2224.7,2233.4,2207.8,2229.2,15923.44
2025-03-02 04:46:43.505,2229.0,2235.8,2210.9,2214.7,44215.7828
2025-03-02 05:46:43.505,2214.8,2219.4,2187.9,2217.8,69122.5601
2025-03-02 06:46:43.505,2217.8,2224.0,2203.6,2215.4,20130.4541
2025-03-02 07:46:43.505,2215.4,2226.8,2209.5,2221.3,19153.8665
2025-03-02 08:46:43.505,2221.4,2228.6,2200.4,2209.6,39908.8368
2025-03-02 09:46:43.505,2209.6,2231.5,2209.6,2219.9,49377.7316
2025-03-02 10:46:43.505,2219.9,2235.6,2218.9,2226.8,23926.2702
2025-03-02 11:46:43.505,2226.9,2234.2,2223.5,2229.1,12130.347
2025-03-02 12:46:43.505,2229.2,2233.8,2217.5,2223.2,21326.1522
2025-03-02 13:46:43.505,2223.2,2226.9,2218.4,2221.2,9420.1964
2025-03-02 14:46:43.505,2221.3,2222.4,2207.2,2211.5,16502.6115
2025-03-02 15:46:43.505,2211.9,2255.2,2211.2,2242.5,29491.4207
2025-03-02 16:46:43.505,2242.4,2261.1,2240.3,2246.5,10522.4853
2025-03-02 17:46:43.505,2246.6,2248.1,2236.9,2239.5,7064.2089
2025-03-02 18:46:43.505,2239.5,2240.4,2222.6,2231.6,28826.3297
2025-03-02 19:46:43.505,2231.6,2231.6,2206.6,2212.4,12319.516
2025-03-02 20:46:43.505,2212.4,2214.2,2171.9,2197.0,87668.5989
2025-03-02 21:46:43.505,2197.0,2296.0,2197.0,2228.4,255026.4183
2025-03-02 22:46:43.505,2228.7,2500.0,2210.9,2444.8,305053.5328
2025-03-02 23:46:43.505,2444.8,2512.0,2393.6,2483.1,212606.8782
2025-03-03 00:46:43.505,2481.8,2515.8,2453.7,2474.2,102598.5889
2025-03-03 01:46:43.505,2474.2,2499.9,2465.6,2486.8,46619.57
2025-03-03 02:46:43.505,2486.7,2522.2,2480.3,2510.9,65702.7736
2025-03-03 03:46:43.505,2510.9,2540.0,2499.0,2525.8,49198.2867
2025-03-03 04:46:43.505,2525.7,2549.8,2507.5,2539.1,36710.2957
2025-03-03 05:46:43.505,2539.2,2553.2,2507.8,2517.8,49788.7177
2025-03-03 06:46:43.505,2518.1,2522.6,2463.9,2464.6,58606.7781
2025-03-03 07:46:43.505,2464.6,2475.1,2450.0,2458.3,37249.6127
2025-03-03 08:46:43.505,2458.4,2461.1,2418.7,2447.2,34347.266
2025-03-03 09:46:43.505,2447.3,2455.0,2424.4,2440.3,26737.4285
2025-03-03 10:46:43.505,2440.8,2453.2,2432.2,2450.5,22040.1742
2025-03-03 11:46:43.505,2450.7,2457.5,2440.3,2449.8,18171.6914
2025-03-03 12:46:43.505,2449.8,2449.9,2360.6,2372.4,40193.8548
2025-03-03 13:46:43.505,2372.3,2391.2,2352.9,2387.6,36212.4969
2025-03-03 14:46:43.505,2387.1,2387.5,2331.3,2344.2,27025.9856
2025-03-03 15:46:43.505,2344.3,2354.0,2321.4,2348.0,35349.8062
2025-03-03 16:46:43.505,2348.0,2365.2,2340.1,2359.5,18511.1787
2025-03-03 17:46:43.505,2359.4,2363.1,2344.1,2356.2,17572.359
2025-03-03 18:46:43.505,2356.2,2376.8,2352.1,2367.3,24311.4737
2025-03-03 19:46:43.505,2367.4,2388.0,2361.4,2376.9,29571.1682
2025-03-03 20:46:43.505,2376.9,2381.5,2269.7,2273.2,92089.9384
2025-03-03 21:46:43.505,2273.2,2309.0,2271.6,2287.1,56563.7791
2025-03-03 22:46:43.505,2287.4,2296.6,2256.9,2277.1,32712.61
2025-03-03 23:46:43.505,2277.1,2296.9,2265.6,2277.6,23659.7056
2025-03-04 00:46:43.505,2277.0,2280.6,2177.3,2193.9,105852.5154
2025-03-04 01:46:43.505,2193.9,2206.8,2098.8,2108.4,102165.6321
2025-03-04 02:46:43.505,2108.4,2138.7,2096.3,2127.8,69021.7642
2025-03-04 03:46:43.505,2127.7,2145.0,2102.3,2110.0,32574.4225
2025-03-04 04:46:43.505,2110.0,2173.4,2109.9,2166.0,50692.8276
2025-03-04 05:46:43.505,2166.0,2166.0,2141.5,2147.6,29347.7799
2025-03-04 06:46:43.505,2147.8,2165.4,2122.5,2123.5,52149.9726
2025-03-04 07:46:43.505,2123.5,2132.4,2023.7,2054.3,162996.5399
2025-03-04 08:46:43.505,2054.4,2081.2,2000.7,2066.0,107197.9762
2025-03-04 09:46:43.505,2065.9,2091.2,2052.3,2073.5,60952.0044
2025-03-04 10:46:43.505,2073.6,2092.7,2070.0,2080.1,30914.5345
2025-03-04 11:46:43.505,2080.1,2120.7,2077.4,2105.6,51487.3637
2025-03-04 12:46:43.505,2105.6,2110.6,2089.6,2096.5,31306.0
2025-03-04 13:46:43.505,2096.5,2102.3,2066.6,2078.9,20839.4456
2025-03-04 14:46:43.505,2078.9,2104.8,2070.0,2097.8,28168.6712
2025-03-04 15:46:43.505,2097.9,2110.2,2084.0,2085.9,24062.3758
2025-03-04 16:46:43.505,2085.8,2106.8,2076.6,2098.7,35971.2293
2025-03-04 17:46:43.505,2099.2,2116.9,2094.5,2099.9,19891.8227
2025-03-04 18:46:43.505,2098.9,2111.6,2081.5,2102.7,20174.1181
2025-03-04 19:46:43.505,2102.1,2102.1,2052.5,2063.2,44082.0245
2025-03-04 20:46:43.505,2063.1,2156.5,2041.4,2075.1,104437.69
2025-03-04 21:46:43.505,2075.2,2084.2,2024.4,2072.9,104364.7897
2025-03-04 22:46:43.505,2073.1,2075.9,1992.3,2060.5,90594.6392
2025-03-04 23:46:43.505,2060.6,2135.4,2057.8,2117.4,84719.9998
2025-03-05 00:46:43.505,2117.4,2153.3,2109.9,2147.7,49468.5156
2025-03-05 01:46:43.505,2147.7,2174.4,2139.7,2172.2,57450.1482
2025-03-05 02:46:43.505,2172.2,2192.8,2135.0,2137.1,39330.9869
2025-03-05 03:46:43.505,2137.7,2221.8,2125.8,2176.8,77232.5883
2025-03-05 04:46:43.505,2177.2,2187.1,2165.3,2165.5,18776.4964
2025-03-05 05:46:43.505,2165.4,2179.5,2157.1,2170.4,12659.9977
2025-03-05 06:46:43.505,2170.2,2175.4,2155.3,2164.2,19584.9342
2025-03-05 07:46:43.505,2164.1,2192.7,2154.7,2188.7,18297.3534
2025-03-05 08:46:43.505,2188.9,2189.9,2165.9,2178.4,20387.7126
2025-03-05 09:46:43.505,2178.3,2188.3,2158.8,2159.3,11365.8002
2025-03-05 10:46:43.505,2159.7,2174.3,2157.5,2171.6,9700.6734
2025-03-05 11:46:43.505,2172.0,2182.4,2169.3,2179.1,9679.0458
2025-03-05 12:46:43.505,2179.3,2195.0,2173.4,2189.6,12157.0559
2025-03-05 13:46:43.505,2189.6,2212.7,2187.2,2206.7,20281.7614
2025-03-05 14:46:43.505,2206.5,2225.6,2204.0,2213.2,7957.7784
2025-03-05 15:46:43.505,2213.2,2261.9,2211.9,2238.1,27581.3378
2025-03-05 16:46:43.505,2238.1,2272.9,2230.8,2237.1,31580.2287
2025-03-05 17:46:43.505,2237.3,2239.0,2208.7,2216.8,16344.6567
2025-03-05 18:46:43.505,2216.7,2232.7,2210.0,2216.4,20987.5951
2025-03-05 19:46:43.505,2216.3,2223.3,2192.6,2201.9,17813.3656
2025-03-05 20:46:43.505,2201.7,2205.6,2165.2,2170.0,46666.2702
2025-03-05 21:46:43.505,2170.0,2200.0,2170.0,2185.8,29321.2415
2025-03-05 22:46:43.505,2185.7,2197.3,2160.9,2190.5,18259.9043
2025-03-05 23:46:43.505,2189.6,2219.0,2181.2,2193.8,30418.4515
2025-03-06 00:46:43.505,2193.6,2207.6,2175.4,2204.2,21392.4154
2025-03-06 01:46:43.505,2204.2,2221.6,2200.7,2216.5,20464.8911
2025-03-06 02:46:43.505,2217.0,2233.7,2212.9,2229.7,16719.1302
2025-03-06 03:46:43.505,2229.8,2240.0,2218.2,2234.1,15587.6979
2025-03-06 04:46:43.505,2234.2,2241.0,2225.7,2236.6,7025.1208
2025-03-06 05:46:43.505,2236.7,2251.9,2229.4,2240.6,11495.2703
2025-03-06 06:46:43.505,2240.5,2256.5,2233.4,2236.6,14747.5902
2025-03-06 07:46:43.505,2236.6,2287.2,2233.6,2262.2,32378.376
2025-03-06 08:46:43.505,2262.5,2289.4,2261.0,2283.7,22472.8862
2025-03-06 09:46:43.505,2283.6,2294.5,2274.3,2288.7,13634.4498
2025-03-06 10:46:43.505,2289.0,2306.0,2274.4,2298.3,12412.6544
2025-03-06 11:46:43.505,2298.3,2319.3,2292.3,2312.5,15212.1331
2025-03-06 12:46:43.505,2312.6,2313.5,2289.2,2290.1,16728.3672
2025-03-06 13:46:43.505,2290.2,2300.5,2278.7,2284.5,21715.7842
2025-03-06 14:46:43.505,2284.6,2300.0,2278.4,2292.7,14117.685
2025-03-06 15:46:43.505,2292.3,2293.0,2276.0,2282.8,8656.4692
2025-03-06 16:46:43.505,2282.9,2304.2,2278.8,2292.9,5264.6863
2025-03-06 17:46:43.505,2292.9,2299.6,2282.5,2296.6,4657.1899
2025-03-06 18:46:43.505,2296.6,2297.4,2258.3,2266.4,16571.8778
2025-03-06 19:46:43.505,2266.4,2273.6,2242.5,2244.8,15450.6375
2025-03-06 20:46:43.505,2245.0,2256.4,2207.0,2223.4,46448.0045
2025-03-06 21:46:43.505,2223.4,2273.8,2220.8,2256.2,20803.1211
2025-03-06 22:46:43.505,2256.1,2263.9,2218.9,2220.7,23142.8836
2025-03-06 23:46:43.505,2220.7,2222.9,2175.0,2189.5,84414.6721
2025-03-07 00:46:43.505,2189.6,2204.9,2187.8,2200.7,40403.6381
2025-03-07 01:46:43.505,2200.6,2217.9,2179.1,2196.7,41814.3702
2025-03-07 02:46:43.505,2196.7,2212.1,2190.5,2199.4,23157.5875
2025-03-07 03:46:43.505,2198.6,2218.4,2196.5,2211.6,19089.3582
2025-03-07 04:46:43.505,2211.6,2226.0,2194.8,2210.0,62314.4333
2025-03-07 05:46:43.505,2210.0,2216.1,2200.4,2201.5,18887.5433
2025-03-07 06:46:43.505,2201.5,2223.4,2100.0,2117.0,175266.1834
2025-03-07 07:46:43.505,2117.0,2190.3,2107.5,2173.8,93855.0352
2025-03-07 08:46:43.505,2173.8,2184.8,2153.5,2153.6,53292.3698
2025-03-07 09:46:43.505,2153.6,2162.1,2145.0,2145.9,21969.4162
2025-03-07 10:46:43.505,2146.0,2163.7,2143.6,2154.0,16470.999
2025-03-07 11:46:43.505,2153.8,2183.4,2153.4,2173.4,12767.2722
2025-03-07 12:46:43.505,2173.5,2186.2,2164.4,2181.5,14155.3873
2025-03-07 13:46:43.505,2181.4,2192.3,2177.2,2192.0,9437.4806
2025-03-07 14:46:43.505,2191.9,2195.5,2176.2,2184.9,6062.4412
2025-03-07 15:46:43.505,2184.5,2209.8,2184.4,2192.4,9518.4582
2025-03-07 16:46:43.505,2192.4,2197.3,2184.7,2195.1,14202.3052
2025-03-07 17:46:43.505,2195.7,2207.0,2189.5,2196.0,10702.873
2025-03-07 18:46:43.505,2196.5,2198.0,2164.8,2177.8,12055.4335
2025-03-07 19:46:43.505,2177.7,2222.7,2177.5,2187.1,34618.7434
2025-03-07 20:46:43.505,2187.2,2256.4,2176.0,2220.6,62214.5074
2025-03-07 21:46:43.505,2220.6,2238.4,2180.1,2208.1,59882.6752
2025-03-07 22:46:43.505,2208.9,2214.6,2142.8,2157.1,51752.4093
2025-03-07 23:46:43.505,2157.2,2184.0,2140.3,2161.6,44894.7377
2025-03-08 00:46:43.505,2160.9,2199.9,2156.6,2193.7,27514.4278
2025-03-08 01:46:43.505,2193.7,2201.3,2160.3,2177.3,22331.173
2025-03-08 02:46:43.505,2177.3,2186.6,2144.5,2156.0,57339.6039
2025-03-08 03:46:43.505,2156.5,2162.7,2112.3,2138.2,89262.6914
2025-03-08 04:46:43.505,2138.2,2150.7,2116.0,2142.8,32110.8665
2025-03-08 05:46:43.505,2142.8,2143.3,2114.1,2140.0,29581.1489
2025-03-08 06:46:43.505,2140.0,2152.0,2128.7,2150.7,11071.8087
2025-03-08 07:46:43.505,2150.8,2154.9,2103.5,2131.8,33630.7183
2025-03-08 08:46:43.505,2131.9,2144.6,2130.0,2142.8,12022.4525
2025-03-08 09:46:43.505,2142.8,2142.8,2123.1,2136.5,12560.0159
2025-03-08 10:46:43.505,2136.5,2152.0,2130.4,2148.9,10092.3948
2025-03-08 11:46:43.505,2148.9,2149.1,2132.1,2139.2,9369.2885
2025-03-08 12:46:43.505,2139.5,2144.3,2131.7,2138.6,7916.5741
2025-03-08 13:46:43.505,2138.5,2147.0,2133.0,2136.9,5162.7915
2025-03-08 14:46:43.505,2136.8,2139.9,2125.5,2127.0,5701.4935
2025-03-08 15:46:43.505,2127.0,2142.4,2125.3,2129.1,7532.9752
2025-03-08 16:46:43.505,2129.1,2139.4,2126.6,2138.2,3521.6852
2025-03-08 17:46:43.505,2138.3,2141.1,2125.9,2140.2,5061.6138
2025-03-08 18:46:43.505,2140.5,2171.8,2137.0,2167.1,26010.7867
2025-03-08 19:46:43.505,2167.1,2196.8,2165.0,2189.0,16873.5709
2025-03-08 20:46:43.505,2188.8,2194.3,2173.8,2177.6,9214.1813
2025-03-08 21:46:43.505,2177.6,2190.0,2166.8,2180.0,14593.939
2025-03-08 22:46:43.505,2180.1,2197.2,2160.1,2188.7,23415.6394
2025-03-08 23:46:43.505,2188.6,2217.1,2179.0,2197.4,31949.145
2025-03-09 00:46:43.505,2197.4,2211.9,2192.7,2207.1,17268.956
2025-03-09 01:46:43.505,2207.0,2233.2,2200.2,2223.4,26262.2151
2025-03-09 02:46:43.505,2223.6,2224.7,2209.3,2211.2,13286.0654
2025-03-09 03:46:43.505,2211.2,2223.7,2211.2,2215.0,10493.9669
2025-03-09 04:46:43.505,2215.1,2216.8,2196.9,2206.6,21597.0759
2025-03-09 05:46:43.505,2206.1,2209.6,2192.0,2202.6,16633.5023
2025-03-09 06:46:43.505,2202.6,2208.6,2198.8,2205.5,7610.4786
2025-03-09 07:46:43.505,2205.5,2211.1,2186.4,2190.0,9359.8688
2025-03-09 08:46:43.505,2189.8,2192.9,2180.2,2180.8,7778.7749
2025-03-09 08:46:43.505,2180.8,2188.6,2174.1,2184.9,13148.2839
2025-03-09 09:46:43.505,2184.9,2190.0,2182.4,2188.7,5011.9225
2025-03-09 10:46:43.505,2188.6,2195.5,2179.0,2181.6,11315.5015
2025-03-09 11:46:43.505,2181.6,2183.6,2170.6,2178.4,13912.7545
2025-03-09 12:46:43.505,2178.3,2188.1,2177.2,2183.7,4740.5332
2025-03-09 13:46:43.505,2183.7,2186.5,2174.0,2174.9,5231.6212
2025-03-09 14:46:43.505,2174.8,2179.5,2158.9,2163.9,13450.5999
2025-03-09 15:46:43.505,2164.2,2168.8,2126.7,2132.8,25298.8354
2025-03-09 16:46:43.505,2132.4,2147.5,2131.0,2145.7,8902.5796
2025-03-09 17:46:43.505,2145.6,2145.7,2130.2,2139.7,11314.4859
2025-03-09 18:46:43.505,2140.0,2141.8,2102.2,2102.9,26493.5789
2025-03-09 19:46:43.505,2103.0,2123.6,2097.3,2116.5,41770.9641
2025-03-09 20:46:43.505,2116.4,2121.1,2084.5,2095.9,30097.9453
2025-03-09 21:46:43.505,2095.9,2108.3,2042.0,2047.7,73751.4906
2025-03-09 22:46:43.505,2047.7,2055.5,2012.9,2023.0,92418.7543
2025-03-09 23:46:43.505,2022.9,2038.2,1993.6,2019.8,86915.6694
2025-03-10 00:46:43.505,2019.8,2047.9,2015.5,2039.0,47370.204
2025-03-10 01:46:43.505,2038.9,2055.7,2035.7,2046.2,55772.6457
2025-03-10 02:46:43.505,2046.1,2049.4,2011.4,2022.7,76243.5181
2025-03-10 03:46:43.505,2022.9,2028.8,2003.5,2008.5,50871.5978
2025-03-10 04:46:43.505,2008.4,2031.3,1987.6,2019.2,57048.3632
2025-03-10 05:46:43.505,2019.1,2043.5,1993.4,2035.4,58091.6026
2025-03-10 06:46:43.505,2035.4,2052.8,2026.6,2042.0,38319.4233
2025-03-10 07:46:43.505,2042.3,2069.3,2035.6,2056.9,16681.0401
2025-03-10 08:46:43.505,2056.9,2064.6,2043.2,2057.1,10221.425
2025-03-10 09:46:43.505,2057.1,2075.8,2055.5,2071.7,12874.5372
2025-03-10 10:46:43.505,2071.8,2075.4,2060.0,2062.9,10692.7853
2025-03-10 11:46:43.505,2063.0,2066.8,2053.1,2065.6,13542.1668
2025-03-10 12:46:43.505,2065.8,2078.5,2062.4,2074.6,11586.7367
2025-03-10 13:46:43.505,2074.6,2076.3,2047.4,2063.0,49448.5657
2025-03-10 14:46:43.505,2063.0,2155.1,2061.9,2101.4,134628.4261
2025-03-10 15:46:43.505,2101.4,2105.8,2075.7,2099.0,33532.4965
2025-03-10 16:46:43.505,2099.2,2140.1,2097.8,2127.5,33779.926
2025-03-10 17:46:43.505,2127.6,2134.9,2104.4,2125.6,27093.8824
2025-03-10 18:46:43.505,2125.6,2129.4,2077.2,2083.2,68897.9457
2025-03-10 19:46:43.505,2082.8,2082.9,1995.3,2018.4,172131.5251
2025-03-10 20:46:43.505,2018.4,2043.2,2010.0,2016.5,76949.175
2025-03-10 21:46:43.505,2016.6,2024.0,1998.3,2003.6,62328.6453
2025-03-10 22:46:43.505,2003.4,2007.1,1905.0,1916.4,147388.5138
2025-03-10 23:46:43.505,1916.1,1937.5,1809.2,1821.1,178076.3975
2025-03-11 00:46:43.505,1821.1,1881.9,1807.5,1871.6,152012.0283
2025-03-11 01:46:43.505,1871.5,1881.4,1841.4,1868.6,70922.6984
2025-03-11 02:46:43.505,1868.6,1902.9,1860.5,1886.1,51700.2093
2025-03-11 03:46:43.505,1886.1,1889.4,1865.1,1879.2,28181.1838
2025-03-11 04:46:43.505,1879.2,1894.9,1858.5,1864.3,32069.6361
2025-03-11 05:46:43.505,1864.3,1889.8,1756.0,1813.6,166290.2626
2025-03-11 06:46:43.505,1813.5,1857.7,1771.2,1857.7,88299.2497
2025-03-11 07:46:43.505,1857.6,1876.8,1850.8,1859.0,54137.2331
2025-03-11 08:46:43.505,1858.5,1879.7,1846.2,1848.9,24549.2052
2025-03-11 09:46:43.505,1849.0,1877.9,1844.8,1868.1,25946.0367
2025-03-11 10:46:43.505,1868.2,1910.9,1865.4,1893.0,39568.2723
2025-03-11 11:46:43.505,1893.0,1904.8,1881.2,1884.2,15717.0898
2025-03-11 12:46:43.505,1883.9,1908.1,1882.3,1903.5,15211.9563
2025-03-11 13:46:43.505,1903.5,1918.4,1899.1,1906.6,25800.8671
2025-03-11 14:46:43.505,1906.7,1930.3,1905.1,1916.2,33436.6441
2025-03-11 15:46:43.505,1916.3,1927.6,1910.0,1920.7,20833.246
2025-03-11 16:46:43.505,1920.6,1925.3,1905.2,1912.6,24050.4082
2025-03-11 17:46:43.505,1913.0,1914.4,1887.0,1893.9,27058.9093
2025-03-11 18:46:43.505,1893.9,1958.1,1866.2,1901.9,113816.2628
2025-03-11 19:46:43.505,1902.0,1911.5,1838.7,1865.2,125524.6728
2025-03-11 20:46:43.505,1865.0,1924.8,1863.2,1912.3,61718.3511
2025-03-11 21:46:43.505,1912.6,1935.4,1897.9,1916.9,44971.5699
2025-03-11 22:46:43.505,1916.8,1917.1,1885.4,1903.4,32125.8131
2025-03-11 23:46:43.505,1903.5,1962.1,1903.4,1952.3,71244.3452
2025-03-12 00:46:43.505,1952.2,1961.9,1942.2,1951.9,41190.9408
2025-03-12 01:46:43.505,1951.7,1954.3,1935.2,1935.9,18676.5876
2025-03-12 02:46:43.505,1935.9,1950.0,1935.6,1939.6,16748.6506
2025-03-12 03:46:43.505,1939.5,1951.7,1936.0,1942.8,12032.5579
2025-03-12 04:46:43.505,1942.8,1943.7,1915.3,1922.5,23785.6654
2025-03-12 05:46:43.505,1922.5,1924.6,1904.7,1910.4,15727.0546
2025-03-12 06:46:43.505,1910.8,1931.9,1909.2,1919.6,13669.0253
2025-03-12 07:46:43.505,1919.8,1920.8,1886.0,1895.2,29373.7871
2025-03-12 08:46:43.505,1895.1,1897.7,1866.1,1867.3,18128.9296
2025-03-12 09:46:43.505,1867.6,1867.6,1851.1,1865.8,26241.2583
2025-03-12 10:46:43.505,1865.5,1880.0,1860.7,1877.7,11626.587
2025-03-12 11:46:43.505,1877.7,1878.2,1851.9,1872.8,39407.5292
2025-03-12 12:46:43.505,1872.8,1917.6,1872.1,1911.8,147361.321
2025-03-12 13:46:43.505,1911.8,1936.1,1872.4,1929.5,291916.0732
2025-03-12 14:46:43.505,1929.4,1970.0,1874.1,1893.7,426431.0127
2025-03-12 15:46:43.505,1893.8,1901.1,1883.0,1899.0,36221.3404
2025-03-12 16:46:43.505,1899.3,1918.5,1899.3,1916.0,37115.833
2025-03-12 17:46:43.505,1916.0,1943.1,1907.2,1928.6,127761.8351
2025-03-12 18:46:43.505,1927.9,1930.9,1876.7,1885.6,126164.5622
2025-03-12 19:46:43.505,1885.9,1894.3,1853.8,1859.3,145276.8938
2025-03-12 20:46:43.505,1859.3,1869.9,1827.1,1868.5,82548.0922
2025-03-12 21:46:43.505,1868.5,1883.1,1862.2,1871.0,44206.8009
2025-03-12 22:46:43.505,1871.0,1893.5,1864.5,1866.8,24418.4061
2025-03-12 23:46:43.505,1866.8,1886.4,1864.7,1877.4,18239.2784
2025-03-13 00:46:43.505,1877.3,1884.7,1866.1,1877.6,9042.603
2025-03-13 01:46:43.505,1877.6,1892.4,1873.2,1891.0,6746.0026
2025-03-13 02:46:43.505,1890.9,1905.0,1889.4,1893.1,9611.9864
2025-03-13 03:46:43.505,1893.4,1914.6,1893.3,1909.6,7310.7446
2025-03-13 04:46:43.505,1909.5,1910.1,1900.6,1907.3,3620.4989
2025-03-13 05:46:43.505,1907.1,1916.2,1896.0,1898.0,9663.8706
2025-03-13 06:46:43.505,1898.8,1912.6,1893.3,1906.1,20413.0561
2025-03-13 07:46:43.505,1906.2,1915.4,1888.0,1888.8,8990.2623
2025-03-13 08:46:43.505,1889.3,1899.9,1881.7,1885.6,5317.2841
2025-03-13 09:46:43.505,1885.6,1890.2,1868.1,1872.6,14027.0797
2025-03-13 10:46:43.505,1873.2,1880.0,1861.3,1866.7,7044.073
2025-03-13 11:46:43.505,1866.7,1870.5,1857.5,1868.3,7055.0906
2025-03-13 12:46:43.505,1868.3,1880.0,1868.1,1871.1,5658.3318
2025-03-13 13:46:43.505,1871.2,1879.6,1852.7,1874.7,17797.5969
2025-03-13 14:46:43.505,1875.4,1893.5,1875.4,1890.4,10639.0405
2025-03-13 15:46:43.505,1890.4,1904.3,1865.9,1899.9,87603.4662
2025-03-13 16:46:43.505,1899.7,1902.5,1887.5,1899.4,23028.2474
2025-03-13 17:46:43.505,1899.4,1919.8,1889.0,1895.4,30403.8931
2025-03-13 18:46:43.505,1895.5,1908.4,1865.5,1870.2,40468.4297
2025-03-13 19:46:43.505,1870.2,1896.4,1862.3,1883.8,35225.5976
2025-03-13 20:46:43.505,1883.7,1888.2,1866.1,1874.5,11735.1337
2025-03-13 21:46:43.505,1874.5,1876.8,1850.2,1856.6,38871.3295
2025-03-13 22:46:43.505,1856.6,1859.7,1820.8,1825.8,30224.2617
2025-03-13 23:46:43.505,1825.8,1853.2,1825.1,1850.9,22233.6258
2025-03-14 00:46:43.505,1850.9,1857.2,1837.7,1851.4,41558.4991
2025-03-14 01:46:43.505,1851.5,1859.2,1838.7,1842.1,37252.1461
2025-03-14 02:46:43.505,1842.1,1862.0,1839.8,1862.0,19412.6692
2025-03-14 03:46:43.505,1862.0,1881.4,1857.7,1879.2,19350.8021
2025-03-14 04:46:43.505,1879.2,1883.9,1860.2,1863.6,99208.3018
2025-03-14 05:46:43.505,1863.7,1878.7,1860.5,1873.6,12492.5834
2025-03-14 06:46:43.505,1873.7,1888.9,1868.0,1880.8,12180.895
2025-03-14 07:46:43.505,1880.8,1893.6,1879.4,1892.0,5046.3838
2025-03-14 08:46:43.505,1892.0,1892.7,1883.4,1888.6,6066.2305
2025-03-14 09:46:43.505,1888.6,1896.3,1888.2,1890.0,5489.267
2025-03-14 10:46:43.505,1890.1,1898.7,1887.0,1894.7,7248.1728
2025-03-14 11:46:43.505,1894.9,1895.6,1887.5,1894.5,4796.9019
2025-03-14 12:46:43.505,1894.2,1904.4,1887.6,1892.4,7560.2061
2025-03-14 13:46:43.505,1892.5,1902.0,1890.4,1894.2,7822.476
2025-03-14 14:46:43.505,1894.3,1897.9,1891.0,1893.7,8287.5522
2025-03-14 15:46:43.505,1893.8,1907.6,1888.4,1897.1,7046.5057
2025-03-14 16:46:43.505,1897.3,1905.8,1897.3,1901.5,7847.6782
2025-03-14 17:46:43.505,1901.3,1907.6,1894.6,1901.6,8769.5076
2025-03-14 18:46:43.505,1901.8,1914.0,1891.7,1903.3,23994.6835
2025-03-14 19:46:43.505,1903.4,1922.9,1880.8,1918.7,41446.4941
2025-03-14 20:46:43.505,1918.8,1940.4,1915.0,1920.4,27009.033
2025-03-14 21:46:43.505,1920.9,1937.1,1912.6,1935.4,15112.5473
2025-03-14 22:46:43.505,1935.4,1938.8,1926.5,1934.0,7865.5589
2025-03-14 23:46:43.505,1934.0,1944.6,1926.1,1933.8,9922.3526
2025-03-15 00:46:43.505,1934.2,1944.6,1930.0,1932.8,13863.9205
2025-03-15 01:46:43.505,1932.7,1933.9,1915.1,1923.8,13500.9891
2025-03-15 02:46:43.505,1923.8,1924.7,1915.2,1921.3,12430.4523
2025-03-15 03:46:43.505,1921.2,1929.2,1919.2,1925.8,6753.5109
2025-03-15 04:46:43.505,1925.9,1925.9,1907.6,1910.4,9379.7479
2025-03-15 05:46:43.505,1910.1,1916.7,1908.6,1914.5,3678.3964
2025-03-15 06:46:43.505,1914.4,1919.2,1902.3,1910.2,5732.477
2025-03-15 07:46:43.505,1910.3,1915.0,1903.1,1912.7,4469.323
2025-03-15 08:46:43.505,1912.9,1922.1,1911.8,1919.5,4702.9474
2025-03-15 09:46:43.505,1919.6,1933.8,1915.0,1930.8,7788.9664
2025-03-15 10:46:43.505,1931.1,1932.0,1924.4,1927.8,6485.2829
2025-03-15 11:46:43.505,1927.7,1929.9,1922.1,1928.1,8657.53
2025-03-15 12:46:43.505,1927.8,1928.6,1913.6,1917.0,9472.8049
2025-03-15 13:46:43.505,1916.9,1920.5,1911.8,1920.5,2863.5365
2025-03-15 14:46:43.505,1920.5,1925.3,1913.0,1924.8,6961.3305
2025-03-15 15:46:43.505,1924.8,1928.1,1918.9,1926.5,2720.6542
2025-03-15 16:46:43.505,1926.5,1930.9,1925.0,1927.9,2601.2111
2025-03-15 17:46:43.505,1927.8,1930.7,1922.1,1922.1,5776.6959
2025-03-15 18:46:43.505,1922.0,1932.7,1921.9,1930.1,3710.1433
2025-03-15 19:46:43.505,1930.0,1930.0,1922.2,1925.6,4344.92
2025-03-15 20:46:43.505,1925.7,1938.6,1925.5,1936.6,6277.9509
2025-03-15 21:46:43.505,1937.0,1943.6,1932.4,1937.0,5921.3033
2025-03-15 22:46:43.505,1937.0,1945.9,1934.1,1939.7,9343.1452
2025-03-15 23:46:43.505,1939.6,1944.7,1929.6,1931.9,6014.1574
2025-03-16 00:46:43.505,1931.9,1937.0,1927.9,1936.3,4548.8814
2025-03-16 01:46:43.505,1936.2,1949.0,1936.2,1942.9,9408.3605
2025-03-16 02:46:43.505,1942.9,1955.9,1939.1,1950.0,7679.2793
2025-03-16 03:46:43.505,1950.0,1953.7,1938.5,1943.0,5788.5226
2025-03-16 04:46:43.505,1943.0,1944.1,1935.5,1936.3,2939.1675
2025-03-16 05:46:43.505,1936.4,1939.9,1930.4,1931.0,8459.3704
2025-03-16 06:46:43.505,1931.0,1933.3,1919.1,1921.7,8850.6186
2025-03-16 07:46:43.505,1921.6,1926.6,1915.3,1920.8,9013.1653
2025-03-16 08:46:43.505,1920.8,1928.9,1920.3,1926.2,1292.8809
2025-03-16 09:46:43.505,1926.3,1928.0,1922.3,1925.5,3205.0206
2025-03-16 10:46:43.505,1925.6,1932.6,1924.5,1931.3,3526.4813
2025-03-16 11:46:43.505,1931.3,1932.8,1926.6,1926.7,1322.3255
2025-03-16 12:46:43.505,1926.7,1927.6,1920.5,1924.9,4449.7353
2025-03-16 13:46:43.505,1925.0,1925.8,1916.9,1921.5,3009.8439
2025-03-16 14:46:43.505,1921.6,1922.0,1904.7,1906.6,9865.8118
2025-03-16 15:46:43.505,1906.4,1912.6,1902.6,1904.0,6052.153
2025-03-16 16:46:43.505,1904.2,1904.2,1866.2,1872.6,19290.495
2025-03-16 17:46:43.505,1872.6,1887.5,1872.6,1879.8,5718.6396
2025-03-16 18:46:43.505,1879.6,1893.0,1872.8,1878.1,13588.0337
2025-03-16 19:46:43.505,1878.2,1895.5,1877.8,1895.4,9991.9309
2025-03-16 20:46:43.505,1895.5,1897.0,1886.9,1894.0,2848.3179
2025-03-16 21:46:43.505,1893.9,1920.8,1892.5,1905.4,20316.8991
2025-03-16 22:46:43.505,1905.3,1915.3,1902.8,1909.0,7723.7761
2025-03-16 23:46:43.505,1908.9,1909.5,1890.0,1894.3,38538.2897
2025-03-17 00:46:43.505,1894.3,1895.2,1861.0,1879.7,25735.3048
2025-03-17 01:46:43.505,1881.3,1894.6,1880.4,1894.0,32519.2527
2025-03-17 02:46:43.505,1893.7,1896.9,1883.2,1888.1,14081.5951
2025-03-17 03:46:43.505,1888.0,1889.9,1873.0,1873.2,11521.195
2025-03-17 04:46:43.505,1873.2,1887.6,1868.5,1886.0,8672.9081
2025-03-17 05:46:43.505,1886.2,1904.6,1885.6,1900.8,18137.7119
2025-03-17 06:46:43.505,1901.2,1909.7,1895.5,1902.3,14238.1994
2025-03-17 07:46:43.505,1902.2,1911.5,1900.2,1906.6,3143.4715
2025-03-17 08:46:43.505,1906.9,1914.1,1905.5,1908.0,4340.5065
2025-03-17 09:46:43.505,1908.0,1911.8,1901.4,1903.8,2899.5148
2025-03-17 10:46:43.505,1903.8,1903.9,1892.7,1892.7,4000.6615
2025-03-17 11:46:43.505,1892.8,1898.1,1878.8,1891.8,9444.6638
2025-03-17 12:46:43.505,1891.9,1901.9,1890.6,1899.5,6196.3661
2025-03-17 13:46:43.505,1899.8,1904.0,1891.5,1902.6,5054.0637
2025-03-17 14:46:43.505,1902.6,1911.7,1899.6,1911.5,7501.8922
2025-03-17 15:46:43.505,1911.5,1917.0,1906.7,1912.0,11226.3156
2025-03-17 16:46:43.505,1912.0,1915.7,1907.0,1909.4,8079.9832
2025-03-17 17:46:43.505,1909.4,1933.2,1901.6,1906.8,23896.8186
2025-03-17 18:46:43.505,1906.7,1912.5,1892.8,1897.5,19538.708
2025-03-17 19:46:43.505,1897.5,1910.9,1887.2,1898.1,20469.0248
2025-03-17 20:46:43.505,1898.4,1921.7,1892.7,1917.9,20314.0965
2025-03-17 21:46:43.505,1917.9,1924.2,1906.4,1913.1,14912.9516
2025-03-17 22:46:43.505,1913.0,1934.1,1911.0,1929.4,10188.2796
2025-03-17 23:46:43.505,1929.5,1950.0,1928.8,1947.6,19007.7995
2025-03-18 00:46:43.505,1947.7,1951.1,1939.1,1941.0,15575.9793
2025-03-18 01:46:43.505,1941.1,1941.3,1930.0,1934.0,15518.3451
2025-03-18 02:46:43.505,1934.1,1948.0,1932.3,1940.2,7542.8598
2025-03-18 03:46:43.505,1940.2,1941.8,1930.6,1930.8,4641.035
2025-03-18 04:46:43.505,1931.1,1931.1,1920.0,1924.8,12270.7607
2025-03-18 05:46:43.505,1924.9,1928.8,1917.2,1920.5,4651.764
2025-03-18 06:46:43.505,1921.1,1923.4,1898.8,1902.2,9847.531
2025-03-18 07:46:43.505,1902.3,1916.8,1901.8,1910.6,20110.8098
2025-03-18 08:46:43.505,1910.6,1910.6,1896.2,1900.7,18095.1504
2025-03-18 09:46:43.505,1900.2,1907.7,1898.8,1903.1,8012.5703
2025-03-18 10:46:43.505,1902.9,1909.1,1902.9,1906.5,5144.8381
2025-03-18 11:46:43.505,1906.4,1906.5,1892.9,1897.3,9769.2679
2025-03-18 12:46:43.505,1897.3,1908.4,1896.3,1904.1,10452.6472
2025-03-18 13:46:43.505,1903.9,1912.1,1900.5,1908.3,5044.9389
2025-03-18 14:46:43.505,1908.2,1911.4,1899.4,1900.0,8618.223
2025-03-18 15:46:43.505,1900.0,1901.7,1885.0,1894.3,16863.5669
2025-03-18 16:46:43.505,1894.3,1897.9,1887.9,1891.6,8228.5014
2025-03-18 17:46:43.505,1891.3,1899.9,1888.4,1895.3,9968.0531
2025-03-18 18:46:43.505,1895.3,1902.5,1871.4,1878.9,22172.2945
2025-03-18 19:46:43.505,1878.8,1896.5,1873.9,1894.6,24673.1193
2025-03-18 20:46:43.505,1894.5,1896.0,1877.1,1879.8,22116.6219
2025-03-18 21:46:43.505,1879.8,1890.6,1876.0,1886.7,7707.5176
2025-03-18 22:46:43.505,1886.7,1888.7,1873.7,1876.1,10981.8838
2025-03-18 23:46:43.505,1876.2,1891.4,1872.7,1889.6,10423.9744
2025-03-19 00:46:43.505,1889.5,1908.0,1887.6,1904.1,18084.2316
2025-03-19 01:46:43.505,1903.9,1908.6,1898.1,1906.0,6926.0717
2025-03-19 02:46:43.505,1906.0,1914.2,1905.4,1911.4,14617.9855
2025-03-19 03:46:43.505,1911.3,1920.0,1908.4,1917.9,12773.8125
2025-03-19 04:46:43.505,1917.7,1935.8,1917.7,1931.5,16767.9481
2025-03-19 05:46:43.505,1931.2,1948.2,1929.1,1945.0,17202.4268
2025-03-19 06:46:43.505,1945.0,1946.8,1931.2,1931.2,6001.7816
2025-03-19 07:46:43.505,1931.2,1934.9,1927.3,1933.2,13419.4943
2025-03-19 08:46:43.505,1933.3,1938.9,1930.0,1938.1,7111.5032
2025-03-19 09:46:43.505,1938.2,1939.9,1930.1,1932.9,7072.3486
2025-03-19 10:46:43.505,1933.1,1940.0,1931.8,1939.0,4276.0847
2025-03-19 11:46:43.505,1939.0,1942.7,1934.1,1938.8,8951.7347
2025-03-19 12:46:43.505,1938.8,1939.7,1930.6,1930.8,7734.1529
2025-03-19 13:46:43.505,1931.6,1944.4,1931.4,1940.3,8656.9434
2025-03-19 14:46:43.505,1940.3,1946.1,1937.7,1943.7,17537.3926
2025-03-19 15:46:43.505,1943.9,1985.5,1942.5,1973.4,39887.5859
2025-03-19 16:46:43.505,1973.4,2033.0,1973.4,2027.9,44953.8887
2025-03-19 17:46:43.505,2027.8,2027.9,1995.0,2003.7,22597.9539
2025-03-19 18:46:43.505,2003.7,2022.3,1997.7,2016.4,28127.5482
2025-03-19 19:46:43.505,2016.5,2040.5,2016.2,2030.6,22843.6461
2025-03-19 20:46:43.505,2030.7,2056.7,2026.0,2048.7,30206.2723
2025-03-19 21:46:43.505,2048.7,2049.2,2035.3,2047.4,22198.4803
2025-03-19 22:46:43.505,2047.4,2048.9,2014.3,2026.1,35909.8007
2025-03-19 23:46:43.505,2026.1,2059.9,1998.0,2045.0,84148.3569
2025-03-20 00:46:43.505,2045.1,2052.1,2020.1,2029.7,38921.5619
2025-03-20 01:46:43.505,2030.0,2044.8,2027.4,2033.1,15247.1608
2025-03-20 02:46:43.505,2033.1,2045.8,2032.8,2040.0,10117.7495
2025-03-20 03:46:43.505,2039.8,2057.3,2035.5,2049.0,14339.4957
2025-03-20 04:46:43.505,2048.9,2069.1,2041.5,2055.6,17924.3482
2025-03-20 05:46:43.505,2055.8,2067.2,2028.1,2032.4,19859.1673
2025-03-20 06:46:43.505,2032.3,2040.7,2021.6,2025.8,21119.3653
2025-03-20 07:46:43.505,2025.8,2033.3,2022.5,2032.5,9209.9706
2025-03-20 08:46:43.505,2032.6,2033.8,2018.8,2021.8,4673.3899
2025-03-20 09:46:43.505,2021.8,2024.6,2017.3,2020.5,7976.2873
2025-03-20 10:46:43.505,2020.5,2021.5,2011.5,2016.8,13894.077
2025-03-20 11:46:43.505,2016.9,2021.0,2006.5,2011.7,7374.9256
2025-03-20 12:46:43.505,2011.9,2014.9,2004.2,2006.6,5399.7262
2025-03-20 13:46:43.505,2006.7,2020.0,2003.0,2018.5,9225.7774
2025-03-20 14:46:43.505,2018.5,2018.5,2003.0,2004.9,6030.608
2025-03-20 15:46:43.505,2005.0,2005.3,1971.5,1981.3,39861.9042
2025-03-20 16:46:43.505,1981.4,1992.8,1981.4,1988.0,9136.9044
2025-03-20 17:46:43.505,1988.1,1997.7,1984.0,1995.8,12555.99
2025-03-20 18:46:43.505,1995.8,1997.6,1977.7,1986.1,17570.3728
2025-03-20 19:46:43.505,1985.4,2010.0,1984.9,2002.4,31388.7768
2025-03-20 20:46:43.505,2002.4,2003.1,1965.5,1971.6,46490.5477
2025-03-20 21:46:43.505,1971.2,1978.8,1951.6,1957.8,26387.9453
2025-03-20 22:46:43.505,1957.9,1973.0,1957.2,1970.0,25532.6094
2025-03-20 23:46:43.505,1970.0,1977.8,1966.3,1966.8,17539.6333
2025-03-21 00:46:43.505,1966.8,1978.4,1966.2,1973.7,16881.5488
2025-03-21 01:46:43.505,1973.6,1982.1,1970.3,1979.2,11774.8758
2025-03-21 02:46:43.505,1979.2,1984.4,1974.3,1976.1,12641.2419
2025-03-21 03:46:43.505,1976.1,1981.3,1972.0,1975.8,5884.093
2025-03-21 04:46:43.505,1975.8,1983.1,1971.6,1982.9,4009.1775
2025-03-21 05:46:43.505,1983.0,1993.5,1980.8,1990.7,7766.6649
2025-03-21 06:46:43.505,1990.6,1996.5,1983.6,1994.2,11917.2961
2025-03-21 07:46:43.505,1993.8,1994.8,1983.9,1986.6,7060.0555
2025-03-21 08:46:43.505,1986.8,1987.3,1972.0,1977.5,9703.9042
2025-03-21 09:46:43.505,1977.4,1989.4,1977.4,1982.7,14247.8334
2025-03-21 10:46:43.505,1982.6,1982.6,1967.1,1973.3,8149.3661
2025-03-21 11:46:43.505,1973.2,1978.0,1967.2,1972.8,11215.4324
2025-03-21 12:46:43.505,1972.9,1976.7,1964.3,1975.7,18037.6951
2025-03-21 13:46:43.505,1975.9,1981.4,1963.5,1974.2,17000.4268
2025-03-21 14:46:43.505,1974.1,1978.6,1966.5,1968.0,11415.6808
2025-03-21 15:46:43.505,1968.1,1972.2,1955.9,1966.7,15431.9299
2025-03-21 16:46:43.505,1966.8,1968.0,1960.6,1965.9,5313.9371
2025-03-21 17:46:43.505,1965.7,1973.2,1937.0,1944.9,24050.4242
2025-03-21 18:46:43.505,1944.8,1954.8,1935.5,1951.7,25392.7782
2025-03-21 19:46:43.505,1951.6,1954.4,1937.1,1953.7,25290.5322
2025-03-21 20:46:43.505,1953.8,1957.9,1945.2,1949.6,29175.9044
2025-03-21 21:46:43.505,1949.7,1967.6,1945.8,1966.2,33468.4083
2025-03-21 22:46:43.505,1966.2,1972.0,1960.4,1967.9,11273.3294
2025-03-21 23:46:43.505,1968.0,1975.9,1962.2,1969.1,13478.6798
2025-03-22 00:46:43.505,1969.1,1976.7,1966.3,1972.9,9016.1032
2025-03-22 01:46:43.505,1973.0,1977.7,1971.9,1973.9,6781.9331
2025-03-22 02:46:43.505,1974.0,1982.4,1971.0,1973.1,8668.7384
2025-03-22 03:46:43.505,1973.1,1973.9,1961.4,1965.4,8186.6876
2025-03-22 04:46:43.505,1965.4,1969.6,1963.4,1964.7,4123.1037
2025-03-22 05:46:43.505,1964.9,1982.3,1963.7,1980.0,12906.024
2025-03-22 06:46:43.505,1980.1,1986.5,1972.3,1973.9,21452.1146
2025-03-22 07:46:43.505,1973.9,1984.7,1972.7,1981.9,4101.275
2025-03-22 08:46:43.505,1981.9,1986.0,1978.2,1985.1,10359.2734
2025-03-22 09:46:43.505,1985.2,1990.3,1984.9,1988.5,5374.2219
2025-03-22 10:46:43.505,1988.5,1988.8,1983.2,1987.2,9604.2856
2025-03-22 11:46:43.505,1987.2,1992.5,1985.1,1987.6,14070.4481
2025-03-22 12:46:43.505,1987.6,1989.9,1982.4,1983.2,16635.5825
2025-03-22 13:46:43.505,1983.2,1989.3,1981.1,1987.6,6743.7831
2025-03-22 14:46:43.505,1987.6,2006.2,1987.5,1993.1,42285.4027
2025-03-22 15:46:43.505,1993.4,1999.2,1992.5,1995.6,4960.8098
2025-03-22 16:46:43.505,1995.6,1996.5,1987.0,1989.9,8616.964
2025-03-22 17:46:43.505,1989.7,1995.4,1987.7,1994.2,9032.1011
2025-03-22 18:46:43.505,1994.1,1996.6,1984.5,1989.4,13766.8286
2025-03-22 19:46:43.505,1989.5,1992.0,1982.6,1983.4,16383.0568
2025-03-22 20:46:43.505,1983.3,1987.4,1980.2,1985.5,11633.823
2025-03-22 21:46:43.505,1985.5,1988.8,1981.4,1984.0,4886.0449
2025-03-22 22:46:43.505,1984.0,1993.7,1984.0,1991.7,8034.5902
2025-03-22 23:46:43.505,1991.7,1998.3,1990.1,1994.5,7505.5637
2025-03-23 00:46:43.505,1994.6,1997.5,1992.8,1995.1,5172.2615
2025-03-23 01:46:43.505,1995.0,2003.0,1992.4,1992.6,10306.1207
2025-03-23 02:46:43.505,1992.4,1994.0,1982.9,1985.2,6476.0318
2025-03-23 03:46:43.505,1985.1,1989.3,1983.1,1984.1,3381.2359
2025-03-23 04:46:43.505,1983.7,1984.8,1974.0,1979.6,8092.0598
2025-03-23 05:46:43.505,1979.6,1985.6,1975.5,1984.4,5091.8545
2025-03-23 06:46:43.505,1984.4,1997.9,1983.7,1997.7,11936.158
2025-03-23 07:46:43.505,1997.2,2002.4,1992.4,2000.9,8298.9799
2025-03-23 08:46:43.505,2001.0,2008.4,1995.5,2007.5,16712.3873
2025-03-23 09:46:43.505,2007.5,2007.7,1997.7,1998.9,15614.6904
2025-03-23 10:46:43.505,1998.9,2000.6,1991.3,1998.9,12514.5493
2025-03-23 11:46:43.505,1998.9,2004.9,1996.8,2002.0,6529.8625
2025-03-23 12:46:43.505,2002.1,2018.9,2001.0,2007.4,7280.0409
2025-03-23 13:46:43.505,2007.8,2016.0,2005.2,2009.2,4520.4726
2025-03-23 14:46:43.505,2009.3,2015.7,2009.3,2014.0,6484.0402
2025-03-23 15:46:43.505,2014.0,2019.9,2011.4,2012.8,11498.7774
2025-03-23 16:46:43.505,2012.9,2019.6,2002.2,2007.4,10101.1889
2025-03-23 17:46:43.505,2007.4,2013.0,2006.1,2009.2,7443.73
2025-03-23 18:46:43.505,2009.3,2019.9,2004.4,2018.2,24602.6828
2025-03-23 19:46:43.505,2018.3,2020.0,2002.1,2004.1,27883.0359
2025-03-23 20:46:43.505,2004.1,2011.7,2003.2,2006.5,8700.9909
2025-03-23 21:46:43.505,2006.6,2007.6,1995.7,1996.9,20832.9027
2025-03-23 22:46:43.505,1996.9,2002.2,1986.5,1992.1,12063.283
2025-03-23 23:46:43.505,1992.0,1998.7,1989.8,1996.5,5404.2162
2025-03-24 00:46:43.505,1996.4,1997.3,1992.3,1995.6,6495.266
2025-03-24 01:46:43.505,1995.5,1999.9,1991.6,1991.7,6093.0445
2025-03-24 02:46:43.505,1991.6,1995.5,1985.8,1994.4,11473.6354
2025-03-24 03:46:43.505,1994.2,1997.6,1979.4,1986.7,21993.5623
2025-03-24 04:46:43.505,1986.7,2006.0,1986.7,2005.4,11374.9681
2025-03-24 05:46:43.505,2005.5,2020.0,1996.1,1997.6,41818.4185
2025-03-24 06:46:43.505,1997.5,1997.5,1976.2,1979.2,54405.0254
2025-03-24 07:46:43.505,1979.2,1992.5,1977.4,1991.4,10942.574
2025-03-24 08:46:43.505,1991.0,2016.2,1989.3,2014.0,43549.9473
2025-03-24 09:46:43.505,2014.0,2042.0,2013.8,2038.9,33274.6304
2025-03-24 10:46:43.505,2038.9,2053.7,2038.2,2047.6,24427.0853
2025-03-24 11:46:43.505,2047.6,2072.4,2047.6,2065.4,29900.7068
2025-03-24 12:46:43.505,2065.2,2078.2,2065.1,2068.1,12319.7088
2025-03-24 13:46:43.505,2068.1,2095.3,2068.1,2089.7,19951.9384
2025-03-24 14:46:43.505,2089.6,2094.6,2084.1,2093.6,10262.2742
2025-03-24 15:46:43.505,2093.4,2097.9,2087.3,2092.6,7668.6173
2025-03-24 16:46:43.505,2093.3,2102.0,2086.4,2091.1,12627.3279
2025-03-24 17:46:43.505,2091.4,2094.2,2077.4,2083.1,20571.5136
2025-03-24 18:46:43.505,2083.0,2086.5,2072.5,2081.3,15520.305
2025-03-24 19:46:43.505,2081.3,2101.5,2076.3,2079.9,29372.1657
2025-03-24 20:46:43.505,2079.8,2090.0,2073.8,2089.0,14460.1789
2025-03-24 21:46:43.505,2089.0,2092.0,2067.0,2078.6,18549.8002
2025-03-24 22:46:43.505,2078.3,2091.8,2076.3,2087.4,8493.235
2025-03-24 23:46:43.505,2087.4,2100.2,2080.5,2096.4,13242.9497
2025-03-25 00:46:43.505,2096.5,2097.0,2084.0,2087.5,15298.3511
2025-03-25 01:46:43.505,2087.6,2094.4,2081.5,2084.4,4520.1368
2025-03-25 02:46:43.505,2084.3,2091.0,2079.5,2082.3,6787.5046
2025-03-25 03:46:43.505,2082.3,2086.2,2075.0,2076.2,5523.8278
2025-03-25 04:46:43.505,2076.2,2082.2,2067.1,2080.1,11436.6723
2025-03-25 05:46:43.505,2080.0,2097.1,2076.4,2085.6,10997.9903
2025-03-25 06:46:43.505,2085.2,2085.2,2055.5,2063.7,12922.4345
2025-03-25 07:46:43.505,2064.2,2068.9,2061.2,2062.1,8770.0527
2025-03-25 08:46:43.505,2061.6,2064.4,2040.9,2042.2,15245.5113
2025-03-25 09:46:43.505,2042.2,2049.2,2036.6,2045.3,11111.0938
2025-03-25 10:46:43.505,2045.1,2050.8,2039.8,2047.6,12317.2218
2025-03-25 11:46:43.505,2047.7,2059.5,2046.8,2054.7,16142.3728
2025-03-25 12:46:43.505,2054.8,2065.0,2050.0,2055.0,19793.3003
2025-03-25 13:46:43.505,2055.0,2063.2,2052.9,2060.3,15179.1375
2025-03-25 14:46:43.505,2060.4,2074.2,2056.5,2069.4,10640.8594
2025-03-25 15:46:43.505,2069.4,2074.7,2062.2,2070.1,12701.4141
2025-03-25 16:46:43.505,2070.1,2072.9,2065.1,2067.7,11273.7207
2025-03-25 17:46:43.505,2067.7,2069.2,2056.1,2058.7,11827.7772
2025-03-25 18:46:43.505,2058.6,2079.3,2051.1,2060.3,33741.3957
2025-03-25 19:46:43.505,2060.9,2079.4,2053.2,2075.9,32005.2583
2025-03-25 20:46:43.505,2075.9,2079.0,2064.6,2066.9,23189.5089
2025-03-25 21:46:43.505,2066.8,2074.9,2058.6,2067.4,22034.5357
2025-03-25 22:46:43.505,2068.1,2082.7,2068.1,2075.6,19391.9408
2025-03-25 23:46:43.505,2075.5,2075.9,2055.4,2061.6,18515.531
2025-03-26 00:46:43.505,2061.5,2078.0,2061.4,2074.5,8337.8348
2025-03-26 01:46:43.505,2074.4,2081.9,2062.4,2063.9,13831.3806
2025-03-26 02:46:43.505,2063.9,2076.2,2061.5,2062.6,10351.9158
2025-03-26 03:46:43.505,2062.5,2066.9,2053.1,2061.5,16128.4419
2025-03-26 04:46:43.505,2061.5,2069.0,2056.1,2065.3,4268.3119
2025-03-26 05:46:43.505,2065.3,2075.9,2060.5,2070.5,19189.6578
2025-03-26 06:46:43.505,2070.5,2077.8,2065.5,2072.9,15931.4961
2025-03-26 07:46:43.505,2073.0,2073.5,2045.6,2047.4,22645.2577
2025-03-26 08:46:43.505,2047.4,2054.2,2041.5,2047.9,12599.3865
2025-03-26 09:46:43.505,2048.0,2055.9,2046.8,2051.7,8874.7701
2025-03-26 10:46:43.505,2051.6,2066.8,2049.0,2058.1,17447.3147
2025-03-26 11:46:43.505,2058.4,2068.4,2056.0,2066.9,5380.4513
2025-03-26 12:46:43.505,2066.5,2070.7,2062.5,2068.6,3673.7147
2025-03-26 13:46:43.505,2068.7,2071.6,2060.9,2062.9,8016.6061
2025-03-26 14:46:43.505,2063.0,2064.6,2056.6,2061.9,7914.7835
2025-03-26 15:46:43.505,2061.9,2075.6,2061.6,2072.5,14398.0125
2025-03-26 16:46:43.505,2072.5,2074.3,2066.1,2067.6,5859.7787
2025-03-26 17:46:43.505,2067.7,2069.6,2057.7,2063.5,17835.2433
2025-03-26 18:46:43.505,2063.6,2063.8,2025.8,2027.2,31916.78
2025-03-26 19:46:43.505,2027.2,2036.7,2005.6,2017.2,37596.7004
2025-03-26 20:46:43.505,2017.2,2020.6,2008.1,2011.8,18790.2175
2025-03-26 21:46:43.505,2011.5,2021.3,2006.6,2013.8,12692.8961
2025-03-26 22:46:43.505,2013.4,2016.0,2002.0,2005.0,17285.3105
2025-03-26 23:46:43.505,2004.9,2012.8,1991.0,1993.7,19321.5869
2025-03-27 00:46:43.505,1993.7,2004.1,1980.4,1999.2,22073.3974
2025-03-27 01:46:43.505,1999.0,2016.6,1998.3,2009.4,13930.4898
2025-03-27 02:46:43.505,2009.4,2011.0,1991.4,2007.2,23133.9506
2025-03-27 03:46:43.505,2007.2,2008.2,1993.8,1998.9,10977.9598
2025-03-27 04:46:43.505,1999.1,2009.3,1995.5,2008.4,9764.8806
2025-03-27 05:46:43.505,2008.4,2017.1,2006.2,2016.7,5989.0794
2025-03-27 06:46:43.505,2016.8,2024.3,2016.5,2019.5,6671.8091
2025-03-27 07:46:43.505,2019.5,2036.4,2018.8,2029.6,7458.0401
2025-03-27 08:46:43.505,2029.6,2036.1,2027.4,2030.0,6542.3985
2025-03-27 09:46:43.505,2030.2,2031.6,2024.3,2030.0,1983.4542
2025-03-27 10:46:43.505,2030.0,2030.3,2020.5,2021.7,3148.8803
2025-03-27 11:46:43.505,2021.8,2029.4,2021.2,2023.5,2373.1606
2025-03-27 12:46:43.505,2023.4,2027.7,2020.8,2025.8,4184.0625
2025-03-27 13:46:43.505,2025.6,2028.4,2017.4,2024.5,7629.9144
2025-03-27 14:46:43.505,2024.4,2031.2,2019.2,2027.6,9943.3303
2025-03-27 15:46:43.505,2027.6,2034.9,2020.7,2024.0,6058.7237
2025-03-27 16:46:43.505,2023.9,2029.4,2011.7,2015.4,6163.3495
2025-03-27 17:46:43.505,2015.4,2024.1,2013.0,2017.0,8395.0866
2025-03-27 18:46:43.505,2017.1,2021.1,1986.3,2002.3,23445.9317
2025-03-27 19:46:43.505,2002.4,2025.2,1995.3,2025.0,15477.5474
2025-03-27 20:46:43.505,2025.0,2025.3,1999.5,2004.7,14695.6421
2025-03-27 21:46:43.505,2004.6,2014.4,1999.5,2000.1,6595.7189
2025-03-27 22:46:43.505,2000.0,2007.4,1993.2,1999.2,8009.4078
2025-03-27 23:46:43.505,1999.1,2014.0,1998.5,2008.6,10791.8905
2025-03-28 00:46:43.505,2008.5,2013.6,2002.2,2002.2,5269.0787
2025-03-28 01:46:43.505,2002.3,2010.2,2000.0,2006.4,3775.2499
2025-03-28 02:46:43.505,2006.5,2018.3,2002.5,2016.8,8642.415
2025-03-28 03:46:43.505,2016.9,2017.7,2005.6,2006.7,5430.0271
2025-03-28 04:46:43.505,2006.8,2007.4,1998.7,2002.7,8438.6248
2025-03-28 05:46:43.505,2002.7,2006.2,1990.9,2004.0,10075.3615
2025-03-28 06:46:43.505,2004.2,2014.7,1993.9,2007.8,10649.8771
2025-03-28 07:46:43.505,2008.3,2014.7,2003.8,2007.0,11943.0583
2025-03-28 08:46:43.505,2006.9,2007.7,1994.3,1998.9,8351.712
2025-03-28 09:46:43.505,1998.9,2003.6,1904.3,1936.6,77511.3187
2025-03-28 10:46:43.505,1936.1,1936.2,1909.7,1915.0,27175.5477
2025-03-28 11:46:43.505,1914.8,1926.9,1910.9,1914.0,12447.5752
2025-03-28 12:46:43.505,1914.0,1919.0,1901.7,1908.5,16088.7345
2025-03-28 13:46:43.505,1908.6,1916.2,1903.2,1906.2,13099.0803
2025-03-28 14:46:43.505,1906.3,1914.6,1901.2,1907.8,10837.1296
2025-03-28 15:46:43.505,1907.9,1914.4,1905.0,1908.4,4466.7524
2025-03-28 16:46:43.505,1908.5,1921.4,1860.9,1899.4,44848.9213
2025-03-28 17:46:43.505,1899.5,1901.5,1879.0,1883.0,22512.5412
2025-03-28 18:46:43.505,1883.0,1901.0,1879.8,1885.6,24323.9173
2025-03-28 19:46:43.505,1885.5,1893.5,1875.1,1886.9,34896.1085
2025-03-28 20:46:43.505,1887.0,1887.6,1870.7,1870.9,26278.1188
2025-03-28 21:46:43.505,1870.9,1877.7,1861.0,1869.2,34088.7961
2025-03-28 22:46:43.505,1869.2,1883.9,1865.0,1883.2,22300.0848
2025-03-28 23:46:43.505,1883.2,1886.6,1872.1,1878.5,17556.3748
2025-03-29 00:46:43.505,1878.4,1883.0,1869.2,1872.9,13692.9677
2025-03-29 01:46:43.505,1873.2,1889.5,1873.2,1876.4,17128.9602
2025-03-29 02:46:43.505,1876.5,1888.2,1873.0,1885.1,13365.1186
2025-03-29 03:46:43.505,1885.0,1900.9,1884.8,1900.6,10306.8697
2025-03-29 04:46:43.505,1900.6,1901.2,1891.4,1895.8,6511.9872
2025-03-29 05:46:43.505,1895.8,1912.0,1893.7,1902.5,16638.8989
2025-03-29 06:46:43.505,1902.6,1913.1,1901.0,1909.6,17329.4039
2025-03-29 07:46:43.505,1909.3,1912.3,1893.1,1894.6,7090.0192
2025-03-29 08:46:43.505,1894.5,1905.1,1885.4,1899.3,6473.3481
2025-03-29 09:46:43.505,1898.9,1904.2,1890.1,1894.0,2755.8546
2025-03-29 10:46:43.505,1893.9,1894.9,1883.0,1887.8,6786.8971
2025-03-29 11:46:43.505,1887.8,1887.9,1875.7,1881.9,14120.3582
2025-03-29 12:46:43.505,1882.0,1884.7,1875.0,1879.6,7514.1134
2025-03-29 13:46:43.505,1879.6,1885.1,1876.9,1883.8,3988.5484
2025-03-29 14:46:43.505,1884.1,1886.5,1860.4,1877.2,20046.3885
2025-03-29 15:46:43.505,1876.7,1879.8,1863.0,1867.8,25596.0581
2025-03-29 16:46:43.505,1867.8,1874.1,1832.0,1842.9,50840.0736
2025-03-29 17:46:43.505,1842.9,1856.4,1840.8,1850.6,13508.4979
2025-03-29 18:46:43.505,1850.6,1862.5,1850.6,1858.0,18032.5331
2025-03-29 19:46:43.505,1858.0,1858.5,1843.7,1844.3,19815.3885
2025-03-29 20:46:43.505,1844.2,1848.2,1833.0,1837.9,14241.2229
2025-03-29 21:46:43.505,1838.2,1847.2,1811.2,1821.1,36701.3563
2025-03-29 22:46:43.505,1820.9,1830.0,1797.4,1816.9,43381.5989
2025-03-29 23:46:43.505,1817.0,1827.3,1808.0,1816.6,15466.5472
2025-03-30 00:46:43.505,1816.9,1827.7,1810.8,1826.3,12631.8292
2025-03-30 01:46:43.505,1826.6,1827.2,1811.4,1816.9,20892.1553
2025-03-30 02:46:43.505,1816.7,1824.1,1812.7,1816.5,12621.5638
2025-03-30 03:46:43.505,1816.0,1819.2,1810.9,1816.3,3926.8962
2025-03-30 04:46:43.505,1816.3,1829.6,1813.4,1826.9,5188.5652
2025-03-30 05:46:43.505,1826.8,1829.5,1811.2,1825.6,6367.519
2025-03-30 06:46:43.505,1825.0,1841.8,1824.8,1833.7,10434.6452
2025-03-30 07:46:43.505,1833.9,1843.7,1833.1,1837.7,4727.9466
2025-03-30 08:46:43.505,1837.7,1843.3,1831.2,1833.5,5601.1684
2025-03-30 09:46:43.505,1833.3,1845.7,1832.7,1841.7,11977.4471
2025-03-30 10:46:43.505,1841.7,1843.9,1833.8,1836.9,2226.1507
2025-03-30 11:46:43.505,1837.0,1841.7,1831.4,1838.0,4281.342
2025-03-30 12:46:43.505,1838.5,1842.8,1835.3,1836.3,2440.6567
2025-03-30 13:46:43.505,1836.3,1847.7,1836.3,1845.8,2617.0865
2025-03-30 14:46:43.505,1845.9,1846.1,1840.1,1842.2,4526.9805
2025-03-30 15:46:43.505,1842.2,1844.8,1825.9,1828.6,13378.9789
2025-03-30 16:46:43.505,1828.7,1840.0,1827.8,1831.8,3632.3213
2025-03-30 17:46:43.505,1832.1,1838.7,1828.3,1832.7,4467.6572
2025-03-30 18:46:43.505,1832.7,1834.3,1786.6,1805.4,18286.3208
2025-03-30 19:46:43.505,1805.3,1818.4,1802.6,1815.1,12095.8829
2025-03-30 20:46:43.505,1815.1,1825.0,1810.7,1812.4,14947.048
2025-03-30 21:46:43.505,1812.4,1816.3,1784.5,1794.4,19109.3219
2025-03-30 22:46:43.505,1794.4,1807.4,1785.9,1804.0,24795.9335
2025-03-30 23:46:43.505,1804.1,1824.2,1804.0,1823.9,14600.4697
2025-03-31 00:46:43.505,1823.8,1832.4,1811.6,1813.3,8071.5595
2025-03-31 01:46:43.505,1813.4,1817.0,1808.3,1814.0,10635.1726
2025-03-31 02:46:43.505,1814.1,1820.7,1800.0,1805.0,14994.267
2025-03-31 03:46:43.505,1805.0,1815.4,1768.5,1804.1,52318.7265
2025-03-31 04:46:43.505,1804.0,1806.9,1792.2,1806.9,17444.036
2025-03-31 05:46:43.505,1807.1,1812.2,1775.8,1784.8,28037.4974
2025-03-31 06:46:43.505,1785.1,1818.9,1782.5,1813.3,48507.3675
2025-03-31 07:46:43.505,1813.3,1822.5,1802.9,1811.0,38834.9289
2025-03-31 08:46:43.505,1811.0,1816.7,1794.6,1797.3,23190.4565
2025-03-31 09:46:43.505,1797.6,1808.2,1792.2,1804.0,15189.4944
2025-03-31 10:46:43.505,1803.9,1812.8,1801.5,1808.0,9718.3088
2025-03-31 11:46:43.505,1808.4,1810.6,1798.6,1803.1,6600.7762
2025-03-31 12:46:43.505,1803.3,1809.5,1787.9,1797.9,13270.9494
2025-03-31 13:46:43.505,1797.7,1807.8,1793.4,1794.0,14344.8119
2025-03-31 14:46:43.505,1794.7,1799.4,1779.9,1785.2,28187.0761
2025-03-31 15:46:43.505,1785.3,1808.8,1777.2,1802.3,15692.8891
2025-03-31 16:46:43.505,1802.6,1818.1,1798.1,1812.7,25860.7391
2025-03-31 17:46:43.505,1812.5,1842.4,1807.9,1833.3,37547.7953
2025-03-31 18:46:43.505,1833.3,1836.5,1796.2,1817.1,55435.5316
2025-03-31 19:46:43.505,1817.1,1846.4,1817.1,1838.7,32067.5471
2025-03-31 20:46:43.505,1839.1,1853.7,1836.9,1841.2,28372.2232
2025-03-31 21:46:43.505,1841.1,1846.2,1833.4,1839.1,8457.4563
2025-03-31 22:46:43.505,1839.2,1846.0,1816.1,1824.5,23666.1199
2025-03-31 23:46:43.505,1824.4,1846.3,1824.4,1838.8,26024.9972
2025-04-01 00:46:43.505,1838.9,1844.8,1823.3,1825.9,19813.3112
2025-04-01 01:46:43.505,1826.1,1833.9,1817.4,1818.6,14650.8019
2025-04-01 02:46:43.505,1818.6,1828.6,1818.3,1823.8,5632.0459
2025-04-01 03:46:43.505,1823.4,1824.1,1815.2,1823.6,3620.268
2025-04-01 04:46:43.505,1823.8,1830.5,1819.3,1821.2,6674.519
2025-04-01 05:46:43.505,1821.4,1840.0,1816.9,1830.9,7692.6048
2025-04-01 06:46:43.505,1830.9,1831.9,1820.7,1825.4,2552.0784
2025-04-01 07:46:43.505,1825.3,1838.5,1823.7,1838.5,6238.7456
2025-04-01 08:46:43.505,1838.5,1840.0,1832.2,1833.8,5587.1512
2025-04-01 09:46:43.505,1834.1,1839.8,1831.2,1837.1,4601.3554
2025-04-01 10:46:43.505,1837.2,1849.6,1836.2,1840.7,5184.3967
2025-04-01 11:46:43.505,1840.8,1866.1,1838.7,1856.6,14481.15
2025-04-01 12:46:43.505,1856.7,1861.2,1851.8,1853.5,4017.7654
2025-04-01 13:46:43.505,1853.4,1890.6,1853.2,1883.5,23150.336
2025-04-01 14:46:43.505,1883.6,1889.0,1877.1,1884.7,9397.377
2025-04-01 15:46:43.505,1884.5,1885.3,1871.6,1872.0,8219.3123
2025-04-01 16:46:43.505,1872.5,1872.8,1856.0,1862.1,21674.7805
2025-04-01 17:46:43.505,1862.1,1869.8,1858.5,1864.5,15019.743
2025-04-01 18:46:43.505,1864.8,1880.3,1863.0,1873.8,27997.0461
2025-04-01 19:46:43.505,1873.8,1887.3,1841.0,1882.3,49993.8541
2025-04-01 20:46:43.505,1882.2,1927.7,1881.8,1918.0,67945.9793
2025-04-01 21:46:43.505,1917.9,1923.5,1906.6,1914.8,18625.3653
2025-04-01 22:46:43.505,1914.8,1922.1,1913.1,1913.8,16615.3624
2025-04-01 23:46:43.505,1913.9,1914.3,1900.3,1907.2,27324.9316
2025-04-02 00:46:43.505,1907.2,1910.3,1901.7,1909.0,18920.2645
2025-04-02 01:46:43.505,1909.3,1915.2,1896.3,1912.1,24417.2995
2025-04-02 02:46:43.505,1912.0,1921.8,1908.2,1913.1,15284.3694
2025-04-02 03:46:43.505,1913.1,1919.7,1910.4,1911.0,10742.4122
2025-04-02 04:46:43.505,1911.0,1914.2,1903.7,1904.3,16357.0015
2025-04-02 05:46:43.505,1904.3,1907.5,1886.1,1888.5,16561.7741
2025-04-02 06:46:43.505,1888.4,1894.9,1882.3,1891.7,11585.1029
2025-04-02 07:46:43.505,1891.9,1892.2,1871.4,1877.5,15215.6737
2025-04-02 08:46:43.505,1877.5,1886.5,1874.5,1874.9,6227.269
2025-04-02 09:46:43.505,1875.3,1882.4,1875.1,1878.5,5062.7041
2025-04-02 10:46:43.505,1877.8,1877.8,1853.8,1854.4,33798.1632
2025-04-02 11:46:43.505,1854.8,1861.5,1851.0,1853.3,19212.9433
2025-04-02 12:46:43.505,1853.2,1865.6,1851.6,1864.3,10779.1431
2025-04-02 13:46:43.505,1864.4,1875.0,1861.9,1867.0,5097.4912
2025-04-02 14:46:43.505,1867.1,1887.0,1866.0,1878.5,5983.8734
2025-04-02 15:46:43.505,1878.6,1886.8,1870.0,1871.8,7405.2259
2025-04-02 16:46:43.505,1871.8,1877.8,1867.7,1867.7,10538.1958
2025-04-02 17:46:43.505,1868.2,1872.7,1857.7,1871.3,8671.4294
2025-04-02 18:46:43.505,1871.4,1891.6,1853.3,1872.0,44921.4668
2025-04-02 19:46:43.505,1871.4,1881.1,1857.9,1874.7,43685.4612
2025-04-02 20:46:43.505,1874.8,1917.8,1873.5,1900.2,53044.6953
2025-04-02 21:46:43.505,1900.0,1909.4,1894.4,1902.3,18917.2634
2025-04-02 22:46:43.505,1902.1,1912.7,1881.5,1891.7,27115.8145
2025-04-02 23:46:43.505,1891.6,1903.4,1887.3,1897.1,16431.8476
2025-04-03 00:46:43.505,1897.0,1915.0,1892.2,1911.3,14274.0855
2025-04-03 01:46:43.505,1911.1,1954.7,1865.0,1879.6,118974.9755
2025-04-03 02:46:43.505,1879.8,1883.6,1854.6,1866.0,30496.3892
2025-04-03 03:46:43.505,1866.0,1866.0,1788.4,1796.8,59084.1721
2025-04-03 04:46:43.505,1796.8,1801.5,1780.0,1794.0,27928.668
2025-04-03 05:46:43.505,1794.0,1826.5,1787.6,1819.3,29565.3294
2025-04-03 06:46:43.505,1819.4,1833.6,1813.6,1825.3,13124.2209
2025-04-03 07:46:43.505,1825.5,1831.7,1817.2,1829.4,8455.1305
2025-04-03 08:46:43.505,1829.4,1829.7,1818.5,1823.1,9450.9555
2025-04-03 09:46:43.505,1823.3,1844.2,1821.7,1834.4,7419.9459
2025-04-03 10:46:43.505,1834.5,1839.2,1820.1,1820.2,6195.8441
2025-04-03 11:46:43.505,1820.2,1826.5,1813.3,1815.9,11143.2686
2025-04-03 12:46:43.505,1816.2,1821.0,1806.2,1814.4,22268.7497
2025-04-03 13:46:43.505,1814.3,1823.1,1814.0,1820.2,9574.0542
2025-04-03 14:46:43.505,1820.2,1822.1,1808.3,1810.3,5295.3665
2025-04-03 15:46:43.505,1810.0,1816.5,1789.3,1792.2,19501.1831
2025-04-03 16:46:43.505,1792.2,1801.1,1785.9,1794.1,20637.1076
2025-04-03 17:46:43.505,1794.1,1799.0,1750.3,1758.8,54306.583
2025-04-03 18:46:43.505,1758.5,1790.0,1755.3,1783.0,39903.4586
2025-04-03 19:46:43.505,1782.7,1782.9,1749.9,1757.2,52381.5764
2025-04-03 20:46:43.505,1756.7,1781.6,1754.0,1781.0,28480.8139
2025-04-03 21:46:43.505,1781.3,1789.9,1769.9,1772.0,28830.7481
2025-04-03 22:46:43.505,1772.0,1781.2,1766.2,1775.1,19818.441
2025-04-03 23:46:43.505,1775.0,1798.2,1768.8,1787.5,31091.042
2025-04-04 00:46:43.505,1787.4,1794.1,1781.5,1785.8,31966.4099
2025-04-04 01:46:43.505,1785.6,1801.8,1778.5,1797.8,20550.7056
2025-04-04 02:46:43.505,1797.9,1817.7,1794.9,1811.9,25552.1509
2025-04-04 03:46:43.505,1811.3,1815.0,1804.6,1809.9,13317.4928
2025-04-04 04:46:43.505,1810.0,1821.0,1802.3,1815.8,13716.9754
2025-04-04 05:46:43.505,1816.1,1822.1,1807.8,1809.6,12739.7794
2025-04-04 06:46:43.505,1809.6,1817.3,1771.1,1780.9,31562.0603
2025-04-04 07:46:43.505,1781.2,1803.0,1781.2,1787.6,37998.2375
2025-04-04 08:46:43.505,1787.6,1795.7,1781.8,1791.5,41415.9501
2025-04-04 09:46:43.505,1791.9,1792.5,1783.1,1787.0,22044.7456
2025-04-04 10:46:43.505,1787.2,1805.4,1782.8,1805.2,13919.3653
2025-04-04 11:46:43.505,1805.1,1807.4,1798.3,1799.3,3560.86
2025-04-04 12:46:43.505,1799.3,1820.6,1798.9,1816.7,8777.3334
2025-04-04 13:46:43.505,1816.7,1834.4,1813.6,1827.2,13648.8204
2025-04-04 14:46:43.505,1827.3,1831.9,1822.0,1828.4,5700.5527
2025-04-04 15:46:43.505,1828.2,1831.1,1779.9,1782.4,32631.7016
2025-04-04 16:46:43.505,1782.6,1786.8,1757.7,1782.9,27339.208
2025-04-04 17:46:43.505,1782.9,1794.2,1768.1,1787.0,28861.8351
2025-04-04 18:46:43.505,1786.9,1807.7,1771.0,1801.4,46622.8198
2025-04-04 19:46:43.505,1801.2,1804.1,1774.0,1789.6,61270.1748
2025-04-04 20:46:43.505,1789.4,1819.3,1786.3,1794.1,53236.4289
2025-04-04 21:46:43.505,1794.2,1802.9,1781.7,1797.0,38763.1532
2025-04-04 22:46:43.505,1796.7,1828.2,1786.7,1820.2,36277.5922
2025-04-04 23:46:43.505,1820.2,1822.2,1803.5,1805.3,17117.5507
2025-04-05 00:46:43.505,1805.3,1814.3,1800.8,1809.8,22704.8827
2025-04-05 01:46:43.505,1809.5,1821.9,1806.1,1817.7,12096.5149
2025-04-05 02:46:43.505,1817.7,1826.4,1811.6,1816.8,11166.0571
2025-04-05 03:46:43.505,1816.8,1825.1,1815.2,1818.0,14859.5135
2025-04-05 04:46:43.505,1817.9,1818.6,1808.4,1816.1,6288.2556
2025-04-05 05:46:43.505,1815.7,1823.8,1811.3,1822.0,12327.004
2025-04-05 06:46:43.505,1821.9,1826.4,1818.3,1818.4,12558.9709
2025-04-05 07:46:43.505,1818.3,1820.2,1812.0,1814.7,4352.6614
2025-04-05 08:46:43.505,1814.6,1815.3,1808.3,1808.9,2352.4759
2025-04-05 09:46:43.505,1808.8,1814.7,1806.1,1807.3,1546.1507
2025-04-05 10:46:43.505,1807.1,1814.2,1805.9,1808.8,4208.5097
2025-04-05 11:46:43.505,1808.8,1812.4,1802.8,1808.5,3343.1674
2025-04-05 12:46:43.505,1808.4,1813.5,1805.9,1811.9,1066.4787
2025-04-05 13:46:43.505,1812.0,1813.9,1809.2,1812.7,2139.5756
2025-04-05 14:46:43.505,1812.8,1821.1,1812.8,1820.1,4084.2725
2025-04-05 15:46:43.505,1820.1,1820.5,1815.3,1817.1,2274.9991
2025-04-05 16:46:43.505,1817.1,1818.6,1805.8,1806.2,4377.0294
2025-04-05 17:46:43.505,1806.4,1807.3,1791.7,1796.3,15423.753
2025-04-05 18:46:43.505,1796.5,1797.1,1782.1,1786.1,14855.9113
2025-04-05 19:46:43.505,1786.1,1793.8,1785.4,1789.9,12473.0517
2025-04-05 20:46:43.505,1790.0,1790.0,1776.7,1780.9,15018.6477
2025-04-05 21:46:43.505,1781.0,1787.5,1779.1,1783.6,10791.8299
2025-04-05 22:46:43.505,1783.7,1789.0,1781.3,1786.6,6799.9595
2025-04-05 23:46:43.505,1786.5,1793.0,1786.2,1792.2,7416.6082
2025-04-06 00:46:43.505,1792.2,1794.1,1778.7,1781.1,6221.7687
2025-04-06 01:46:43.505,1781.1,1802.6,1766.2,1789.4,19489.5636
2025-04-06 02:46:43.505,1789.4,1794.3,1783.3,1789.3,8429.6322
2025-04-06 03:46:43.505,1789.1,1796.6,1789.1,1796.3,4631.1089
2025-04-06 04:46:43.505,1796.4,1809.4,1795.4,1805.2,12157.6274
2025-04-06 05:46:43.505,1805.3,1813.2,1802.0,1809.6,21980.0432
2025-04-06 06:46:43.505,1809.6,1816.2,1806.4,1809.8,6397.1825
2025-04-06 07:46:43.505,1809.7,1812.7,1803.5,1803.5,4912.7068
2025-04-06 08:46:43.505,1803.5,1808.9,1801.0,1808.8,3640.8478
2025-04-06 09:46:43.505,1809.0,1810.5,1805.0,1808.7,5398.9605
2025-04-06 10:46:43.505,1808.7,1812.5,1806.5,1810.4,5215.4173
2025-04-06 11:46:43.505,1810.5,1811.4,1797.6,1797.6,3523.0334
2025-04-06 12:46:43.505,1798.2,1800.6,1793.0,1796.8,12618.8986
2025-04-06 13:46:43.505,1797.2,1797.2,1782.0,1793.8,34406.9801
2025-04-06 14:46:43.505,1793.8,1794.9,1788.1,1789.4,8541.2401
2025-04-06 15:46:43.505,1789.4,1791.0,1783.6,1788.5,17831.7696
2025-04-06 16:46:43.505,1788.4,1790.0,1781.9,1787.7,14776.2934
2025-04-06 17:46:43.505,1787.7,1790.4,1775.9,1776.3,10476.7539
2025-04-06 18:46:43.505,1776.4,1779.3,1742.0,1747.4,39708.3861
2025-04-06 19:46:43.505,1747.4,1770.2,1743.7,1769.2,62920.0645
2025-04-06 20:46:43.505,1769.1,1772.7,1757.7,1759.6,23062.6928
2025-04-06 21:46:43.505,1759.5,1759.5,1719.3,1731.7,39577.0117
2025-04-06 22:46:43.505,1731.6,1733.2,1668.7,1683.8,137311.515
2025-04-06 23:46:43.505,1683.9,1683.9,1600.1,1616.1,180753.1159
2025-04-07 00:46:43.505,1616.2,1633.9,1607.5,1626.4,62538.2021
2025-04-07 01:46:43.505,1625.5,1630.1,1557.3,1573.9,131469.4218
2025-04-07 02:46:43.505,1573.9,1596.8,1570.1,1586.7,58419.9319
2025-04-07 03:46:43.505,1586.8,1606.7,1563.0,1576.1,96921.9327
2025-04-07 04:46:43.505,1575.9,1583.6,1536.0,1579.3,109461.3629
2025-04-07 05:46:43.505,1579.4,1584.8,1552.2,1571.5,60255.5641
2025-04-07 06:46:43.505,1571.5,1613.5,1570.0,1597.9,65422.3251
2025-04-07 07:46:43.505,1597.4,1600.4,1572.1,1578.0,24253.0361
2025-04-07 08:46:43.505,1578.2,1581.7,1521.3,1542.6,66682.3767
2025-04-07 09:46:43.505,1542.5,1557.6,1532.8,1547.4,51916.5074
2025-04-07 10:46:43.505,1547.5,1560.0,1535.9,1539.5,21627.2503
2025-04-07 11:46:43.505,1539.2,1551.1,1415.0,1430.9,195113.5044
2025-04-07 12:46:43.505,1430.9,1477.0,1430.7,1460.1,137919.0805
2025-04-07 13:46:43.505,1459.8,1511.2,1455.2,1495.1,89981.6482
2025-04-07 14:46:43.505,1495.1,1505.1,1476.2,1483.6,41796.289
2025-04-07 15:46:43.505,1483.8,1518.5,1481.4,1490.4,111231.6267
2025-04-07 16:46:43.505,1490.4,1503.0,1474.1,1481.7,28300.7727
2025-04-07 17:46:43.505,1481.7,1525.5,1477.1,1519.0,61787.6868
2025-04-07 18:46:43.505,1519.0,1556.3,1486.1,1549.8,120214.0753
2025-04-07 19:46:43.505,1549.5,1640.0,1537.7,1569.3,254961.8532
2025-04-07 20:46:43.505,1569.2,1576.1,1534.4,1555.4,91470.639
2025-04-07 21:46:43.505,1555.1,1556.1,1524.5,1527.8,55761.5577
2025-04-07 22:46:43.505,1527.8,1572.2,1527.7,1564.4,69568.7583
2025-04-07 23:46:43.505,1565.0,1570.6,1546.4,1548.5,29824.2405
2025-04-08 00:46:43.505,1548.4,1561.5,1541.4,1543.6,22397.2514
2025-04-08 01:46:43.505,1543.6,1578.8,1543.6,1570.2,31002.058
2025-04-08 02:46:43.505,1570.2,1575.8,1554.8,1567.7,31899.7532
2025-04-08 03:46:43.505,1567.7,1584.5,1564.9,1578.1,16346.5494
2025-04-08 04:46:43.505,1578.1,1581.6,1550.8,1552.1,45457.726
2025-04-08 05:46:43.505,1552.1,1562.1,1542.8,1543.2,30200.9128
2025-04-08 06:46:43.505,1543.5,1593.5,1541.0,1590.7,61968.5712
2025-04-08 07:46:43.505,1590.7,1618.2,1586.2,1589.1,89313.8232
2025-04-08 08:46:43.505,1589.2,1592.2,1578.7,1584.1,13293.7896
2025-04-08 09:46:43.505,1584.3,1601.6,1583.2,1598.4,11720.3742
2025-04-08 10:46:43.505,1598.0,1601.6,1581.4,1591.0,14415.7956
2025-04-08 11:46:43.505,1590.1,1590.1,1573.5,1575.8,7761.9993
2025-04-08 12:46:43.505,1575.7,1577.7,1560.8,1569.9,35395.0141
2025-04-08 13:46:43.505,1569.8,1570.4,1553.5,1565.5,10876.5122
2025-04-08 14:46:43.505,1566.1,1574.9,1563.5,1567.2,5500.7471
2025-04-08 15:46:43.505,1567.2,1573.5,1564.4,1564.9,4070.8036
2025-04-08 16:46:43.505,1565.7,1588.9,1564.1,1587.1,17393.2113
2025-04-08 17:46:43.505,1587.2,1593.1,1566.9,1570.8,46654.5291
2025-04-08 18:46:43.505,1570.6,1585.8,1550.1,1567.3,83882.1115
2025-04-08 19:46:43.505,1567.4,1581.9,1529.3,1529.9,64304.4773
2025-04-08 20:46:43.505,1529.9,1537.6,1516.9,1530.7,60338.4815
2025-04-08 21:46:43.505,1530.6,1532.0,1480.0,1485.0,111262.0016
2025-04-08 22:46:43.505,1485.0,1488.0,1452.9,1480.4,146348.898
2025-04-08 23:46:43.505,1480.2,1498.0,1471.0,1474.6,90330.5537
2025-04-09 00:46:43.505,1474.7,1477.7,1453.8,1465.8,77539.8712
2025-04-09 01:46:43.505,1465.7,1481.5,1459.3,1480.3,32994.6536
2025-04-09 02:46:43.505,1480.4,1485.4,1462.5,1476.0,27535.8986
2025-04-09 03:46:43.505,1476.3,1477.2,1446.3,1466.3,61104.121
2025-04-09 04:46:43.505,1466.1,1475.6,1461.5,1472.1,31003.8946
2025-04-09 05:46:43.505,1472.1,1481.0,1462.5,1466.4,51084.7914
2025-04-09 06:46:43.505,1466.4,1467.8,1382.3,1433.7,195731.2206
2025-04-09 07:46:43.505,1433.7,1452.6,1413.5,1417.5,65525.4551
2025-04-09 08:46:43.505,1417.4,1424.5,1405.7,1418.1,49516.8631
2025-04-09 09:46:43.505,1417.3,1449.5,1413.0,1439.5,94531.2576
2025-04-09 10:46:43.505,1439.5,1463.1,1438.4,1458.0,59398.92
2025-04-09 11:46:43.505,1458.1,1475.8,1457.3,1459.0,45107.2728
2025-04-09 12:46:43.505,1458.8,1490.5,1457.5,1482.7,58423.761
2025-04-09 13:46:43.505,1482.9,1487.5,1470.6,1481.8,23026.2925
2025-04-09 14:46:43.505,1481.8,1485.3,1470.4,1478.7,11076.6058
2025-04-09 15:46:43.505,1478.7,1495.6,1472.3,1484.6,20660.2065
2025-04-09 16:46:43.505,1485.0,1485.2,1444.3,1454.1,75926.88
2025-04-09 17:46:43.505,1454.2,1468.3,1440.0,1460.2,64048.2535
2025-04-09 18:46:43.505,1460.2,1498.7,1454.4,1486.8,130298.1392
2025-04-09 19:46:43.505,1486.8,1500.7,1469.1,1470.0,65206.88
2025-04-09 20:46:43.505,1469.9,1495.9,1468.4,1484.3,77295.8177
2025-04-09 21:46:43.505,1484.3,1508.5,1481.5,1502.1,50494.1824
2025-04-09 22:46:43.505,1502.1,1637.0,1486.3,1632.0,293538.2798
2025-04-09 23:46:43.505,1632.0,1671.6,1614.5,1628.2,175079.1594
2025-04-10 00:46:43.505,1627.8,1646.0,1622.9,1639.7,44747.8816
2025-04-10 01:46:43.505,1638.8,1677.7,1638.8,1672.9,30693.4466
2025-04-10 02:46:43.505,1672.8,1687.7,1660.3,1670.7,43921.4105
2025-04-10 03:46:43.505,1670.9,1683.2,1665.2,1670.4,15565.3034
2025-04-10 04:46:43.505,1670.4,1673.6,1655.1,1668.5,15786.5436
2025-04-10 05:46:43.505,1668.4,1668.7,1633.4,1645.4,26295.2653
2025-04-10 06:46:43.505,1645.5,1651.0,1627.8,1636.7,22851.2648
2025-04-10 07:46:43.505,1636.7,1645.1,1628.8,1631.9,14011.3115
2025-04-10 08:46:43.505,1631.8,1634.7,1600.4,1616.1,33611.4645
2025-04-10 09:46:43.505,1616.1,1619.5,1604.6,1618.5,12986.1692
2025-04-10 10:46:43.505,1618.2,1624.5,1613.1,1615.8,12348.6722
2025-04-10 11:46:43.505,1615.8,1621.7,1605.3,1615.5,15432.259
2025-04-10 12:46:43.505,1615.6,1619.6,1583.9,1594.4,26334.5776
2025-04-10 13:46:43.505,1594.5,1597.4,1582.5,1591.5,11949.4674
2025-04-10 14:46:43.505,1591.6,1605.6,1585.4,1603.0,15786.0515
2025-04-10 15:46:43.505,1603.1,1604.6,1586.9,1593.8,13213.1521
2025-04-10 16:46:43.505,1593.9,1595.7,1580.6,1593.5,20187.1476
2025-04-10 17:46:43.505,1593.3,1625.0,1581.1,1592.3,75213.5318
2025-04-10 18:46:43.505,1592.4,1595.2,1560.0,1568.1,63440.8313
2025-04-10 19:46:43.505,1567.8,1583.5,1555.3,1564.2,39703.7574
2025-04-10 20:46:43.505,1564.2,1566.4,1482.7,1495.4,148375.9685
2025-04-10 21:46:43.505,1495.1,1512.4,1472.3,1509.8,121033.8772
2025-04-10 22:46:43.505,1509.9,1518.1,1486.6,1510.7,64261.0419
2025-04-10 23:46:43.505,1510.7,1522.0,1506.6,1517.7,37797.6926
2025-04-11 00:46:43.505,1517.7,1530.9,1509.4,1513.5,52330.3476
2025-04-11 01:46:43.505,1513.5,1532.9,1513.4,1530.5,27180.3679
2025-04-11 02:46:43.505,1530.5,1532.5,1518.2,1524.0,15266.7066
2025-04-11 03:46:43.505,1524.0,1531.9,1519.8,1523.9,11641.1379
2025-04-11 04:46:43.505,1523.9,1527.5,1513.7,1521.4,15296.2476
2025-04-11 05:46:43.505,1521.3,1527.7,1503.2,1507.0,29907.3716
2025-04-11 06:46:43.505,1507.0,1546.0,1505.8,1541.8,36287.1325
2025-04-11 07:46:43.505,1542.1,1548.9,1532.4,1533.6,23442.535
2025-04-11 08:46:43.505,1533.6,1544.9,1533.5,1544.0,20076.5146
2025-04-11 09:46:43.505,1543.7,1557.0,1541.6,1546.7,16144.716
2025-04-11 10:46:43.505,1546.9,1552.2,1540.2,1548.2,9279.9877
2025-04-11 11:46:43.505,1548.4,1560.9,1548.3,1551.7,12285.0868
2025-04-11 12:46:43.505,1551.8,1557.1,1545.8,1552.0,8957.432
2025-04-11 13:46:43.505,1551.9,1570.7,1537.7,1550.2,54661.6948
2025-04-11 14:46:43.505,1550.2,1569.5,1543.7,1562.4,29081.7957
2025-04-11 15:46:43.505,1562.6,1583.5,1553.2,1567.4,18248.0608
2025-04-11 16:46:43.505,1567.3,1574.2,1554.9,1557.5,9276.7656
2025-04-11 17:46:43.505,1558.1,1570.1,1553.4,1555.7,21448.9107
2025-04-11 18:46:43.505,1555.5,1580.3,1549.1,1570.2,35559.9139
2025-04-11 19:46:43.505,1570.1,1570.1,1540.4,1555.4,52244.0645
2025-04-11 20:46:43.505,1555.3,1569.7,1553.0,1564.2,16779.5065
2025-04-11 21:46:43.505,1564.8,1572.7,1555.0,1564.6,18595.0731
2025-04-11 22:46:43.505,1564.7,1589.7,1562.6,1579.0,30417.1297
2025-04-11 23:46:43.505,1578.9,1580.8,1560.8,1561.2,21795.5458
2025-04-12 00:46:43.505,1561.3,1571.7,1561.1,1564.6,23378.0198
2025-04-12 01:46:43.505,1564.9,1573.7,1562.0,1571.7,7439.9235
2025-04-12 02:46:43.505,1571.1,1586.2,1564.7,1572.1,34562.3457
2025-04-12 03:46:43.505,1572.0,1574.4,1564.7,1565.3,19046.1493
2025-04-12 04:46:43.505,1565.3,1570.1,1557.7,1565.8,14830.8397
2025-04-12 05:46:43.505,1565.8,1568.8,1560.0,1561.3,19623.1009
2025-04-12 06:46:43.505,1561.2,1563.4,1551.1,1553.3,25341.855
2025-04-12 07:46:43.505,1553.3,1555.8,1546.3,1546.6,21791.0388
2025-04-12 08:46:43.505,1546.4,1558.4,1545.5,1553.2,13124.9075
2025-04-12 09:46:43.505,1553.2,1568.6,1549.3,1565.9,34670.2809
2025-04-12 10:46:43.505,1566.0,1571.0,1563.2,1567.1,28280.1075
2025-04-12 11:46:43.505,1567.0,1577.3,1567.0,1572.3,14151.864
2025-04-12 12:46:43.505,1572.3,1583.7,1570.0,1580.4,17499.8191
2025-04-12 13:46:43.505,1580.4,1604.5,1579.6,1590.6,15935.2922
2025-04-12 14:46:43.505,1590.4,1601.0,1587.5,1596.4,17985.8227
2025-04-12 15:46:43.505,1596.4,1596.5,1586.7,1590.5,4284.2599
2025-04-12 16:46:43.505,1590.9,1597.5,1590.8,1592.9,9376.0465
2025-04-12 17:46:43.505,1592.8,1613.5,1589.4,1606.6,34369.6108
2025-04-12 18:46:43.505,1606.4,1645.7,1605.0,1637.4,96376.5098
2025-04-12 19:46:43.505,1637.7,1668.0,1634.9,1653.2,129024.411
2025-04-12 20:46:43.505,1653.3,1666.4,1647.4,1655.2,34324.9068
2025-04-12 21:46:43.505,1655.2,1661.6,1636.8,1643.2,38068.887
2025-04-12 22:46:43.505,1643.2,1646.4,1628.0,1633.5,26250.6148
2025-04-12 23:46:43.505,1633.5,1654.6,1632.7,1650.3,30678.0465
2025-04-13 00:46:43.505,1650.3,1651.0,1634.3,1642.2,19334.5668
2025-04-13 01:46:43.505,1641.9,1658.7,1640.5,1648.8,38797.728
2025-04-13 02:46:43.505,1648.8,1654.4,1645.2,1647.0,22210.6653
2025-04-13 03:46:43.505,1647.0,1655.1,1647.0,1649.4,5796.031
2025-04-13 04:46:43.505,1649.4,1651.5,1642.4,1643.6,3221.5724
2025-04-13 05:46:43.505,1643.6,1648.4,1633.8,1641.1,15214.7197
2025-04-13 06:46:43.505,1641.3,1649.5,1610.0,1616.1,19902.2962
2025-04-13 07:46:43.505,1616.3,1627.2,1605.4,1624.5,27861.1226
2025-04-13 08:46:43.505,1624.5,1628.2,1620.8,1623.5,6544.581
2025-04-13 09:46:43.505,1623.6,1623.9,1602.7,1607.9,18963.709
2025-04-13 10:46:43.505,1607.9,1612.4,1595.3,1608.3,10723.3563
2025-04-13 11:46:43.505,1608.4,1622.4,1606.9,1615.9,13125.5171
2025-04-13 12:46:43.505,1615.9,1620.4,1610.2,1612.6,6618.5895
2025-04-13 13:46:43.505,1612.7,1620.9,1607.7,1619.6,4677.8041
2025-04-13 14:46:43.505,1619.6,1626.4,1616.4,1626.4,14291.0479
2025-04-13 15:46:43.505,1626.4,1626.9,1611.3,1616.7,8837.9477
2025-04-13 16:46:43.505,1616.8,1617.8,1592.3,1603.2,13628.7634
2025-04-13 17:46:43.505,1603.3,1607.8,1598.9,1601.9,6210.2955
2025-04-13 18:46:43.505,1601.9,1606.7,1562.4,1572.8,54551.2793
2025-04-13 19:46:43.505,1572.8,1588.3,1567.1,1585.0,55184.8645
2025-04-13 20:46:43.505,1584.9,1587.7,1579.0,1585.9,36158.0973
2025-04-13 21:46:43.505,1585.7,1601.3,1585.4,1594.8,35815.1108
2025-04-13 22:46:43.505,1594.9,1661.4,1593.3,1637.4,124711.5461
2025-04-13 23:46:43.505,1636.7,1646.3,1625.7,1629.4,25548.5621
2025-04-14 00:46:43.505,1629.4,1629.6,1551.8,1589.4,129210.6565
2025-04-14 01:46:43.505,1589.4,1615.0,1583.2,1589.5,98754.895
2025-04-14 02:46:43.505,1590.2,1600.8,1570.9,1592.9,59120.0161
2025-04-14 03:46:43.505,1593.0,1598.8,1582.7,1585.2,22114.0982
2025-04-14 04:46:43.505,1585.2,1599.2,1581.1,1597.0,22815.2247
2025-04-14 05:46:43.505,1597.0,1632.7,1594.8,1611.3,35975.8257
2025-04-14 06:46:43.505,1611.3,1621.9,1608.1,1616.6,19318.591
2025-04-14 07:46:43.505,1616.5,1659.5,1614.0,1634.8,32213.0725
2025-04-14 08:46:43.505,1634.7,1636.4,1625.3,1628.9,19337.9572
2025-04-14 09:46:43.505,1628.8,1641.5,1627.0,1636.0,17646.6771
2025-04-14 10:46:43.505,1636.0,1639.6,1619.7,1623.8,21031.7951
2025-04-14 11:46:43.505,1623.1,1627.3,1614.0,1623.2,19750.6605
2025-04-14 12:46:43.505,1622.9,1636.3,1612.0,1635.3,33818.9502
2025-04-14 13:46:43.505,1635.3,1641.6,1629.1,1637.9,30228.7898
2025-04-14 14:46:43.505,1637.9,1644.8,1630.7,1640.7,8163.8237
2025-04-14 15:46:43.505,1640.7,1684.9,1638.8,1677.9,31289.8248
2025-04-14 16:46:43.505,1678.3,1691.1,1670.8,1674.7,54650.4159
2025-04-14 17:46:43.505,1674.8,1677.3,1665.2,1676.6,26974.9479
2025-04-14 18:46:43.505,1676.9,1680.0,1647.1,1657.4,56715.1619
2025-04-14 19:46:43.505,1657.4,1688.8,1654.2,1672.6,37353.8871
2025-04-14 20:46:43.505,1672.4,1674.0,1620.4,1627.6,58028.6085
2025-04-14 21:46:43.505,1627.4,1636.1,1616.3,1627.3,56747.7926
2025-04-14 22:46:43.505,1627.3,1649.1,1626.7,1647.3,18201.4671
2025-04-14 23:46:43.505,1647.5,1650.6,1634.7,1639.4,36880.1724
2025-04-15 00:46:43.505,1639.4,1646.7,1630.7,1634.5,44548.2031
2025-04-15 01:46:43.505,1634.9,1637.1,1625.5,1634.1,7614.3142
2025-04-15 02:46:43.505,1634.0,1634.6,1605.1,1623.8,33618.0546
2025-04-15 03:46:43.505,1624.0,1624.0,1613.3,1620.4,24564.7471
2025-04-15 04:46:43.505,1620.3,1628.5,1617.1,1623.1,26843.0002
2025-04-15 05:46:43.505,1623.2,1633.4,1614.4,1630.3,40615.991
2025-04-15 06:46:43.505,1630.2,1636.9,1614.5,1632.8,37663.7898
2025-04-15 07:46:43.505,1633.2,1636.7,1616.0,1629.8,29244.2955
2025-04-15 08:46:43.505,1629.9,1643.0,1626.8,1637.3,16883.9731
2025-04-15 09:46:43.505,1637.3,1640.4,1631.2,1638.4,9576.5838
2025-04-15 10:46:43.505,1638.4,1647.4,1638.0,1638.2,13709.3947
2025-04-15 11:46:43.505,1638.1,1641.9,1633.1,1635.7,6174.2627
2025-04-15 12:46:43.505,1635.8,1646.2,1635.4,1644.4,8180.5222
2025-04-15 13:46:43.505,1644.3,1646.5,1638.7,1640.1,8485.8709
2025-04-15 14:46:43.505,1640.1,1650.8,1634.9,1647.5,14026.8687
2025-04-15 15:46:43.505,1647.5,1650.9,1625.1,1632.0,23897.7218
2025-04-15 16:46:43.505,1632.0,1632.2,1621.5,1631.8,24070.6747
2025-04-15 17:46:43.505,1631.4,1642.2,1628.0,1641.4,18709.0378
2025-04-15 18:46:43.505,1641.2,1659.9,1622.2,1628.7,125260.378
2025-04-15 19:46:43.505,1628.3,1636.3,1600.9,1619.3,104334.1239
2025-04-15 20:46:43.505,1619.4,1630.2,1611.1,1620.1,39357.7724
2025-04-15 21:46:43.505,1620.1,1626.7,1618.2,1622.0,44882.6934
2025-04-15 22:46:43.505,1622.0,1626.2,1611.5,1614.9,44463.9461
2025-04-15 23:46:43.505,1614.9,1618.0,1603.5,1609.7,29021.1964
2025-04-16 00:46:43.505,1609.6,1611.9,1596.4,1606.5,33174.0783
2025-04-16 01:46:43.505,1606.1,1613.8,1585.0,1593.1,29103.6376
2025-04-16 02:46:43.505,1593.8,1605.0,1588.7,1602.7,53527.4776
2025-04-16 03:46:43.505,1602.4,1602.8,1582.1,1589.7,34509.5489
2025-04-16 04:46:43.505,1589.8,1596.6,1584.0,1587.7,31458.1606
2025-04-16 05:46:43.505,1587.7,1593.9,1575.0,1580.3,47509.3381
2025-04-16 06:46:43.505,1579.7,1600.1,1578.0,1596.2,31780.6866
2025-04-16 07:46:43.505,1595.7,1603.8,1591.9,1597.3,38742.0082
2025-04-16 08:46:43.505,1597.4,1600.2,1588.1,1590.5,21603.0623
2025-04-16 09:46:43.505,1590.0,1592.7,1575.8,1586.5,26794.6136
2025-04-16 10:46:43.505,1586.2,1591.9,1552.4,1567.8,52037.6866
2025-04-16 11:46:43.505,1567.8,1578.5,1565.1,1575.4,23984.8046
2025-04-16 12:46:43.505,1575.4,1578.2,1561.9,1563.4,22697.4084
2025-04-16 13:46:43.505,1563.3,1582.6,1555.7,1574.4,39171.4451
2025-04-16 14:46:43.505,1574.4,1578.6,1566.6,1566.8,7926.4864
2025-04-16 15:46:43.505,1566.9,1581.7,1566.8,1580.2,14986.3154
2025-04-16 16:46:43.505,1580.6,1585.7,1575.5,1583.2,16418.7714
2025-04-16 17:46:43.505,1583.1,1587.8,1574.1,1576.3,14137.6647
2025-04-16 18:46:43.505,1576.0,1581.0,1565.2,1567.3,36166.2579
2025-04-16 19:46:43.505,1566.5,1598.7,1566.2,1589.8,66540.6129
2025-04-16 20:46:43.505,1589.7,1611.5,1584.3,1589.2,51137.2169
2025-04-16 21:46:43.505,1589.5,1596.0,1575.4,1591.7,36364.7442
2025-04-16 22:46:43.505,1591.6,1610.9,1537.9,1544.4,133795.2112
2025-04-16 23:46:43.505,1544.5,1579.5,1542.4,1565.3,110737.2034
2025-04-17 00:46:43.505,1565.3,1594.4,1551.2,1588.3,39594.8669
2025-04-17 01:46:43.505,1587.6,1593.4,1569.0,1572.1,27353.6463
2025-04-17 02:46:43.505,1572.2,1597.5,1570.4,1590.6,32375.1868
2025-04-17 03:46:43.505,1591.1,1592.0,1582.7,1586.8,16866.8006
2025-04-17 04:46:43.505,1586.8,1587.8,1571.7,1576.5,18733.4404
2025-04-17 05:46:43.505,1576.2,1585.8,1573.8,1584.0,63041.3812
2025-04-17 06:46:43.505,1584.1,1592.8,1581.7,1588.5,12318.0089
2025-04-17 07:46:43.505,1588.5,1592.5,1580.9,1590.9,37371.3116
2025-04-17 08:46:43.505,1591.0,1594.6,1576.3,1584.2,18863.0701
2025-04-17 09:46:43.505,1584.1,1591.3,1579.9,1590.6,13152.0631
2025-04-17 10:46:43.505,1590.5,1602.9,1588.9,1597.7,19124.9193
2025-04-17 11:46:43.505,1598.1,1608.0,1596.7,1601.9,18178.4943
2025-04-17 12:46:43.505,1601.3,1610.0,1598.7,1601.0,13053.3014
2025-04-17 13:46:43.505,1601.0,1603.3,1593.5,1594.6,8568.329
2025-04-17 14:46:43.505,1594.7,1596.8,1590.5,1594.3,7181.2616
2025-04-17 15:46:43.505,1594.3,1596.3,1587.6,1592.5,6105.3459
2025-04-17 16:46:43.505,1592.9,1597.8,1588.1,1592.2,8463.4563
2025-04-17 17:46:43.505,1592.4,1602.2,1592.4,1601.0,5042.3211
2025-04-17 18:46:43.505,1600.9,1600.9,1588.1,1592.7,11033.2364
2025-04-17 19:46:43.505,1592.8,1593.5,1562.5,1569.3,32968.4918
2025-04-17 20:46:43.505,1569.0,1586.6,1568.9,1581.9,19094.3383
2025-04-17 21:46:43.505,1582.0,1615.8,1577.0,1604.4,37663.7067
2025-04-17 22:46:43.505,1604.4,1615.6,1599.4,1609.4,39431.0944
2025-04-17 23:46:43.505,1609.4,1615.3,1599.7,1599.7,47338.4644
2025-04-18 00:46:43.505,1599.8,1602.6,1576.5,1580.9,54218.1513
2025-04-18 01:46:43.505,1580.4,1589.9,1579.4,1583.4,25145.0789
2025-04-18 02:46:43.505,1583.6,1591.0,1581.8,1587.4,21218.1822
2025-04-18 03:46:43.505,1586.8,1590.9,1578.0,1578.2,20166.2789
2025-04-18 04:46:43.505,1578.4,1587.7,1578.4,1582.6,10745.023
2025-04-18 05:46:43.505,1582.6,1584.1,1576.3,1578.9,7176.4608
2025-04-18 06:46:43.505,1578.9,1588.3,1577.2,1582.0,14357.5273
2025-04-18 07:46:43.505,1582.0,1586.6,1578.0,1583.6,19402.5461
2025-04-18 08:46:43.505,1583.9,1584.5,1578.1,1583.2,12065.6505
2025-04-18 09:46:43.505,1583.3,1584.0,1578.0,1580.0,3884.5904
2025-04-18 10:46:43.505,1579.9,1580.6,1572.5,1580.5,5955.309
2025-04-18 11:46:43.505,1580.5,1581.1,1574.9,1580.1,3776.6782
2025-04-18 12:46:43.505,1580.2,1584.2,1576.0,1583.3,5586.6499
2025-04-18 13:46:43.505,1583.2,1591.9,1582.8,1585.8,7711.7064
2025-04-18 14:46:43.505,1585.9,1590.8,1583.4,1587.5,7747.2157
2025-04-18 15:46:43.505,1587.4,1588.9,1582.2,1583.2,3945.5762
2025-04-18 16:46:43.505,1583.2,1590.2,1581.4,1589.7,15528.3027
2025-04-18 17:46:43.505,1589.8,1596.5,1586.3,1592.2,8154.3607
2025-04-18 18:46:43.505,1592.2,1592.8,1586.2,1592.1,17004.0524
2025-04-18 19:46:43.505,1592.2,1595.3,1585.2,1588.0,16740.7746
2025-04-18 20:46:43.505,1588.1,1588.9,1578.6,1582.0,9548.3661
2025-04-18 21:46:43.505,1581.9,1586.9,1580.8,1586.3,6735.543
2025-04-18 22:46:43.505,1586.3,1591.9,1584.3,1590.6,20251.5981
2025-04-18 23:46:43.505,1590.7,1594.0,1588.8,1592.6,4852.9052
2025-04-19 00:46:43.505,1592.6,1594.6,1589.6,1592.2,5605.4221
2025-04-19 01:46:43.505,1592.3,1593.7,1589.3,1592.3,3740.953
2025-04-19 02:46:43.505,1592.3,1600.0,1591.6,1598.6,29317.5946
2025-04-19 03:46:43.505,1598.8,1599.3,1591.1,1591.8,3757.6539
2025-04-19 04:46:43.505,1591.8,1592.1,1586.2,1587.5,12925.2699
2025-04-19 05:46:43.505,1587.5,1589.3,1584.0,1585.3,8287.0911
2025-04-19 06:46:43.505,1585.4,1589.9,1584.6,1589.3,13980.0789
2025-04-19 07:46:43.505,1589.4,1595.4,1586.9,1592.0,7801.6251
2025-04-19 08:46:43.505,1592.0,1599.8,1592.0,1597.0,24001.8772
2025-04-19 09:46:43.505,1596.9,1612.3,1596.2,1602.8,24051.5093
2025-04-19 10:46:43.505,1602.7,1605.0,1600.3,1601.7,17279.9749
2025-04-19 11:46:43.505,1601.7,1602.6,1594.7,1595.7,2986.4874
2025-04-19 12:46:43.505,1595.8,1603.5,1595.8,1600.3,7885.2222
2025-04-19 13:46:43.505,1600.3,1604.9,1598.0,1602.5,4793.6591
2025-04-19 14:46:43.505,1602.5,1606.0,1597.2,1597.4,2898.0114
2025-04-19 15:46:43.505,1597.8,1600.6,1593.7,1596.0,4094.45
2025-04-19 16:46:43.505,1596.0,1598.1,1594.3,1596.3,4264.0153
2025-04-19 17:46:43.505,1596.3,1598.7,1594.6,1596.7,2895.078
2025-04-19 18:46:43.505,1596.7,1605.9,1595.0,1603.9,11345.0953
2025-04-19 19:46:43.505,1604.0,1607.2,1602.7,1605.7,5587.7227
2025-04-19 20:46:43.505,1605.6,1611.5,1602.7,1606.7,19629.8828
2025-04-19 21:46:43.505,1606.6,1610.3,1598.0,1599.1,16990.4739
2025-04-19 22:46:43.505,1599.1,1628.0,1598.7,1617.9,26988.1996
2025-04-19 23:46:43.505,1618.0,1622.3,1613.7,1614.2,8102.3959
2025-04-20 00:46:43.505,1614.2,1617.0,1612.5,1613.8,8208.4178
2025-04-20 01:46:43.505,1613.8,1616.0,1610.3,1613.2,4485.0742
2025-04-20 02:46:43.505,1613.2,1621.0,1613.2,1619.9,15351.6583
2025-04-20 03:46:43.505,1620.0,1620.4,1615.1,1618.4,7574.0497
2025-04-20 04:46:43.505,1618.3,1619.8,1611.2,1612.0,20190.0082
2025-04-20 05:46:43.505,1611.9,1614.2,1607.4,1609.2,8385.4717
2025-04-20 06:46:43.505,1609.3,1618.0,1608.8,1617.0,15881.2437
2025-04-20 07:46:43.505,1617.1,1618.0,1612.5,1615.0,19402.3135
2025-04-20 08:46:43.505,1616.0,1616.0,1608.8,1611.0,7024.0297
2025-04-20 09:46:43.505,1611.1,1616.8,1610.3,1613.8,12817.1719
2025-04-20 10:46:43.505,1613.7,1615.5,1608.6,1609.0,6526.2299
2025-04-20 11:46:43.505,1609.0,1612.5,1602.1,1604.5,9710.479
2025-04-20 12:46:43.505,1604.6,1604.6,1587.4,1596.4,24615.8083
2025-04-20 13:46:43.505,1596.5,1596.9,1586.2,1589.3,21646.5345
2025-04-20 14:46:43.505,1589.2,1592.4,1587.6,1591.4,4151.2405
2025-04-20 15:46:43.505,1579.1,1579.1,1569.0,1573.5,3802.4951
2025-04-20 16:46:43.505,1573.5,1579.0,1564.8,1572.0,10763.2899
2025-04-20 17:46:43.505,1571.7,1579.0,1570.3,1575.5,17823.6687
2025-04-20 18:46:43.505,1575.3,1580.8,1570.5,1576.8,15239.76
2025-04-20 19:46:43.505,1576.9,1583.0,1575.8,1579.5,13385.6597
2025-04-20 20:46:43.505,1579.3,1580.2,1570.2,1572.7,20890.2941
2025-04-20 21:46:43.505,1572.8,1581.3,1570.9,1580.6,4604.2318
2025-04-20 22:46:43.505,1580.6,1581.2,1575.0,1578.9,6900.7321
2025-04-20 23:46:43.505,1578.9,1581.0,1577.5,1580.7,1517.7039
2025-04-21 00:46:43.505,1580.7,1587.4,1578.1,1585.5,12381.8202
2025-04-21 01:46:43.505,1585.4,1599.4,1584.3,1588.7,79781.6071
2025-04-21 02:46:43.505,1588.7,1590.3,1582.7,1588.0,13075.749
2025-04-21 03:46:43.505,1588.0,1588.0,1574.0,1581.1,21213.5486
2025-04-21 04:46:43.505,1581.0,1586.9,1581.0,1586.4,12136.4657
2025-04-21 05:46:43.505,1586.4,1619.6,1585.5,1609.2,71142.7735
2025-04-21 06:46:43.505,1609.4,1628.6,1606.9,1627.4,68995.5398
2025-04-21 07:46:43.505,1627.6,1644.4,1623.8,1631.5,67528.6465
2025-04-21 08:46:43.505,1632.0,1642.0,1630.8,1633.3,32654.1745
2025-04-21 09:46:43.505,1633.3,1640.4,1630.4,1639.2,33901.1219
2025-04-21 10:46:43.505,1639.1,1655.8,1636.2,1647.2,22828.4997
2025-04-21 11:46:43.505,1647.3,1657.7,1645.5,1647.5,21794.0433
2025-04-21 12:46:43.505,1647.2,1649.7,1640.4,1644.8,25188.3694
2025-04-21 13:46:43.505,1645.0,1648.5,1642.7,1648.2,3807.5463
2025-04-21 14:46:43.505,1648.2,1653.8,1638.2,1641.7,16246.7631
2025-04-21 15:46:43.505,1641.7,1642.2,1627.6,1635.0,25637.9093
2025-04-21 16:46:43.505,1635.0,1635.0,1617.0,1625.7,35073.6142
2025-04-21 17:46:43.505,1625.6,1630.8,1622.5,1622.6,21614.5012
2025-04-21 18:46:43.505,1622.6,1629.7,1610.4,1611.1,42190.2068
2025-04-21 19:46:43.505,1610.9,1640.6,1607.4,1633.6,125369.0144
2025-04-21 20:46:43.505,1633.4,1634.3,1618.1,1622.5,50410.6729
2025-04-21 21:46:43.505,1622.5,1625.1,1587.0,1589.0,58947.4973
2025-04-21 22:46:43.505,1588.7,1589.0,1570.7,1577.4,83590.9649
2025-04-21 23:46:43.505,1577.9,1578.8,1566.5,1567.2,29826.6396
2025-04-22 00:46:43.505,1566.9,1580.5,1562.1,1573.1,35380.4022
2025-04-22 01:46:43.505,1573.1,1578.1,1570.9,1577.1,21316.433
2025-04-22 02:46:43.505,1577.1,1579.8,1571.8,1578.1,9345.0405
2025-04-22 03:46:43.505,1578.1,1578.4,1571.1,1577.3,11824.8338
2025-04-22 04:46:43.505,1577.4,1580.8,1571.8,1579.1,18537.8353
2025-04-22 05:46:43.505,1579.1,1580.7,1540.0,1568.4,108038.3947
2025-04-22 06:46:43.505,1568.3,1588.2,1564.5,1588.0,74636.0355
2025-04-22 07:46:43.505,1587.0,1593.6,1566.1,1576.3,54114.0607
2025-04-22 08:46:43.505,1576.4,1580.2,1570.5,1578.6,26716.5995
2025-04-22 09:46:43.505,1578.6,1586.4,1576.9,1577.2,22142.5187
2025-04-22 10:46:43.505,1577.1,1584.1,1573.2,1583.4,20162.0396
2025-04-22 11:46:43.505,1583.3,1585.2,1574.4,1583.0,26801.9455
2025-04-22 12:46:43.505,1583.0,1622.7,1582.1,1619.0,41598.9815
2025-04-22 13:46:43.505,1618.7,1634.3,1618.6,1627.7,20498.4016
2025-04-22 14:46:43.505,1627.4,1633.0,1621.5,1625.0,9450.3709
2025-04-22 15:46:43.505,1625.0,1630.1,1613.2,1628.5,17510.7926
2025-04-22 16:46:43.505,1628.0,1637.8,1625.5,1630.8,10266.2922
2025-04-22 17:46:43.505,1630.7,1640.5,1627.4,1634.7,20339.6218
2025-04-22 18:46:43.505,1634.7,1653.1,1626.7,1641.9,81621.1278
2025-04-22 19:46:43.505,1642.0,1678.2,1636.8,1673.6,130089.6109
2025-04-22 20:46:43.505,1673.6,1724.9,1673.6,1702.7,145987.6124
2025-04-22 21:46:43.505,1702.6,1710.0,1685.3,1690.8,65512.4388
2025-04-22 22:46:43.505,1690.9,1701.4,1682.9,1699.8,51659.8203
2025-04-22 23:46:43.505,1699.3,1706.3,1694.4,1703.0,48515.5723
2025-04-23 00:46:43.505,1702.9,1704.4,1682.7,1697.8,53325.6259
2025-04-23 01:46:43.505,1697.2,1700.7,1691.3,1694.2,24223.9354
2025-04-23 02:46:43.505,1694.1,1786.9,1693.5,1753.2,322953.3522
2025-04-23 03:46:43.505,1753.2,1760.2,1737.4,1744.0,64039.8777
2025-04-23 04:46:43.505,1744.0,1764.1,1744.0,1755.0,75402.9825
2025-04-23 05:46:43.505,1755.0,1762.8,1744.2,1750.3,53070.3449
2025-04-23 06:46:43.505,1750.3,1786.0,1746.4,1761.7,84040.2886
2025-04-23 07:46:43.505,1761.4,1807.0,1760.5,1791.9,104953.2126
2025-04-23 08:46:43.505,1791.8,1797.1,1779.4,1794.9,32516.7683
2025-04-23 09:46:43.505,1794.9,1817.8,1780.7,1816.4,76989.4749
2025-04-23 10:46:43.505,1816.5,1817.7,1793.2,1797.0,88324.945
2025-04-23 11:46:43.505,1796.9,1801.7,1785.9,1788.2,24001.4834
2025-04-23 12:46:43.505,1788.2,1793.0,1773.3,1791.5,20018.3285
2025-04-23 13:46:43.505,1791.4,1800.5,1785.1,1790.4,19084.4784
2025-04-23 14:46:43.505,1791.0,1800.3,1785.0,1785.0,12350.4701
2025-04-23 15:46:43.505,1785.0,1808.4,1778.5,1803.4,28648.1414
2025-04-23 16:46:43.505,1803.3,1811.0,1792.2,1796.7,18570.3654
2025-04-23 17:46:43.505,1796.8,1832.2,1794.2,1815.5,52721.042
2025-04-23 18:46:43.505,1815.6,1835.4,1782.2,1785.2,112869.8482
2025-04-23 19:46:43.505,1785.2,1802.4,1780.5,1787.4,61033.599
2025-04-23 20:46:43.505,1787.5,1796.3,1760.6,1794.0,75870.8574
2025-04-23 21:46:43.505,1794.1,1796.9,1781.0,1792.1,53587.3505
2025-04-23 22:46:43.505,1792.0,1803.6,1787.7,1799.8,31428.6219
2025-04-23 23:46:43.505,1799.8,1809.1,1793.2,1797.3,27631.5408
2025-04-24 00:46:43.505,1797.3,1798.2,1773.3,1785.4,33505.5051
2025-04-24 01:46:43.505,1785.4,1799.0,1784.7,1795.0,22135.7432
2025-04-24 02:46:43.505,1795.0,1798.2,1785.6,1790.3,16911.6517
2025-04-24 03:46:43.505,1790.6,1804.9,1788.7,1802.9,23722.3007
2025-04-24 04:46:43.505,1802.8,1805.9,1790.3,1794.0,24232.5989
2025-04-24 05:46:43.505,1794.1,1797.6,1782.3,1788.9,16807.3837
2025-04-24 06:46:43.505,1789.0,1796.9,1780.4,1793.3,19007.4034
2025-04-24 07:46:43.505,1793.0,1801.7,1774.9,1778.2,21771.3075
2025-04-24 08:46:43.505,1778.2,1789.8,1765.6,1767.1,20140.3292
2025-04-24 09:46:43.505,1767.0,1772.8,1756.5,1771.4,27635.9179
2025-04-24 10:46:43.505,1771.3,1775.5,1765.3,1768.3,20172.9941
2025-04-24 11:46:43.505,1768.3,1775.1,1761.3,1767.1,10414.6186
2025-04-24 12:46:43.505,1767.0,1773.5,1750.4,1755.0,14599.285
2025-04-24 13:46:43.505,1755.0,1759.4,1722.6,1734.3,38721.4667
2025-04-24 14:46:43.505,1734.1,1746.0,1733.3,1743.0,13342.0151
2025-04-24 15:46:43.505,1743.1,1750.3,1739.1,1749.1,7210.6476
2025-04-24 16:46:43.505,1749.3,1756.2,1740.5,1754.0,12316.7356
2025-04-24 17:46:43.505,1753.9,1757.0,1746.3,1756.5,7316.7501
2025-04-24 18:46:43.505,1756.5,1759.7,1743.5,1752.3,34125.9269
2025-04-24 19:46:43.505,1752.3,1775.6,1751.5,1764.4,47926.4127
2025-04-24 20:46:43.505,1764.3,1776.8,1761.3,1763.8,41730.6797
2025-04-24 21:46:43.505,1763.8,1777.0,1762.7,1769.7,41611.4063
2025-04-24 22:46:43.505,1769.7,1773.4,1744.8,1754.7,112134.3438
2025-04-24 23:46:43.505,1754.7,1768.9,1754.6,1762.4,21704.3645
2025-04-25 00:46:43.505,1762.9,1766.0,1754.9,1762.3,13368.9932
2025-04-25 01:46:43.505,1762.5,1769.5,1760.4,1762.0,9975.6256
2025-04-25 02:46:43.505,1761.2,1763.2,1748.0,1760.2,17480.6396
2025-04-25 03:46:43.505,1760.5,1764.2,1755.1,1759.4,9624.8276
2025-04-25 04:46:43.505,1759.4,1774.0,1758.0,1768.8,24780.0411
2025-04-25 05:46:43.505,1768.9,1774.8,1762.1,1773.4,15641.9753
2025-04-25 06:46:43.505,1773.4,1789.8,1764.1,1764.8,25742.197
2025-04-25 07:46:43.505,1765.2,1769.6,1738.0,1743.7,24511.0782
2025-04-25 08:46:43.505,1743.7,1761.2,1739.1,1759.8,14135.8365
2025-04-25 09:46:43.505,1759.8,1770.6,1757.5,1765.3,17535.9339
2025-04-25 10:46:43.505,1765.3,1770.0,1762.2,1766.3,13849.822
2025-04-25 11:46:43.505,1766.3,1779.8,1765.7,1776.0,25696.8452
2025-04-25 12:46:43.505,1775.9,1781.3,1769.7,1776.7,23229.128
2025-04-25 13:46:43.505,1776.4,1778.0,1772.0,1774.5,11716.8998
2025-04-25 14:46:43.505,1774.5,1791.6,1764.1,1787.6,22103.2376
2025-04-25 15:46:43.505,1787.6,1791.0,1768.1,1770.8,23728.9072
2025-04-25 16:46:43.505,1770.7,1789.8,1770.7,1789.7,28316.4362
2025-04-25 17:46:43.505,1789.8,1801.6,1770.0,1772.0,49335.6117
2025-04-25 18:46:43.505,1772.1,1778.1,1755.4,1769.4,38234.8537
2025-04-25 19:46:43.505,1768.4,1812.3,1768.4,1806.9,79319.767
2025-04-25 20:46:43.505,1806.9,1826.0,1800.6,1805.7,70249.7673
2025-04-25 21:46:43.505,1805.7,1808.4,1787.3,1801.0,22180.175
2025-04-25 22:46:43.505,1801.0,1809.9,1782.0,1784.9,22997.4365
2025-04-25 23:46:43.505,1784.8,1802.0,1784.8,1795.1,13366.1845
2025-04-26 00:46:43.505,1795.1,1802.0,1790.5,1801.2,10229.1126
2025-04-26 01:46:43.505,1801.2,1805.0,1791.4,1797.2,34854.7377
2025-04-26 02:46:43.505,1797.1,1809.3,1784.5,1788.9,22489.0263
2025-04-26 03:46:43.505,1788.7,1798.6,1787.5,1794.5,15719.0014
2025-04-26 04:46:43.505,1794.6,1797.6,1783.2,1783.2,12827.288
2025-04-26 05:46:43.505,1783.5,1797.9,1783.5,1795.6,5397.6615
2025-04-26 06:46:43.505,1795.7,1815.2,1791.0,1806.5,23675.1377
2025-04-26 07:46:43.505,1806.5,1814.2,1800.7,1806.5,31228.8206
2025-04-26 08:46:43.505,1806.6,1809.0,1792.4,1796.3,20348.7859
2025-04-26 09:46:43.505,1796.3,1799.8,1789.2,1790.8,19757.9014
2025-04-26 10:46:43.505,1791.0,1797.0,1788.1,1793.5,4553.7483
2025-04-26 11:46:43.505,1793.5,1806.4,1793.1,1801.9,5562.0756
2025-04-26 12:46:43.505,1802.0,1810.2,1798.7,1799.7,53694.9205
2025-04-26 13:46:43.505,1799.5,1838.3,1797.4,1805.5,44996.7919
2025-04-26 14:46:43.505,1805.6,1814.8,1791.6,1802.5,24418.0618
2025-04-26 15:46:43.505,1802.6,1810.0,1800.6,1803.2,31102.1747
2025-04-26 16:46:43.505,1802.9,1805.0,1778.2,1784.7,52784.4697
2025-04-26 17:46:43.505,1784.7,1798.5,1783.2,1790.8,14566.8966
2025-04-26 18:46:43.505,1790.7,1794.6,1778.9,1789.5,12539.878
2025-04-26 19:46:43.505,1789.6,1795.6,1784.1,1791.1,10555.7787
2025-04-26 20:46:43.505,1791.2,1803.1,1791.1,1799.4,9994.0522
2025-04-26 21:46:43.505,1799.3,1803.4,1795.0,1801.9,8932.9294
2025-04-26 22:46:43.505,1802.1,1806.1,1798.4,1803.4,3130.8593
2025-04-26 23:46:43.505,1803.3,1807.6,1800.0,1801.7,27952.8515
2025-04-27 00:46:43.505,1801.6,1813.2,1800.1,1812.2,5950.5541
2025-04-27 01:46:43.505,1812.2,1817.3,1804.9,1805.0,15679.7884
2025-04-27 02:46:43.505,1805.0,1815.0,1804.9,1811.1,7069.4956
2025-04-27 03:46:43.505,1811.4,1829.6,1811.4,1815.4,23706.1688
2025-04-27 04:46:43.505,1815.0,1822.1,1813.1,1820.0,12631.1482
2025-04-27 05:46:43.505,1819.9,1849.2,1819.4,1841.1,45195.5341
2025-04-27 06:46:43.505,1841.3,1856.1,1800.5,1802.4,63790.4623
2025-04-27 07:46:43.505,1803.4,1817.1,1799.8,1811.8,15629.9802
2025-04-27 08:46:43.505,1811.8,1816.4,1804.2,1809.0,21220.1259
2025-04-27 09:46:43.505,1808.6,1810.5,1795.6,1796.6,9783.9364
2025-04-27 10:46:43.505,1796.6,1805.1,1788.6,1797.5,15960.0378
2025-04-27 11:46:43.505,1797.7,1803.0,1796.2,1799.1,8497.1708
2025-04-27 12:46:43.505,1799.6,1804.2,1795.8,1802.6,7073.9295
2025-04-27 13:46:43.505,1802.6,1814.3,1800.2,1808.8,10421.9148
2025-04-27 14:46:43.505,1808.9,1811.9,1804.3,1809.6,10391.5652
2025-04-27 15:46:43.505,1809.7,1811.7,1805.1,1807.3,13006.992
2025-04-27 16:46:43.505,1807.4,1808.8,1802.5,1804.9,5834.5651
2025-04-27 17:46:43.505,1805.0,1806.5,1793.3,1794.8,12618.7853
2025-04-27 18:46:43.505,1794.8,1799.1,1782.0,1797.2,11423.6864
2025-04-27 19:46:43.505,1796.4,1806.7,1791.7,1795.9,16704.7317
2025-04-27 20:46:43.505,1795.6,1796.4,1788.0,1792.6,13607.8059
2025-04-27 21:46:43.505,1792.5,1797.1,1786.0,1794.2,6285.7869
2025-04-27 22:46:43.505,1794.2,1800.8,1791.9,1796.9,4306.3044
2025-04-27 23:46:43.505,1796.9,1807.2,1796.1,1802.4,7141.3108
2025-04-28 00:46:43.505,1802.3,1807.2,1800.0,1806.9,18143.0511
2025-04-28 01:46:43.505,1807.0,1807.0,1797.2,1801.4,7492.526
2025-04-28 02:46:43.505,1801.4,1806.3,1795.0,1802.0,6519.4939
2025-04-28 03:46:43.505,1802.0,1802.2,1783.7,1793.3,16267.7604
2025-04-28 04:46:43.505,1793.4,1795.4,1787.1,1790.0,6866.0263
2025-04-28 05:46:43.505,1789.9,1792.5,1768.6,1772.5,43130.1104
2025-04-28 06:46:43.505,1772.4,1777.1,1751.9,1763.0,39956.8663
2025-04-28 07:46:43.505,1762.6,1772.9,1760.7,1771.6,16550.2027
2025-04-28 08:46:43.505,1771.8,1786.0,1768.4,1783.6,18754.4601
2025-04-28 09:46:43.505,1783.6,1793.2,1783.1,1786.9,32948.4771
2025-04-28 10:46:43.505,1786.9,1801.7,1785.2,1794.7,24011.5707
2025-04-28 11:46:43.505,1794.7,1805.5,1794.7,1804.3,22350.3997
2025-04-28 12:46:43.505,1804.4,1811.4,1799.7,1803.4,38141.8805
2025-04-28 13:46:43.505,1803.6,1809.3,1800.8,1808.2,16763.1961
2025-04-28 14:46:43.505,1808.3,1814.2,1803.7,1804.6,16629.2812
2025-04-28 15:46:43.505,1804.6,1823.6,1787.5,1814.4,38221.7656
2025-04-28 16:46:43.505,1814.4,1826.3,1809.6,1814.8,18571.7684
2025-04-28 17:46:43.505,1814.9,1815.6,1804.4,1807.0,14096.8987
2025-04-28 18:46:43.505,1805.8,1809.4,1781.7,1782.9,48591.3477
2025-04-28 19:46:43.505,1783.4,1797.8,1778.8,1780.8,48446.7214
2025-04-28 20:46:43.505,1780.8,1783.9,1751.8,1762.5,56189.5028
2025-04-28 21:46:43.505,1762.6,1767.8,1743.3,1757.0,114104.9299
2025-04-28 22:46:43.505,1757.0,1774.0,1753.9,1769.9,41194.2345
2025-04-28 23:46:43.505,1769.9,1780.8,1763.8,1777.5,58641.4282
2025-04-29 00:46:43.505,1777.3,1803.7,1777.1,1794.8,57143.0316
2025-04-29 01:46:43.505,1796.2,1797.9,1782.7,1785.2,32525.6707
2025-04-29 02:46:43.505,1784.8,1793.1,1779.8,1792.5,7773.6304
2025-04-29 03:46:43.505,1792.4,1804.5,1790.6,1800.9,25018.742
2025-04-29 04:46:43.505,1801.0,1805.1,1794.0,1798.9,41482.1195
2025-04-29 05:46:43.505,1798.8,1804.7,1793.0,1801.2,18120.6382
2025-04-29 06:46:43.505,1800.8,1810.0,1791.1,1795.7,35476.7152
2025-04-29 07:46:43.505,1796.1,1800.9,1786.4,1793.3,9757.8921
2025-04-29 08:46:43.505,1793.9,1803.9,1791.1,1801.0,11113.2709
2025-04-29 09:46:43.505,1800.9,1803.8,1788.0,1791.0,10198.4519
2025-04-29 10:46:43.505,1791.1,1795.5,1786.9,1794.0,14173.8365
2025-04-29 11:46:43.505,1793.9,1821.2,1793.4,1820.3,29012.2069
2025-04-29 12:46:43.505,1820.6,1824.2,1815.5,1820.9,22975.4893
2025-04-29 13:46:43.505,1820.9,1834.0,1816.0,1831.8,36952.4845
2025-04-29 14:46:43.505,1832.0,1834.4,1823.5,1831.1,26147.8054
2025-04-29 15:46:43.505,1831.1,1841.5,1822.3,1824.8,26543.464
2025-04-29 16:46:43.505,1824.5,1837.5,1824.4,1828.8,13319.6559
2025-04-29 17:46:43.505,1828.8,1832.5,1820.2,1821.2,19859.5892
2025-04-29 18:46:43.505,1820.8,1823.9,1802.6,1813.8,44328.7899
2025-04-29 19:46:43.505,1813.7,1825.5,1809.3,1822.9,25981.2623
2025-04-29 20:46:43.505,1822.9,1824.5,1811.6,1814.5,18983.227
2025-04-29 21:46:43.505,1814.4,1831.9,1812.7,1815.6,20131.8734
2025-04-29 22:46:43.505,1815.6,1829.5,1806.3,1824.7,52019.6269
2025-04-29 23:46:43.505,1824.9,1828.6,1820.4,1825.3,21483.1116
2025-04-30 00:46:43.505,1825.4,1828.2,1818.6,1821.0,15258.3558
2025-04-30 01:46:43.505,1821.5,1825.5,1806.7,1808.1,29168.8703
2025-04-30 02:46:43.505,1808.2,1811.0,1788.9,1799.8,100486.5918
2025-04-30 03:46:43.505,1799.5,1799.8,1789.0,1791.4,21720.9691
2025-04-30 04:46:43.505,1791.4,1799.0,1779.5,1796.8,35894.455
2025-04-30 05:46:43.505,1796.9,1812.1,1794.1,1804.7,18278.647
2025-04-30 06:46:43.505,1804.6,1805.4,1788.0,1796.7,16828.3437
2025-04-30 07:46:43.505,1796.6,1805.4,1792.4,1802.3,31162.3449
2025-04-30 08:46:43.505,1802.3,1812.5,1797.3,1808.1,35911.0159
2025-04-30 09:46:43.505,1808.3,1812.2,1804.6,1811.3,11104.6572
2025-04-30 10:46:43.505,1811.4,1811.6,1800.6,1805.3,11575.4324
2025-04-30 11:46:43.505,1805.6,1808.1,1802.0,1802.8,10710.706
2025-04-30 12:46:43.505,1802.4,1806.7,1790.1,1795.6,6581.262
2025-04-30 13:46:43.505,1795.8,1801.7,1792.2,1794.5,7001.0056
2025-04-30 14:46:43.505,1794.5,1807.7,1794.2,1805.5,11029.2278
2025-04-30 15:46:43.505,1806.0,1809.7,1803.1,1807.3,3859.9883
2025-04-30 16:46:43.505,1807.4,1815.5,1807.2,1814.6,10557.5532
2025-04-30 17:46:43.505,1814.6,1815.4,1766.5,1774.5,81681.3266
2025-04-30 18:46:43.505,1774.8,1774.9,1735.1,1739.5,114261.527
2025-04-30 19:46:43.505,1740.0,1772.2,1731.8,1758.2,89191.3831
2025-04-30 20:46:43.505,1758.2,1771.0,1756.7,1764.1,32178.5556
2025-04-30 21:46:43.505,1763.9,1771.7,1755.5,1767.2,45899.4886
2025-04-30 22:46:43.505,1767.2,1779.1,1761.4,1775.5,46130.7331
2025-04-30 23:46:43.505,1775.5,1789.9,1773.1,1782.7,37507.145
2025-05-01 00:46:43.505,1782.6,1792.5,1775.8,1786.3,43218.929
2025-05-01 01:46:43.505,1786.4,1809.8,1785.1,1794.9,35378.2633
2025-05-01 02:46:43.505,1794.2,1800.8,1790.6,1792.4,15509.9597
2025-05-01 03:46:43.505,1792.3,1799.7,1789.1,1795.6,26618.8266
2025-05-01 04:46:43.505,1795.6,1799.8,1792.2,1793.7,6548.0302
2025-05-01 05:46:43.505,1793.6,1799.0,1792.5,1797.2,23497.7424
2025-05-01 06:46:43.505,1797.2,1810.5,1797.2,1810.1,24297.5591
2025-05-01 07:46:43.505,1810.2,1818.9,1805.8,1807.1,69804.7678
2025-05-01 08:46:43.505,1807.1,1814.1,1805.8,1808.2,13533.6939
2025-05-01 09:46:43.505,1808.3,1810.2,1803.1,1809.0,12024.7581
2025-05-01 10:46:43.505,1809.1,1816.6,1804.4,1813.2,18908.4871
2025-05-01 11:46:43.505,1813.3,1815.1,1804.4,1806.5,9025.8833
2025-05-01 12:46:43.505,1806.3,1814.3,1801.9,1809.9,5449.1272
2025-05-01 13:46:43.505,1810.0,1819.3,1808.1,1817.6,18208.8606
2025-05-01 14:46:43.505,1817.6,1826.0,1814.4,1817.2,32463.7505
2025-05-01 15:46:43.505,1817.3,1850.0,1817.2,1846.9,34364.7042
2025-05-01 16:46:43.505,1847.7,1859.5,1838.0,1845.0,51132.8885
2025-05-01 17:46:43.505,1845.0,1854.8,1841.9,1848.7,23903.3213
2025-05-01 18:46:43.505,1848.7,1851.5,1825.0,1826.6,88618.5152
2025-05-01 19:46:43.505,1826.6,1849.0,1826.5,1848.5,56167.9034
2025-05-01 20:46:43.505,1848.5,1872.4,1843.8,1852.4,76743.1576
2025-05-01 21:46:43.505,1852.4,1869.9,1852.3,1859.1,29904.7766
2025-05-01 22:46:43.505,1859.2,1864.7,1845.9,1855.2,22407.0178
2025-05-01 23:46:43.505,1855.2,1857.1,1846.8,1855.0,14799.6003
2025-05-02 00:46:43.505,1855.1,1855.2,1839.8,1842.7,17788.9396
2025-05-02 01:46:43.505,1842.4,1850.3,1835.9,1838.8,29146.8771
2025-05-02 02:46:43.505,1838.7,1848.3,1838.4,1842.1,18708.7521
2025-05-02 03:46:43.505,1843.0,1845.0,1836.7,1837.7,5496.1383
2025-05-02 04:46:43.505,1837.8,1839.8,1833.0,1837.5,12269.3417
2025-05-02 05:46:43.505,1837.6,1849.1,1834.0,1846.6,11394.9248
2025-05-02 06:46:43.505,1846.6,1850.1,1837.8,1841.8,10728.8277
2025-05-02 07:46:43.505,1841.7,1848.7,1838.1,1845.9,8194.535
2025-05-02 08:46:43.505,1846.0,1849.9,1842.8,1846.8,8754.8546
2025-05-02 09:46:43.505,1846.9,1850.6,1838.3,1840.8,16066.7624
2025-05-02 10:46:43.505,1840.8,1843.0,1828.7,1831.2,10264.3905
2025-05-02 11:46:43.505,1831.2,1836.2,1827.1,1831.2,8380.4311
2025-05-02 12:46:43.505,1831.2,1831.2,1815.5,1815.5,23640.9189
2025-05-02 13:46:43.505,1815.4,1825.7,1812.5,1822.6,14425.6932
2025-05-02 14:46:43.505,1822.6,1826.0,1819.3,1819.6,3951.8848
2025-05-02 15:46:43.505,1819.7,1834.4,1819.7,1828.0,9410.7608
2025-05-02 16:46:43.505,1828.3,1834.2,1828.3,1832.3,6953.8402
2025-05-02 17:46:43.505,1832.2,1841.7,1822.3,1840.1,32590.8767
2025-05-02 18:46:43.505,1840.2,1840.6,1828.1,1832.5,18159.4987
2025-05-02 19:46:43.505,1832.5,1851.0,1832.4,1847.7,25058.1535
2025-05-02 20:46:43.505,1848.2,1853.0,1831.5,1840.1,13964.0796
2025-05-02 21:46:43.505,1840.0,1868.0,1840.0,1851.8,57016.4292
2025-05-02 22:46:43.505,1851.7,1852.6,1840.8,1851.9,23493.4519
2025-05-02 23:46:43.505,1852.0,1854.8,1844.6,1848.1,6561.9983
2025-05-03 00:46:43.505,1848.0,1849.7,1830.6,1838.8,31667.2911
2025-05-03 01:46:43.505,1838.8,1847.0,1834.6,1845.5,9818.192
2025-05-03 02:46:43.505,1845.5,1845.6,1831.9,1836.3,7975.758
2025-05-03 03:46:43.505,1836.3,1838.2,1831.7,1834.0,21617.5945
2025-05-03 04:46:43.505,1833.9,1841.5,1833.4,1841.3,4006.54
2025-05-03 05:46:43.505,1841.3,1841.8,1835.3,1837.6,5130.7216
2025-05-03 06:46:43.505,1837.9,1839.5,1825.1,1827.6,8166.0277
2025-05-03 07:46:43.505,1827.6,1834.5,1827.5,1833.1,3512.5597
2025-05-03 08:46:43.505,1833.0,1836.8,1830.3,1833.8,3514.5443
2025-05-03 09:46:43.505,1833.8,1838.5,1832.8,1837.9,4787.2894
2025-05-03 10:46:43.505,1837.6,1837.6,1832.1,1832.1,3456.2852
2025-05-03 11:46:43.505,1832.2,1832.2,1823.4,1825.9,7993.9218
2025-05-03 12:46:43.505,1825.9,1828.6,1823.8,1825.2,2206.6242
2025-05-03 13:46:43.505,1825.2,1829.1,1821.1,1824.3,4030.7097
2025-05-03 14:46:43.505,1824.4,1827.4,1818.6,1826.4,5373.4461
2025-05-03 15:46:43.505,1826.3,1829.0,1816.3,1818.2,7872.5118
2025-05-03 16:46:43.505,1818.1,1825.3,1817.6,1823.4,5879.0953
2025-05-03 17:46:43.505,1823.0,1831.7,1823.0,1828.6,10198.3151
2025-05-03 18:46:43.505,1828.5,1836.1,1828.3,1834.3,14887.5169
2025-05-03 19:46:43.505,1834.2,1836.2,1830.4,1834.4,5606.7059
2025-05-03 20:46:43.505,1834.4,1839.2,1832.1,1833.5,9489.3936
2025-05-03 21:46:43.505,1833.5,1834.2,1822.5,1826.2,9663.5074
2025-05-03 22:46:43.505,1826.2,1826.2,1809.3,1823.0,33685.244
2025-05-03 23:46:43.505,1823.1,1830.1,1821.8,1824.7,6788.7727
2025-05-04 00:46:43.505,1824.8,1838.1,1824.4,1837.4,17202.3603
2025-05-04 01:46:43.505,1837.4,1838.9,1834.0,1837.9,7650.2361
2025-05-04 02:46:43.505,1838.0,1848.2,1835.5,1840.3,15857.3942
2025-05-04 03:46:43.505,1840.3,1845.1,1835.4,1842.4,19685.1624
2025-05-04 04:46:43.505,1842.4,1842.6,1827.9,1832.7,29580.6865
2025-05-04 05:46:43.505,1832.7,1841.7,1829.4,1835.8,29883.0769
2025-05-04 06:46:43.505,1835.8,1840.7,1828.6,1836.8,15250.5904
2025-05-04 07:46:43.505,1836.8,1849.3,1829.1,1833.3,31086.7362
2025-05-04 08:46:43.505,1833.3,1835.8,1825.6,1831.4,31209.0303
2025-05-04 09:46:43.505,1831.3,1836.6,1828.9,1830.0,8486.1528
2025-05-04 10:46:43.505,1830.0,1849.3,1829.9,1845.3,23037.9585
2025-05-04 11:46:43.505,1845.3,1848.7,1839.1,1844.9,13717.3648
2025-05-04 12:46:43.505,1844.9,1846.1,1835.7,1840.4,13515.1172
2025-05-04 13:46:43.505,1840.3,1840.7,1828.6,1830.6,5230.2188
2025-05-04 14:46:43.505,1830.6,1832.1,1822.9,1827.2,20906.1897
2025-05-04 15:46:43.505,1827.4,1828.9,1821.3,1827.0,9044.0731
2025-05-04 16:46:43.505,1826.7,1836.0,1825.3,1827.4,27243.1867
2025-05-04 17:46:43.505,1827.3,1833.4,1826.9,1829.6,17049.1331
2025-05-04 18:46:43.505,1829.7,1832.4,1817.1,1824.7,22023.6161
2025-05-04 19:46:43.505,1824.7,1831.8,1824.0,1830.5,12237.8365
2025-05-04 20:46:43.505,1830.5,1832.9,1824.6,1829.9,28980.468
2025-05-04 21:46:43.505,1829.8,1832.2,1821.7,1826.9,11740.1108
2025-05-04 22:46:43.505,1826.8,1830.5,1821.0,1826.7,16833.0553
2025-05-04 23:46:43.505,1826.6,1829.7,1824.7,1824.9,4845.1714
2025-05-05 00:46:43.505,1824.8,1829.7,1823.8,1826.8,10640.5758
2025-05-05 01:46:43.505,1826.8,1841.5,1826.7,1835.0,12249.0058
2025-05-05 02:46:43.505,1835.0,1836.3,1831.0,1834.6,2538.129
2025-05-05 03:46:43.505,1833.4,1833.4,1810.8,1817.3,48292.3621
2025-05-05 04:46:43.505,1817.1,1818.5,1802.1,1807.9,22745.832
2025-05-05 05:46:43.505,1808.0,1817.4,1805.5,1815.0,33138.8446
2025-05-05 06:46:43.505,1815.0,1816.2,1781.6,1791.4,39824.7497
2025-05-05 07:46:43.505,1790.9,1801.7,1781.3,1798.6,34627.5064
2025-05-05 08:46:43.505,1798.6,1800.2,1792.4,1794.1,6784.5312
2025-05-05 09:46:43.505,1794.0,1804.5,1792.2,1804.3,4378.7641
2025-05-05 10:46:43.505,1804.3,1816.9,1800.5,1815.5,18459.5429
2025-05-05 11:46:43.505,1815.7,1821.9,1811.0,1819.9,34268.3483
2025-05-05 12:46:43.505,1819.9,1829.2,1816.4,1826.3,12386.5712
2025-05-05 13:46:43.505,1826.3,1830.8,1823.1,1828.0,5695.095
2025-05-05 14:46:43.505,1828.0,1830.2,1822.1,1822.9,5891.0741
2025-05-05 15:46:43.505,1822.9,1823.3,1797.9,1804.5,24899.8961
2025-05-05 16:46:43.505,1804.5,1810.5,1798.6,1804.1,19004.3329
2025-05-05 17:46:43.505,1804.1,1808.9,1799.2,1805.1,26690.5665
2025-05-05 18:46:43.505,1805.1,1808.8,1793.6,1807.5,42421.143
2025-05-05 19:46:43.505,1808.3,1814.9,1799.0,1804.3,22471.766
2025-05-05 20:46:43.505,1804.3,1808.0,1795.0,1800.5,16771.9167
2025-05-05 21:46:43.505,1800.5,1811.4,1800.5,1807.4,19540.068
2025-05-05 22:46:43.505,1807.4,1817.3,1804.9,1813.9,8043.4103
2025-05-05 23:46:43.505,1814.0,1828.3,1811.6,1821.8,27732.5795
2025-05-06 00:46:43.505,1821.8,1825.7,1813.3,1815.3,8466.109
2025-05-06 01:46:43.505,1815.3,1815.5,1798.4,1808.1,29432.3817
2025-05-06 02:46:43.505,1808.1,1818.3,1807.7,1815.7,10786.9187
2025-05-06 03:46:43.505,1815.7,1832.8,1815.4,1825.0,18472.6058
2025-05-06 04:46:43.505,1825.0,1829.2,1815.9,1819.0,12165.6974
2025-05-06 05:46:43.505,1819.0,1819.4,1809.7,1813.1,11887.9074
2025-05-06 06:46:43.505,1813.1,1820.2,1802.1,1803.3,14658.2139
2025-05-06 07:46:43.505,1803.4,1806.0,1792.2,1802.9,22726.6694
2025-05-06 08:46:43.505,1802.9,1806.7,1796.7,1805.4,12605.6906
2025-05-06 09:46:43.505,1805.5,1808.1,1802.8,1806.3,3845.0292
2025-05-06 10:46:43.505,1806.3,1807.3,1797.5,1798.2,5410.4949
2025-05-06 11:46:43.505,1798.2,1805.5,1798.1,1805.5,3784.1461
2025-05-06 12:46:43.505,1805.5,1808.9,1800.6,1805.1,16839.5895
2025-05-06 13:46:43.505,1805.2,1805.2,1788.1,1800.7,11595.7047
2025-05-06 14:46:43.505,1800.7,1800.9,1791.2,1797.1,4779.3197
2025-05-06 15:46:43.505,1796.8,1797.2,1781.5,1784.3,15985.5181
2025-05-06 16:46:43.505,1784.2,1789.4,1756.3,1769.1,42510.0261
2025-05-06 17:46:43.505,1769.0,1777.0,1765.7,1774.6,46657.1679
2025-05-06 18:46:43.505,1774.7,1775.1,1751.4,1758.6,34412.5417
2025-05-06 19:46:43.505,1759.1,1779.1,1758.5,1768.6,44619.0795
2025-05-06 20:46:43.505,1768.5,1779.1,1760.0,1769.6,26537.5081
2025-05-06 21:46:43.505,1769.9,1774.3,1761.3,1762.4,21161.9027
2025-05-06 22:46:43.505,1762.5,1776.0,1762.5,1766.9,18800.6353
2025-05-06 23:46:43.505,1767.0,1790.4,1766.2,1789.2,16793.7012
2025-05-07 00:46:43.505,1789.2,1798.5,1783.7,1784.1,25102.3727
2025-05-07 01:46:43.505,1784.3,1788.6,1767.2,1774.7,30891.1168
2025-05-07 02:46:43.505,1774.7,1780.5,1765.0,1775.3,10164.2064
2025-05-07 03:46:43.505,1775.0,1813.1,1775.0,1810.8,80446.4789
2025-05-07 04:46:43.505,1810.6,1819.6,1801.4,1816.7,52615.3716
2025-05-07 05:46:43.505,1816.6,1845.7,1814.0,1841.8,93421.7758
2025-05-07 06:46:43.505,1841.8,1849.0,1828.4,1832.9,21592.2963
2025-05-07 07:46:43.505,1832.0,1834.4,1821.2,1824.2,17512.2346
2025-05-07 08:46:43.505,1824.2,1827.8,1816.3,1825.7,16126.9921
2025-05-07 09:46:43.505,1825.6,1832.5,1824.0,1827.9,14113.9995
2025-05-07 10:46:43.505,1827.9,1829.7,1824.9,1827.4,6092.7572
2025-05-07 11:46:43.505,1827.4,1833.4,1825.6,1829.9,8629.2446
2025-05-07 12:46:43.505,1829.8,1838.1,1829.3,1837.7,17717.0643
2025-05-07 13:46:43.505,1837.7,1843.5,1833.6,1839.9,10212.298
2025-05-07 14:46:43.505,1839.9,1844.6,1837.4,1843.6,9998.7767
2025-05-07 15:46:43.505,1843.5,1846.3,1829.9,1832.8,19212.0331
2025-05-07 16:46:43.505,1833.0,1836.5,1830.2,1835.3,7810.3942
2025-05-07 17:46:43.505,1835.7,1836.1,1826.1,1829.8,14890.7022
2025-05-07 18:46:43.505,1829.9,1834.9,1822.1,1828.5,13200.5907
2025-05-07 19:46:43.505,1828.5,1832.3,1816.0,1822.3,46280.3326
2025-05-07 20:46:43.505,1822.2,1825.0,1814.5,1817.0,41625.6985
2025-05-07 21:46:43.505,1817.0,1817.6,1799.6,1811.8,50688.6196
2025-05-07 22:46:43.505,1811.8,1813.0,1789.2,1796.0,58465.477
2025-05-07 23:46:43.505,1795.9,1816.8,1788.9,1806.4,121973.2767
2025-05-08 00:46:43.505,1806.5,1808.1,1786.4,1795.5,42171.5461
2025-05-08 01:46:43.505,1795.6,1800.7,1788.6,1797.8,22289.4143
2025-05-08 02:46:43.505,1797.8,1809.0,1795.7,1802.2,21416.8215
2025-05-08 03:46:43.505,1802.6,1822.1,1800.5,1816.7,48456.9906
2025-05-08 04:46:43.505,1816.8,1825.8,1808.4,1811.2,40161.6397
2025-05-08 05:46:43.505,1811.0,1828.6,1808.7,1827.3,56260.4058
2025-05-08 06:46:43.505,1827.3,1837.5,1819.4,1822.6,64453.0149
2025-05-08 07:46:43.505,1822.7,1847.9,1822.6,1841.3,34372.5745
2025-05-08 08:46:43.505,1841.5,1907.9,1839.0,1901.6,143944.4819
2025-05-08 09:46:43.505,1901.6,1916.3,1893.4,1894.1,68409.0107
2025-05-08 10:46:43.505,1894.1,1905.8,1892.5,1897.1,23578.1284
2025-05-08 11:46:43.505,1897.1,1912.4,1896.3,1911.7,22271.2495
2025-05-08 12:46:43.505,1911.7,1940.7,1908.7,1929.3,45443.1337
2025-05-08 13:46:43.505,1929.4,1946.6,1927.2,1935.8,19737.4509
2025-05-08 14:46:43.505,1935.8,1942.5,1930.7,1942.2,12490.4747
2025-05-08 15:46:43.505,1942.2,1969.5,1940.0,1962.1,26428.4172
2025-05-08 16:46:43.505,1962.3,1962.3,1946.6,1959.0,29141.5957
2025-05-08 17:46:43.505,1958.9,1978.6,1955.8,1961.0,36559.5617
2025-05-08 18:46:43.505,1961.0,1987.3,1960.9,1976.9,48801.2544
2025-05-08 19:46:43.505,1977.0,2012.7,1970.7,1991.1,90527.8075
2025-05-08 20:46:43.505,1991.2,2077.8,1990.0,2052.8,183300.2176
2025-05-08 21:46:43.505,2052.8,2066.4,2038.5,2051.8,55741.7285
2025-05-08 22:46:43.505,2051.7,2059.1,2038.7,2047.6,33677.2596
2025-05-08 23:46:43.505,2047.7,2076.0,2045.4,2069.3,40221.5132
2025-05-09 00:46:43.505,2069.1,2140.3,2062.1,2118.8,128237.2639
2025-05-09 01:46:43.505,2119.6,2202.8,2113.0,2188.1,169789.105
2025-05-09 02:46:43.505,2188.1,2229.8,2160.0,2182.1,155736.0706
2025-05-09 03:46:43.505,2182.1,2198.4,2170.0,2181.3,46929.2376
2025-05-09 04:46:43.505,2181.4,2210.8,2168.6,2209.8,45113.0099
2025-05-09 05:46:43.505,2209.9,2217.0,2186.4,2202.7,34258.4457
2025-05-09 06:46:43.505,2202.6,2246.4,2191.8,2207.5,100684.4734
2025-05-09 07:46:43.505,2207.7,2250.0,2195.9,2218.9,101398.0565
2025-05-09 08:46:43.505,2218.8,2247.0,2199.4,2206.3,134268.5509
2025-05-09 09:46:43.505,2206.5,2224.0,2204.4,2215.2,16790.7996
2025-05-09 10:46:43.505,2215.3,2221.1,2207.3,2216.9,19359.387
2025-05-09 11:46:43.505,2217.0,2261.5,2216.4,2259.1,44919.0048
2025-05-09 12:46:43.505,2258.8,2396.9,2257.9,2367.1,164050.8879
2025-05-09 13:46:43.505,2367.6,2491.9,2365.7,2414.6,229021.9708
2025-05-09 14:46:43.505,2414.6,2424.8,2296.4,2343.2,110616.8758
2025-05-09 15:46:43.505,2343.3,2361.7,2331.2,2351.0,38603.5722
2025-05-09 16:46:43.505,2350.9,2378.0,2317.7,2353.5,69389.4511
2025-05-09 17:46:43.505,2353.2,2354.8,2328.6,2341.9,29626.0855
2025-05-09 18:46:43.505,2342.1,2390.4,2331.9,2372.1,40668.3651
2025-05-09 19:46:43.505,2372.1,2372.2,2276.9,2306.9,107966.07
2025-05-09 20:46:43.505,2307.5,2322.8,2284.5,2302.9,56069.8874
2025-05-09 21:46:43.505,2302.8,2317.4,2276.9,2299.5,35679.1145
2025-05-09 22:46:43.505,2299.5,2357.5,2296.2,2352.2,57471.5948
2025-05-09 23:46:43.505,2352.2,2354.3,2330.3,2341.7,25244.894
2025-05-10 00:46:43.505,2341.7,2346.1,2312.2,2332.8,32849.0809
2025-05-10 01:46:43.505,2332.8,2353.5,2328.2,2341.7,13841.5948
2025-05-10 02:46:43.505,2341.7,2345.0,2323.9,2339.3,14300.144
2025-05-10 03:46:43.505,2339.4,2347.1,2329.9,2336.3,21355.8752
2025-05-10 04:46:43.505,2336.3,2349.4,2334.6,2347.0,25316.5037
2025-05-10 05:46:43.505,2347.0,2382.6,2320.9,2328.1,58555.9426
2025-05-10 06:46:43.505,2328.1,2356.4,2327.6,2337.0,29107.1251
2025-05-10 07:46:43.505,2337.0,2350.4,2334.4,2343.8,18347.8028
2025-05-10 08:46:43.505,2343.8,2343.9,2332.8,2341.6,17458.8635
2025-05-10 09:46:43.505,2341.5,2341.5,2328.2,2338.6,8547.0714
2025-05-10 10:46:43.505,2338.6,2356.7,2338.6,2355.0,12541.3874
2025-05-10 11:46:43.505,2355.1,2380.0,2352.5,2368.7,34186.6736
2025-05-10 12:46:43.505,2369.3,2418.6,2357.1,2401.5,35491.3483
2025-05-10 13:46:43.505,2401.4,2437.3,2366.7,2383.4,45664.5316
2025-05-10 14:46:43.505,2383.6,2422.8,2368.1,2401.7,35741.5955
2025-05-10 15:46:43.505,2401.7,2429.9,2386.9,2398.5,39329.6937
2025-05-10 16:46:43.505,2398.1,2405.0,2376.7,2385.6,27583.476
2025-05-10 17:46:43.505,2385.6,2422.5,2385.6,2409.8,22955.2007
2025-05-10 18:46:43.505,2409.7,2448.9,2409.7,2439.3,27291.9349
2025-05-10 19:46:43.505,2439.4,2446.8,2409.1,2437.5,43440.7843
2025-05-10 20:46:43.505,2437.9,2448.1,2424.6,2435.9,27885.4742
2025-05-10 21:46:43.505,2435.9,2475.0,2430.4,2462.9,43963.5577
2025-05-10 22:46:43.505,2462.9,2513.7,2455.2,2463.0,92340.8506
2025-05-10 23:46:43.505,2462.9,2509.6,2459.3,2497.7,30185.4084
2025-05-11 00:46:43.505,2497.7,2509.1,2479.3,2501.2,24154.8567
2025-05-11 01:46:43.505,2501.2,2506.8,2472.5,2492.6,24635.3664
2025-05-11 02:46:43.505,2492.7,2547.6,2492.5,2538.4,53401.7302
2025-05-11 03:46:43.505,2538.4,2588.0,2523.6,2580.2,56242.8359
2025-05-11 04:46:43.505,2580.1,2602.5,2567.0,2585.7,84277.2447
2025-05-11 05:46:43.505,2585.8,2606.9,2510.4,2546.2,78477.054
2025-05-11 06:46:43.505,2546.1,2559.1,2515.3,2535.5,43044.2866
2025-05-11 07:46:43.505,2535.4,2568.1,2525.1,2545.8,42332.424
2025-05-11 08:46:43.505,2545.8,2556.9,2532.7,2540.4,15781.5814
2025-05-11 09:46:43.505,2539.3,2551.3,2532.2,2547.0,22474.2548
2025-05-11 10:46:43.505,2546.8,2564.1,2538.3,2556.5,24479.9002
2025-05-11 11:46:43.505,2556.6,2557.9,2508.2,2522.6,40094.4449
2025-05-11 12:46:43.505,2522.7,2522.8,2455.5,2474.5,86863.2809
2025-05-11 13:46:43.505,2474.1,2505.9,2473.2,2482.1,27248.04
2025-05-11 14:46:43.505,2482.0,2523.5,2482.0,2516.9,14394.9974
2025-05-11 15:46:43.505,2516.9,2522.7,2496.9,2511.5,22192.4565
2025-05-11 16:46:43.505,2511.5,2537.2,2508.5,2532.5,21793.1743
2025-05-11 17:46:43.505,2532.5,2533.4,2511.8,2517.6,12688.5301
2025-05-11 18:46:43.505,2517.6,2531.4,2467.1,2470.0,75164.5669
2025-05-11 19:46:43.505,2470.0,2496.0,2469.9,2488.2,19195.3204
2025-05-11 20:46:43.505,2488.2,2506.5,2440.1,2463.4,30540.8917
2025-05-11 21:46:43.505,2463.4,2481.4,2442.0,2473.1,28490.7344
2025-05-11 22:46:43.505,2472.5,2497.9,2467.8,2493.1,22761.7902
2025-05-11 23:46:43.505,2493.1,2517.0,2474.0,2507.0,26644.0861
2025-05-12 00:46:43.505,2507.0,2528.2,2504.6,2509.7,22364.6521
2025-05-12 01:46:43.505,2509.7,2514.7,2496.4,2511.8,23449.0543
2025-05-12 02:46:43.505,2511.6,2522.9,2499.6,2519.8,26542.8166
2025-05-12 03:46:43.505,2519.7,2531.6,2485.6,2504.7,41404.29
2025-05-12 04:46:43.505,2504.8,2517.2,2499.9,2516.5,15999.5076
2025-05-12 05:46:43.505,2516.5,2547.6,2512.6,2533.9,43744.4257
2025-05-12 06:46:43.505,2533.8,2550.0,2493.9,2506.4,43106.8244
2025-05-12 07:46:43.505,2506.5,2537.0,2504.2,2524.9,27826.4401
2025-05-12 08:46:43.505,2524.8,2529.3,2511.8,2521.5,11698.5184
2025-05-12 09:46:43.505,2521.5,2529.7,2509.4,2520.6,12448.0257
2025-05-12 10:46:43.505,2521.0,2522.8,2493.7,2499.3,24136.0082
2025-05-12 11:46:43.505,2499.4,2523.8,2488.4,2519.7,30286.2112
2025-05-12 12:46:43.505,2520.0,2626.0,2520.0,2555.6,153733.2213
2025-05-12 13:46:43.505,2556.3,2588.0,2534.0,2580.3,75982.1891
2025-05-12 14:46:43.505,2580.3,2585.0,2550.0,2552.3,35648.3583
2025-05-12 15:46:43.505,2552.4,2566.1,2542.0,2562.7,35893.9532
2025-05-12 16:46:43.505,2562.6,2569.0,2525.0,2532.4,27362.8424
2025-05-12 17:46:43.505,2532.2,2562.4,2531.8,2551.2,31467.8954
2025-05-12 18:46:43.505,2551.3,2579.1,2546.0,2559.5,94559.795
2025-05-12 19:46:43.505,2559.5,2572.0,2492.7,2508.0,80768.9782
2025-05-12 20:46:43.505,2508.1,2517.6,2484.3,2489.6,86567.7773
2025-05-12 21:46:43.505,2489.4,2510.9,2474.6,2502.7,24041.733
2025-05-12 22:46:43.505,2502.7,2515.0,2467.3,2478.5,39848.8119
2025-05-12 23:46:43.505,2478.7,2487.0,2412.4,2436.3,91970.6371
2025-05-13 00:46:43.505,2436.2,2469.4,2430.5,2462.0,26979.0993
2025-05-13 01:46:43.505,2461.9,2498.0,2454.0,2487.3,25262.2682
2025-05-13 02:46:43.505,2487.7,2493.8,2468.6,2481.1,26087.5969
2025-05-13 03:46:43.505,2481.5,2499.5,2475.8,2487.5,23704.1611
2025-05-13 04:46:43.505,2487.6,2502.0,2486.9,2496.8,14168.0744
2025-05-13 05:46:43.505,2496.9,2497.0,2460.4,2464.7,14735.4289
2025-05-13 06:46:43.505,2464.5,2477.5,2441.8,2454.0,25842.2828
2025-05-13 07:46:43.505,2454.1,2459.1,2416.0,2440.7,46446.7667
2025-05-13 08:46:43.505,2440.3,2445.3,2418.4,2425.7,13193.2743
2025-05-13 09:46:43.505,2425.7,2459.3,2420.2,2456.3,12428.0059
2025-05-13 10:46:43.505,2456.3,2464.0,2440.1,2450.6,8866.8515
2025-05-13 11:46:43.505,2450.8,2461.6,2448.1,2454.1,5561.6146
2025-05-13 12:46:43.505,2454.1,2480.9,2453.5,2460.8,10603.5347
2025-05-13 13:46:43.505,2460.8,2471.4,2451.6,2457.8,7406.0643
2025-05-13 14:46:43.505,2457.9,2488.5,2457.3,2486.0,16461.9826
2025-05-13 15:46:43.505,2486.0,2488.4,2474.0,2483.7,10720.6739
2025-05-13 16:46:43.505,2483.6,2527.8,2480.0,2514.8,36745.8048
2025-05-13 17:46:43.505,2514.7,2540.3,2493.1,2525.6,60660.7952
2025-05-13 18:46:43.505,2525.7,2564.1,2521.8,2550.8,53035.9415
2025-05-13 19:46:43.505,2551.0,2557.0,2528.3,2545.9,47628.5683
2025-05-13 20:46:43.505,2545.5,2574.3,2540.8,2566.1,90482.7946
2025-05-13 21:46:43.505,2566.1,2601.0,2560.5,2598.9,88856.8287
2025-05-13 22:46:43.505,2598.9,2622.9,2591.1,2611.7,93300.9758
2025-05-13 23:46:43.505,2611.6,2672.8,2607.4,2671.0,80113.2384
2025-05-14 00:46:43.505,2671.0,2740.3,2654.5,2690.5,178186.3778
2025-05-14 01:46:43.505,2690.9,2696.9,2655.3,2689.5,68765.8383
2025-05-14 02:46:43.505,2689.5,2692.4,2668.8,2690.4,24184.8836
2025-05-14 03:46:43.505,2690.4,2707.5,2675.9,2679.2,28559.2742
2025-05-14 04:46:43.505,2679.2,2686.4,2657.2,2679.9,22773.8826
2025-05-14 05:46:43.505,2679.9,2699.9,2672.8,2696.1,50251.642
2025-05-14 06:46:43.505,2696.1,2725.8,2661.7,2670.5,108815.7324
2025-05-14 07:46:43.505,2670.5,2670.5,2621.6,2637.6,115922.8235
2025-05-14 08:46:43.505,2637.5,2647.5,2624.7,2647.1,29786.3027
2025-05-14 09:46:43.505,2647.1,2674.2,2636.5,2674.1,17211.8566
2025-05-14 10:46:43.505,2674.4,2687.8,2663.8,2673.9,32179.6289
2025-05-14 11:46:43.505,2673.9,2678.0,2660.9,2674.5,15006.217
2025-05-14 12:46:43.505,2674.6,2674.6,2639.1,2641.1,43917.1369
2025-05-14 13:46:43.505,2640.7,2645.8,2589.9,2596.2,47927.5916
2025-05-14 14:46:43.505,2596.2,2609.8,2578.8,2608.0,45931.6958
2025-05-14 15:46:43.505,2608.1,2617.0,2589.4,2594.6,27202.4892
2025-05-14 16:46:43.505,2595.2,2635.6,2595.2,2625.3,38036.1352
2025-05-14 17:46:43.505,2625.4,2635.6,2605.4,2613.0,29506.0485
2025-05-14 18:46:43.505,2613.2,2627.2,2580.0,2606.4,58312.1923
2025-05-14 19:46:43.505,2606.4,2606.4,2560.0,2584.2,59914.2263
2025-05-14 20:46:43.505,2584.2,2601.7,2561.9,2598.2,34454.3638
2025-05-14 21:46:43.505,2598.3,2600.4,2578.6,2590.3,24841.7146
2025-05-14 22:46:43.505,2590.3,2592.5,2548.5,2591.2,39168.0971
2025-05-14 23:46:43.505,2591.1,2614.5,2580.2,2614.5,48752.3346
2025-05-15 00:46:43.505,2614.5,2617.8,2598.8,2604.9,23833.1325
2025-05-15 01:46:43.505,2604.9,2610.0,2598.1,2601.0,8790.192
2025-05-15 02:46:43.505,2601.1,2610.1,2584.3,2606.8,15502.2041
2025-05-15 03:46:43.505,2606.9,2607.5,2586.3,2595.4,18993.9737
2025-05-15 04:46:43.505,2595.5,2614.0,2584.2,2609.4,34643.4081
2025-05-15 05:46:43.505,2609.5,2647.1,2606.6,2632.5,56278.9184
2025-05-15 06:46:43.505,2632.5,2637.5,2567.9,2577.6,46078.6882
2025-05-15 07:46:43.505,2577.7,2597.9,2570.8,2591.0,22084.4087
2025-05-15 08:46:43.505,2591.0,2594.7,2570.3,2575.0,13694.4236
2025-05-15 09:46:43.505,2574.6,2594.8,2572.7,2593.0,10314.3815
2025-05-15 10:46:43.505,2592.5,2596.0,2563.3,2567.6,24752.3352
2025-05-15 11:46:43.505,2567.7,2583.5,2555.6,2573.4,17463.1877
2025-05-15 12:46:43.505,2573.5,2577.1,2515.5,2529.8,51091.192
2025-05-15 13:46:43.505,2529.9,2566.2,2528.1,2563.6,30376.5026
2025-05-15 14:46:43.505,2563.6,2565.7,2521.5,2538.4,15826.2799
2025-05-15 15:46:43.505,2538.5,2544.7,2515.8,2542.6,36865.8534
2025-05-15 16:46:43.505,2542.6,2565.0,2542.2,2553.9,12964.7131
2025-05-15 17:46:43.505,2553.9,2579.2,2543.0,2552.1,32258.2934
2025-05-15 18:46:43.505,2552.3,2567.8,2503.8,2530.8,52576.9584
2025-05-15 19:46:43.505,2530.8,2539.6,2476.0,2499.9,70589.662
2025-05-15 20:46:43.505,2499.5,2568.5,2498.6,2563.2,67513.4942
2025-05-15 21:46:43.505,2563.3,2598.4,2553.8,2597.7,42621.2773
2025-05-15 22:46:43.505,2597.7,2602.3,2567.3,2571.4,37752.2584
2025-05-15 23:46:43.505,2571.0,2577.5,2520.3,2524.8,63464.4154
2025-05-16 00:46:43.505,2524.7,2547.8,2512.9,2529.4,42001.7168
2025-05-16 01:46:43.505,2529.4,2543.5,2515.0,2536.7,37548.6375
2025-05-16 02:46:43.505,2536.6,2541.1,2511.7,2534.4,16804.9712
2025-05-16 03:46:43.505,2534.4,2563.6,2531.5,2541.2,19109.3732
2025-05-16 04:46:43.505,2540.6,2549.6,2515.6,2547.9,22252.955
2025-05-16 05:46:43.505,2548.0,2565.2,2539.5,2543.7,18720.2667
2025-05-16 06:46:43.505,2544.0,2568.4,2533.5,2566.5,34982.7372
2025-05-16 07:46:43.505,2566.5,2582.7,2555.9,2573.2,24992.1241
2025-05-16 08:46:43.505,2573.2,2583.9,2567.6,2580.5,10558.0448
2025-05-16 09:46:43.505,2580.9,2588.7,2564.0,2573.1,13561.4787
2025-05-16 10:46:43.505,2573.0,2596.7,2573.0,2594.8,29120.8988
2025-05-16 11:46:43.505,2594.8,2600.3,2587.3,2597.3,13963.2623
2025-05-16 12:46:43.505,2597.2,2618.3,2583.8,2601.5,27949.6984
2025-05-16 13:46:43.505,2601.4,2604.6,2557.6,2572.7,35783.6746
2025-05-16 14:46:43.505,2572.5,2616.4,2571.2,2610.3,16958.3618
2025-05-16 15:46:43.505,2610.5,2628.1,2605.4,2624.8,14136.7342
2025-05-16 16:46:43.505,2624.7,2648.0,2616.2,2620.4,15041.405
2025-05-16 17:46:43.505,2620.4,2622.6,2593.0,2598.6,14475.0987
2025-05-16 18:46:43.505,2598.1,2615.8,2594.3,2606.0,29336.5353
2025-05-16 19:46:43.505,2606.0,2607.5,2573.3,2585.2,48286.8621
2025-05-16 20:46:43.505,2584.9,2604.0,2584.8,2595.2,29098.5138
2025-05-16 21:46:43.505,2595.3,2601.9,2569.8,2586.9,17984.8224
2025-05-16 22:46:43.505,2586.6,2594.9,2572.5,2578.3,11954.0804
2025-05-16 23:46:43.505,2577.9,2592.3,2575.8,2587.0,13103.1218
2025-05-17 00:46:43.505,2586.7,2594.1,2577.5,2594.0,18343.6116
2025-05-17 01:46:43.505,2593.3,2593.4,2562.1,2571.7,30868.1478
2025-05-17 02:46:43.505,2571.7,2583.3,2550.7,2567.3,38848.2284
2025-05-17 03:46:43.505,2566.7,2569.5,2527.7,2544.7,64231.7796
2025-05-17 04:46:43.505,2544.8,2556.8,2529.1,2535.6,51018.0457
2025-05-17 05:46:43.505,2535.6,2535.6,2483.5,2500.7,89610.2612
2025-05-17 06:46:43.505,2500.6,2500.6,2460.6,2475.6,80082.855
2025-05-17 07:46:43.505,2475.5,2500.8,2452.2,2489.2,56229.8238
2025-05-17 08:46:43.505,2489.3,2496.2,2473.8,2495.4,23562.6913
2025-05-17 09:46:43.505,2495.7,2511.6,2490.4,2505.0,6310.712
2025-05-17 10:46:43.505,2505.0,2507.9,2473.3,2477.8,15533.2368
2025-05-17 11:46:43.505,2477.8,2495.2,2477.8,2491.9,15265.5233
2025-05-17 12:46:43.505,2492.0,2504.8,2479.7,2491.4,20320.8008
2025-05-17 13:46:43.505,2491.4,2494.9,2475.2,2479.8,27026.5243
2025-05-17 14:46:43.505,2479.8,2484.6,2465.0,2477.0,17378.1862
2025-05-17 15:46:43.505,2477.0,2490.2,2473.4,2484.4,20112.78
2025-05-17 16:46:43.505,2484.4,2487.5,2473.2,2480.4,4383.8036
2025-05-17 17:46:43.505,2480.3,2485.0,2468.8,2470.7,6879.109
2025-05-17 18:46:43.505,2470.8,2478.7,2445.4,2460.1,34862.4874
2025-05-17 19:46:43.505,2460.1,2484.7,2459.8,2481.0,17324.4121
2025-05-17 20:46:43.505,2481.1,2483.2,2471.7,2473.3,8712.2903
2025-05-17 21:46:43.505,2473.2,2479.0,2446.8,2465.4,20021.2069
2025-05-17 22:46:43.505,2465.5,2478.8,2462.8,2468.5,10363.7993
2025-05-17 23:46:43.505,2468.6,2487.6,2461.8,2466.1,11527.056
2025-05-18 00:46:43.505,2466.0,2478.6,2460.7,2468.4,20895.867
2025-05-18 01:46:43.505,2468.4,2494.6,2463.3,2487.6,40913.0928
2025-05-18 02:46:43.505,2487.9,2492.7,2479.4,2485.0,6292.3304
2025-05-18 03:46:43.505,2484.9,2484.9,2452.5,2459.0,35057.3842
2025-05-18 04:46:43.505,2459.0,2477.0,2456.1,2474.1,29168.5494
2025-05-18 05:46:43.505,2474.3,2485.0,2470.8,2481.9,10342.4152
2025-05-18 06:46:43.505,2482.4,2486.7,2472.3,2484.1,8837.3274
2025-05-18 07:46:43.505,2484.2,2486.6,2473.9,2479.7,10325.7007
2025-05-18 08:46:43.505,2479.7,2485.9,2466.8,2476.2,12310.0176
2025-05-18 09:46:43.505,2476.1,2488.3,2476.1,2484.8,6917.5346
2025-05-18 10:46:43.505,2484.8,2515.7,2484.6,2511.9,27216.2425
2025-05-18 11:46:43.505,2511.7,2512.8,2491.5,2496.6,5964.2318
2025-05-18 12:46:43.505,2496.4,2510.5,2493.8,2508.1,4471.4642
2025-05-18 13:46:43.505,2508.2,2530.4,2508.2,2517.3,51691.9023
2025-05-18 14:46:43.505,2517.3,2522.9,2503.8,2507.7,6415.7841
2025-05-18 15:46:43.505,2507.7,2513.1,2498.4,2504.9,3959.3702
2025-05-18 16:46:43.505,2504.9,2513.1,2500.8,2501.3,5094.898
2025-05-18 17:46:43.505,2501.2,2508.8,2488.7,2508.4,9044.5599
2025-05-18 18:46:43.505,2508.5,2548.9,2504.5,2543.3,37871.2887
2025-05-18 19:46:43.505,2543.4,2572.6,2530.3,2558.1,62688.3373
2025-05-18 20:46:43.505,2558.3,2589.2,2549.5,2580.2,48645.3838
2025-05-18 21:46:43.505,2580.2,2585.4,2557.5,2574.9,22338.9318
2025-05-18 22:46:43.505,2574.9,2576.5,2487.6,2492.0,105410.7409
2025-05-18 23:46:43.505,2492.0,2498.0,2453.5,2465.3,84446.5514
2025-05-19 00:46:43.505,2465.3,2474.4,2405.0,2410.3,104831.8797
2025-05-19 01:46:43.505,2410.2,2410.3,2317.1,2394.1,191735.242
2025-05-19 02:46:43.505,2394.2,2435.0,2394.1,2406.8,50386.6369
2025-05-19 03:46:43.505,2407.6,2457.8,2375.6,2457.2,93628.9808
2025-05-19 04:46:43.505,2457.2,2513.0,2437.2,2499.7,51310.0737
2025-05-19 05:46:43.505,2499.8,2515.4,2430.0,2444.7,93363.5072
2025-05-19 06:46:43.505,2444.3,2451.6,2415.9,2429.7,25368.5476
2025-05-19 07:46:43.505,2429.8,2436.4,2393.0,2402.0,30984.8697
2025-05-19 08:46:43.505,2402.0,2405.1,2380.1,2386.4,36369.9616
2025-05-19 09:46:43.505,2386.3,2406.0,2352.1,2366.8,36230.1948
2025-05-19 10:46:43.505,2366.6,2386.5,2358.0,2379.1,25899.9906
2025-05-19 11:46:43.505,2379.2,2399.4,2350.1,2354.4,36132.8204
2025-05-19 12:46:43.505,2354.5,2415.1,2353.2,2405.2,48649.281
2025-05-19 13:46:43.505,2405.1,2425.1,2392.2,2406.9,33712.5521
2025-05-19 14:46:43.505,2406.9,2416.8,2391.6,2406.9,25569.1011
2025-05-19 15:46:43.505,2406.6,2422.5,2394.0,2411.5,25711.4986
2025-05-19 16:46:43.505,2411.5,2423.7,2409.0,2419.0,7845.2366
2025-05-19 17:46:43.505,2419.1,2422.6,2386.6,2402.4,30321.9255
2025-05-19 18:46:43.505,2402.3,2443.9,2397.2,2428.2,33332.607
2025-05-19 19:46:43.505,2428.2,2456.3,2419.8,2448.4,40082.5339
2025-05-19 20:46:43.505,2448.7,2475.1,2445.0,2468.4,29049.6113
2025-05-19 21:46:43.505,2468.4,2511.0,2452.7,2510.9,31486.5611
2025-05-19 22:46:43.505,2511.0,2550.0,2503.4,2507.2,93108.2839
2025-05-19 23:46:43.505,2507.2,2519.7,2477.3,2490.6,42684.0957
2025-05-20 00:46:43.505,2490.6,2526.3,2480.7,2521.4,36520.0274
2025-05-20 01:46:43.505,2521.5,2535.5,2507.7,2522.1,31309.7007
2025-05-20 02:46:43.505,2522.1,2526.3,2504.2,2524.3,15351.5105
2025-05-20 03:46:43.505,2524.5,2524.5,2494.2,2506.0,15655.6272
2025-05-20 04:46:43.505,2506.0,2535.0,2502.3,2529.0,19933.6457
2025-05-20 05:46:43.505,2529.1,2566.0,2512.3,2516.1,65045.662
2025-05-20 06:46:43.505,2516.1,2552.1,2512.0,2541.9,28530.6153
2025-05-20 07:46:43.505,2542.0,2591.2,2541.3,2569.1,93102.3496
2025-05-20 08:46:43.505,2569.2,2581.2,2545.3,2555.1,40812.4142
2025-05-20 09:46:43.505,2555.1,2579.7,2546.6,2572.8,25222.1609
2025-05-20 10:46:43.505,2572.8,2578.6,2558.5,2561.2,15213.4218
2025-05-20 11:46:43.505,2561.3,2563.5,2536.2,2544.7,55549.8222
2025-05-20 12:46:43.505,2544.8,2548.1,2522.6,2534.1,27763.0186
2025-05-20 13:46:43.505,2533.8,2541.1,2522.8,2535.1,21131.4315
2025-05-20 14:46:43.505,2535.1,2540.5,2525.2,2527.4,11229.7116
2025-05-20 15:46:43.505,2527.4,2533.7,2509.0,2516.6,41901.7659
2025-05-20 16:46:43.505,2516.7,2520.1,2494.2,2515.0,46670.3749
2025-05-20 17:46:43.505,2515.0,2515.7,2479.1,2485.3,85271.6293
2025-05-20 18:46:43.505,2485.2,2493.5,2465.4,2475.9,63415.1586
2025-05-20 19:46:43.505,2475.8,2490.0,2466.3,2470.0,32372.329
2025-05-20 20:46:43.505,2470.0,2493.6,2469.0,2483.5,37223.1145
2025-05-20 21:46:43.505,2483.7,2491.2,2470.0,2476.2,46861.3685
2025-05-20 22:46:43.505,2476.4,2511.5,2475.8,2499.4,37806.7673
2025-05-20 23:46:43.505,2499.2,2505.3,2443.5,2453.8,146759.5833
2025-05-21 00:46:43.505,2453.9,2512.9,2449.3,2503.2,108352.6354
2025-05-21 01:46:43.505,2503.2,2525.0,2486.4,2515.0,73445.7364
2025-05-21 02:46:43.505,2515.1,2528.2,2491.6,2511.6,44466.7826
2025-05-21 03:46:43.505,2511.5,2520.0,2489.7,2518.9,39598.4437
2025-05-21 04:46:43.505,2518.9,2542.7,2516.1,2525.8,33967.6223
2025-05-21 05:46:43.505,2525.9,2540.0,2521.5,2531.9,32936.608
2025-05-21 06:46:43.505,2531.7,2550.6,2528.1,2536.4,25264.1721
2025-05-21 07:46:43.505,2536.4,2542.3,2512.0,2541.0,40971.5351
2025-05-21 08:46:43.505,2541.1,2556.1,2536.8,2546.8,18968.9286
2025-05-21 09:46:43.505,2546.9,2562.8,2536.0,2553.3,21125.1948
2025-05-21 10:46:43.505,2553.2,2604.7,2552.9,2596.9,92611.7316
2025-05-21 11:46:43.505,2596.9,2618.0,2585.2,2600.3,49303.3322
2025-05-21 12:46:43.505,2600.3,2603.4,2546.2,2553.7,67680.1356
2025-05-21 13:46:43.505,2553.7,2565.0,2536.1,2539.2,43829.6008
2025-05-21 14:46:43.505,2539.2,2546.2,2519.1,2525.2,25148.1464
2025-05-21 15:46:43.505,2525.2,2533.5,2517.0,2530.4,15006.9615
2025-05-21 16:46:43.505,2530.4,2558.1,2529.5,2538.0,27894.4743
2025-05-21 17:46:43.505,2538.0,2551.4,2528.3,2540.4,22317.5634
2025-05-21 18:46:43.505,2540.5,2561.6,2522.3,2546.9,39265.9987
2025-05-21 19:46:43.505,2547.0,2586.4,2534.8,2583.0,63628.0576
2025-05-21 20:46:43.505,2583.1,2583.5,2546.8,2570.3,58111.4437
2025-05-21 21:46:43.505,2570.3,2618.6,2557.6,2588.8,70643.3758
2025-05-21 22:46:43.505,2589.7,2600.6,2450.5,2472.9,324586.5178
2025-05-21 23:46:43.505,2472.9,2498.0,2460.2,2475.6,70760.2687
2025-05-22 00:46:43.505,2475.6,2519.1,2464.4,2511.9,78232.1223
2025-05-22 01:46:43.505,2513.6,2513.6,2479.0,2509.2,62516.3988
2025-05-22 02:46:43.505,2509.1,2523.9,2499.1,2505.4,47313.0477
2025-05-22 03:46:43.505,2505.4,2545.5,2501.1,2537.9,69988.0806
2025-05-22 04:46:43.505,2537.6,2603.9,2527.0,2554.3,100485.547
2025-05-22 05:46:43.505,2553.8,2590.6,2548.7,2589.4,49391.5363
2025-05-22 06:46:43.505,2589.4,2607.3,2563.0,2576.2,79853.0278
2025-05-22 07:46:43.505,2575.6,2604.5,2575.6,2596.0,34022.9907
2025-05-22 08:46:43.505,2596.0,2650.0,2587.1,2631.6,72989.7028
2025-05-22 09:46:43.505,2631.6,2640.0,2615.0,2631.0,40534.7978
2025-05-22 10:46:43.505,2631.0,2649.1,2607.3,2610.4,28972.8734
2025-05-22 11:46:43.505,2610.1,2624.7,2603.3,2610.7,21744.7045
2025-05-22 12:46:43.505,2610.7,2639.9,2605.9,2636.1,52763.1361
2025-05-22 13:46:43.505,2636.0,2683.5,2629.1,2664.5,52743.1806
2025-05-22 14:46:43.505,2664.5,2693.8,2661.0,2665.4,50158.257
2025-05-22 15:46:43.505,2665.4,2678.8,2651.7,2656.7,35233.1563
2025-05-22 16:46:43.505,2656.4,2664.7,2635.2,2652.6,37342.3057
2025-05-22 17:46:43.505,2651.7,2662.7,2640.0,2658.4,29152.391
2025-05-22 18:46:43.505,2658.4,2660.8,2624.6,2644.5,48769.8275
2025-05-22 19:46:43.505,2644.5,2676.6,2644.4,2667.5,40142.9158
2025-05-22 20:46:43.505,2667.5,2680.4,2660.3,2665.0,20580.5525
2025-05-22 21:46:43.505,2665.2,2677.2,2636.5,2645.4,49390.5654
2025-05-22 22:46:43.505,2645.6,2675.0,2643.7,2660.7,29855.4962
2025-05-22 23:46:43.505,2660.7,2672.0,2649.0,2660.1,20428.142
2025-05-23 00:46:43.505,2660.1,2663.1,2627.9,2634.6,35965.2322
2025-05-23 01:46:43.505,2634.6,2649.7,2631.3,2642.5,17660.8934
2025-05-23 02:46:43.505,2642.5,2644.8,2630.0,2637.2,18291.8066
2025-05-23 03:46:43.505,2637.9,2653.6,2634.5,2637.3,12723.9818
2025-05-23 04:46:43.505,2637.3,2670.0,2637.3,2668.1,37017.6815
2025-05-23 05:46:43.505,2668.1,2682.8,2647.2,2666.9,50472.4536
2025-05-23 06:46:43.505,2666.9,2697.6,2654.7,2679.7,42696.4608
2025-05-23 07:46:43.505,2679.7,2739.3,2676.3,2709.3,104194.8599
2025-05-23 08:46:43.505,2708.1,2733.6,2703.3,2725.1,26596.9962
2025-05-23 09:46:43.505,2724.8,2728.1,2681.4,2699.8,40665.0442
2025-05-23 10:46:43.505,2699.8,2709.6,2682.0,2699.4,37847.3904
2025-05-23 11:46:43.505,2699.4,2700.0,2653.4,2659.2,39278.9695
2025-05-23 12:46:43.505,2659.1,2674.9,2653.3,2657.0,21243.0663
2025-05-23 13:46:43.505,2657.3,2678.0,2656.1,2671.5,18066.2831
2025-05-23 14:46:43.505,2671.5,2691.9,2667.9,2685.0,50562.8919
2025-05-23 15:46:43.505,2685.2,2685.3,2657.2,2673.9,54491.792
2025-05-23 16:46:43.505,2673.9,2674.1,2549.4,2567.8,107476.0679
2025-05-23 17:46:43.505,2566.7,2567.6,2501.0,2550.0,127332.7571
2025-05-23 18:46:43.505,2550.0,2586.9,2539.0,2584.4,45418.9219
2025-05-23 19:46:43.505,2584.2,2593.5,2573.9,2577.0,33005.955
2025-05-23 20:46:43.505,2577.0,2584.8,2568.0,2569.1,26269.2335
2025-05-23 21:46:43.505,2569.2,2577.3,2547.5,2569.2,37350.2675
2025-05-23 22:46:43.505,2568.9,2589.0,2568.4,2578.8,25175.9144
2025-05-23 23:46:43.505,2578.9,2583.9,2555.0,2561.9,27278.4683
2025-05-24 00:46:43.505,2561.4,2576.9,2558.4,2562.3,11264.1768
2025-05-24 01:46:43.505,2562.8,2564.2,2528.0,2544.1,35474.7565
2025-05-24 02:46:43.505,2544.3,2554.7,2528.7,2535.8,24141.88
2025-05-24 03:46:43.505,2535.8,2560.1,2531.5,2539.8,26616.4708
2025-05-24 04:46:43.505,2539.8,2543.3,2500.0,2526.6,81199.9626
2025-05-24 05:46:43.505,2526.6,2544.4,2515.3,2515.4,28864.9543
2025-05-24 06:46:43.505,2515.5,2535.7,2515.4,2524.4,16709.4132
2025-05-24 07:46:43.505,2524.4,2545.2,2518.0,2541.6,6345.6492
2025-05-24 08:46:43.505,2541.1,2556.2,2538.3,2550.1,7449.8485
2025-05-24 09:46:43.505,2550.3,2563.4,2546.3,2559.6,4871.0756
2025-05-24 10:46:43.505,2559.6,2560.6,2543.9,2551.1,7916.0554
2025-05-24 11:46:43.505,2551.1,2556.4,2534.1,2547.1,16900.4855
2025-05-24 12:46:43.505,2547.2,2560.0,2545.1,2546.9,11807.7386
2025-05-24 13:46:43.505,2547.0,2558.4,2545.7,2556.9,7600.2547
2025-05-24 14:46:43.505,2557.0,2560.5,2551.5,2552.7,6692.7158
2025-05-24 15:46:43.505,2553.1,2575.8,2552.7,2570.5,7503.8961
2025-05-24 16:46:43.505,2570.6,2576.0,2562.6,2563.2,8976.9593
2025-05-24 17:46:43.505,2563.6,2565.7,2549.5,2560.1,6031.1104
2025-05-24 18:46:43.505,2560.2,2563.2,2543.3,2546.5,13019.5229
2025-05-24 19:46:43.505,2545.8,2561.7,2544.0,2559.3,11937.5974
2025-05-24 20:46:43.505,2559.2,2565.1,2550.5,2556.0,5617.602
2025-05-24 21:46:43.505,2556.0,2562.1,2544.2,2557.3,5378.2675
2025-05-24 22:46:43.505,2557.5,2564.4,2555.6,2558.4,10053.6189
2025-05-24 23:46:43.505,2558.4,2567.6,2544.8,2549.7,11982.2443
2025-05-25 00:46:43.505,2549.3,2555.8,2546.9,2554.8,7611.607
2025-05-25 01:46:43.505,2554.9,2557.2,2550.4,2553.1,4179.9383
2025-05-25 02:46:43.505,2553.1,2553.4,2515.4,2540.4,18253.7589
2025-05-25 03:46:43.505,2539.6,2539.6,2521.3,2524.5,18294.8877
2025-05-25 04:46:43.505,2524.5,2535.3,2517.2,2529.2,22033.972
2025-05-25 05:46:43.505,2530.3,2539.1,2469.8,2483.7,99238.3537
2025-05-25 06:46:43.505,2483.7,2502.6,2477.0,2494.3,44868.0691
2025-05-25 07:46:43.505,2494.5,2509.0,2485.7,2506.6,20526.4357
2025-05-25 08:46:43.505,2506.7,2519.2,2505.7,2512.2,16315.9961
2025-05-25 09:46:43.505,2512.2,2516.3,2503.6,2516.3,10104.6497
2025-05-25 10:46:43.505,2516.2,2516.3,2505.4,2511.6,7821.8804
2025-05-25 11:46:43.505,2511.6,2512.3,2499.9,2505.8,10069.2726
2025-05-25 12:46:43.505,2505.8,2505.8,2485.8,2492.4,24448.6893
2025-05-25 13:46:43.505,2492.7,2492.7,2462.3,2476.4,26189.4992
2025-05-25 14:46:43.505,2476.4,2495.4,2471.2,2494.4,45420.6482
2025-05-25 15:46:43.505,2494.5,2501.2,2487.3,2491.6,22959.8116
2025-05-25 16:46:43.505,2491.6,2499.1,2487.6,2496.8,10665.7409
2025-05-25 17:46:43.505,2496.9,2518.1,2495.0,2516.6,20372.4828
2025-05-25 18:46:43.505,2516.5,2522.5,2510.5,2512.5,19624.4563
2025-05-25 19:46:43.505,2512.5,2517.0,2498.0,2505.7,12422.315
2025-05-25 20:46:43.505,2506.0,2514.3,2477.8,2510.5,29357.7459
2025-05-25 21:46:43.505,2510.6,2512.9,2495.0,2510.7,26321.6323
2025-05-25 22:46:43.505,2510.9,2516.0,2507.9,2512.5,5876.4239
2025-05-25 23:46:43.505,2512.7,2522.0,2510.1,2515.1,9929.856
2025-05-26 00:46:43.505,2514.9,2535.3,2514.0,2525.4,14230.8822
2025-05-26 01:46:43.505,2525.5,2527.8,2511.5,2523.0,15696.605
2025-05-26 02:46:43.505,2523.0,2530.6,2507.1,2514.4,12608.2285
2025-05-26 03:46:43.505,2514.7,2553.7,2511.7,2549.1,41697.9282
2025-05-26 04:46:43.505,2549.2,2553.8,2534.4,2550.9,30714.3017
2025-05-26 05:46:43.505,2550.9,2573.7,2539.0,2571.1,20730.2961
2025-05-26 06:46:43.505,2571.1,2576.0,2554.7,2558.4,17993.1404
2025-05-26 07:46:43.505,2558.5,2563.8,2547.1,2553.0,15258.6531
2025-05-26 08:46:43.505,2553.0,2566.3,2548.2,2559.4,5148.9685
2025-05-26 09:46:43.505,2560.1,2570.9,2557.1,2565.0,20560.7976
2025-05-26 10:46:43.505,2565.0,2576.9,2562.3,2569.8,14421.0042
2025-05-26 11:46:43.505,2569.7,2586.0,2565.9,2583.9,5274.7452
2025-05-26 12:46:43.505,2583.9,2600.6,2578.1,2582.0,20545.2264
2025-05-26 13:46:43.505,2582.0,2583.5,2565.6,2565.7,42890.0642
2025-05-26 14:46:43.505,2565.7,2574.4,2555.5,2563.4,11761.1228
2025-05-26 15:46:43.505,2563.5,2569.3,2553.8,2559.4,7157.3426
2025-05-26 16:46:43.505,2559.4,2568.5,2555.9,2568.2,10072.2414
2025-05-26 17:46:43.505,2568.2,2574.0,2561.1,2568.8,4573.4093
2025-05-26 18:46:43.505,2568.8,2571.8,2539.0,2551.5,17371.2779
2025-05-26 19:46:43.505,2551.6,2556.3,2542.1,2550.9,14571.7719
2025-05-26 20:46:43.505,2551.0,2570.6,2546.0,2566.6,18714.7385
2025-05-26 21:46:43.505,2566.6,2573.9,2535.8,2543.4,21921.986
2025-05-26 22:46:43.505,2542.9,2549.3,2526.7,2533.2,16805.4122
2025-05-26 23:46:43.505,2533.4,2546.4,2528.2,2534.8,14309.7301
2025-05-27 00:46:43.505,2534.8,2544.4,2532.2,2541.8,8320.1305
2025-05-27 01:46:43.505,2541.8,2568.1,2536.8,2566.9,12703.5897
2025-05-27 02:46:43.505,2567.0,2568.6,2555.7,2563.4,10800.4447
2025-05-27 03:46:43.505,2563.4,2584.1,2557.9,2560.2,16506.6544
2025-05-27 04:46:43.505,2560.3,2565.3,2553.9,2564.6,7020.1867
2025-05-27 05:46:43.505,2564.6,2574.1,2550.1,2550.8,7702.2911
2025-05-27 06:46:43.505,2551.4,2551.5,2510.3,2530.1,49510.5063
2025-05-27 07:46:43.505,2530.0,2545.1,2529.2,2536.0,17199.7619
2025-05-27 08:46:43.505,2535.9,2565.2,2535.9,2549.6,19054.2218
2025-05-27 09:46:43.505,2549.5,2569.9,2549.1,2559.9,17839.1178
2025-05-27 10:46:43.505,2559.8,2573.9,2550.8,2570.6,13239.287
2025-05-27 11:46:43.505,2570.6,2611.8,2566.4,2570.7,44643.5568
2025-05-27 12:46:43.505,2570.6,2620.0,2570.6,2609.1,43549.5885
2025-05-27 13:46:43.505,2609.0,2644.3,2609.0,2636.0,45233.5159
2025-05-27 14:46:43.505,2636.1,2647.0,2621.7,2637.0,37056.7009
2025-05-27 15:46:43.505,2637.0,2641.8,2631.5,2638.7,25367.9692
2025-05-27 16:46:43.505,2638.6,2654.9,2627.2,2652.6,25063.4942
2025-05-27 17:46:43.505,2652.6,2654.0,2634.8,2648.6,44315.9393
2025-05-27 18:46:43.505,2648.6,2685.0,2645.6,2656.1,59382.4764
2025-05-27 19:46:43.505,2656.1,2674.2,2635.2,2662.9,84064.483
2025-05-27 20:46:43.505,2662.9,2672.0,2655.4,2669.9,26271.6482
2025-05-27 21:46:43.505,2669.9,2686.1,2659.5,2671.7,46781.6898
2025-05-27 22:46:43.505,2671.8,2714.0,2671.6,2697.2,54182.3458
2025-05-27 23:46:43.505,2697.2,2709.4,2676.6,2681.6,26357.352
2025-05-28 00:46:43.505,2681.4,2689.9,2672.3,2689.2,24814.4127
2025-05-28 01:46:43.505,2689.3,2694.6,2665.5,2669.2,42879.4972
2025-05-28 02:46:43.505,2669.1,2678.1,2659.3,2663.5,21893.1474
2025-05-28 03:46:43.505,2663.6,2669.9,2654.0,2660.2,16808.3597
2025-05-28 04:46:43.505,2660.3,2665.7,2652.7,2661.3,12397.9097
2025-05-28 05:46:43.505,2661.4,2661.5,2641.7,2658.3,24786.1446
2025-05-28 06:46:43.505,2658.3,2659.6,2633.3,2635.0,18889.5686
2025-05-28 07:46:43.505,2634.9,2644.1,2620.2,2639.4,32521.4575
2025-05-28 08:46:43.505,2639.4,2650.7,2634.6,2646.9,14353.0312
2025-05-28 09:46:43.505,2646.9,2653.6,2634.8,2647.9,17189.1839
2025-05-28 10:46:43.505,2648.0,2648.4,2635.5,2640.3,22430.9191
2025-05-28 11:46:43.505,2640.4,2640.4,2624.2,2628.3,18275.5584
2025-05-28 12:46:43.505,2628.3,2644.3,2625.3,2637.4,9045.1576
2025-05-28 13:46:43.505,2637.5,2646.5,2629.3,2644.0,16437.3569
2025-05-28 14:46:43.505,2644.0,2644.4,2622.7,2627.3,17309.1203
2025-05-28 15:46:43.505,2627.4,2643.8,2597.2,2641.0,71267.4763
2025-05-28 16:46:43.505,2641.1,2658.0,2641.0,2657.1,25427.9105
2025-05-28 17:46:43.505,2657.1,2680.5,2653.5,2667.4,20644.4416
2025-05-28 18:46:43.505,2667.4,2689.0,2655.0,2657.6,30504.2972
2025-05-28 19:46:43.505,2657.6,2660.6,2619.7,2629.8,54705.4446
2025-05-28 20:46:43.505,2628.5,2640.1,2613.3,2627.1,36415.7211
2025-05-28 21:46:43.505,2627.5,2644.6,2627.4,2641.4,16424.3535
2025-05-28 22:46:43.505,2641.4,2665.9,2641.4,2653.4,28347.5549
2025-05-28 23:46:43.505,2653.3,2659.0,2634.6,2636.8,20797.3934
2025-05-29 00:46:43.505,2636.7,2656.7,2616.6,2618.9,49987.6073
2025-05-29 01:46:43.505,2618.5,2636.2,2613.5,2636.0,33443.9048
2025-05-29 02:46:43.505,2635.4,2660.0,2631.7,2653.8,22063.7082
2025-05-29 03:46:43.505,2653.8,2654.3,2638.5,2649.4,17312.0254
2025-05-29 04:46:43.505,2649.4,2688.0,2649.3,2682.3,63401.9403
2025-05-29 05:46:43.505,2682.3,2722.6,2672.7,2722.5,51829.7572
2025-05-29 06:46:43.505,2722.5,2723.8,2699.8,2713.4,35633.8887
2025-05-29 07:46:43.505,2713.4,2790.2,2707.5,2771.6,97296.097
2025-05-29 08:46:43.505,2771.6,2773.3,2748.6,2764.5,39883.6902
2025-05-29 09:46:43.505,2764.4,2767.8,2704.5,2728.8,67906.9838
2025-05-29 10:46:43.505,2729.1,2737.7,2717.6,2724.1,31268.0816
2025-05-29 11:46:43.505,2724.0,2733.5,2717.9,2728.9,32334.9193
2025-05-29 12:46:43.505,2728.9,2738.0,2718.5,2732.8,16643.3637
2025-05-29 13:46:43.505,2732.9,2733.6,2714.0,2725.5,34650.3928
2025-05-29 14:46:43.505,2725.6,2740.0,2717.9,2737.6,22155.2874
2025-05-29 15:46:43.505,2738.3,2745.8,2726.4,2732.2,15890.5591
2025-05-29 16:46:43.505,2732.3,2734.3,2709.8,2717.2,29118.9226
2025-05-29 17:46:43.505,2717.3,2719.7,2671.5,2694.4,44095.2528
2025-05-29 18:46:43.505,2694.3,2700.0,2652.2,2660.6,94275.5515
2025-05-29 19:46:43.505,2660.5,2677.4,2622.0,2672.7,102706.0284
2025-05-29 20:46:43.505,2672.7,2675.8,2639.1,2643.5,60560.5687
2025-05-29 21:46:43.505,2643.4,2660.1,2631.0,2640.4,34874.3348
2025-05-29 22:46:43.505,2640.0,2669.3,2638.7,2660.1,30369.0627
2025-05-29 23:46:43.505,2660.1,2674.2,2645.8,2649.9,54745.1817
2025-05-30 00:46:43.505,2650.0,2657.6,2628.1,2650.8,61857.7442
2025-05-30 01:46:43.505,2650.8,2661.8,2641.2,2644.8,29099.499
2025-05-30 02:46:43.505,2644.8,2664.0,2644.8,2662.2,26474.9963
2025-05-30 03:46:43.505,2662.2,2670.0,2646.0,2646.0,23548.9403
2025-05-30 04:46:43.505,2646.0,2650.3,2619.5,2631.9,63884.9636
2025-05-30 05:46:43.505,2631.8,2645.2,2556.8,2567.9,76329.6474
2025-05-30 06:46:43.505,2567.9,2609.3,2567.8,2598.1,71099.7036
2025-05-30 07:46:43.505,2597.9,2634.0,2597.9,2629.4,25328.5573
2025-05-30 08:46:43.505,2629.4,2641.9,2625.7,2631.0,35823.0963
2025-05-30 09:46:43.505,2631.0,2638.2,2620.5,2634.7,39374.2039
2025-05-30 10:46:43.505,2635.0,2648.9,2629.4,2643.5,21630.8863
2025-05-30 11:46:43.505,2643.5,2644.3,2606.2,2619.6,29614.5197
2025-05-30 12:46:43.505,2619.6,2643.9,2615.0,2618.3,55623.5325
2025-05-30 13:46:43.505,2618.4,2626.5,2607.6,2618.2,36895.0615
2025-05-30 14:46:43.505,2618.2,2623.3,2586.8,2614.9,45331.0094
2025-05-30 15:46:43.505,2614.8,2623.2,2602.3,2621.8,15422.4286
2025-05-30 16:46:43.505,2622.1,2627.6,2614.9,2622.0,9647.9824
2025-05-30 17:46:43.505,2622.0,2626.3,2579.3,2609.5,67834.6094
2025-05-30 18:46:43.505,2609.5,2617.3,2570.8,2575.0,35934.1035
2025-05-30 19:46:43.505,2575.6,2603.9,2575.6,2595.6,55539.4631
2025-05-30 20:46:43.505,2595.6,2615.1,2594.6,2597.0,24250.5824
2025-05-30 21:46:43.505,2596.9,2603.0,2532.9,2539.3,89933.352
2025-05-30 22:46:43.505,2539.2,2559.0,2538.2,2548.5,42618.3172
2025-05-30 23:46:43.505,2548.5,2578.8,2547.1,2577.9,55675.5431
2025-05-31 00:46:43.505,2577.4,2584.8,2571.4,2572.8,29120.7362
2025-05-31 01:46:43.505,2573.4,2590.0,2565.3,2576.8,33306.8367
2025-05-31 02:46:43.505,2577.0,2586.5,2564.0,2568.9,10764.1872
2025-05-31 03:46:43.505,2569.0,2573.3,2522.5,2525.7,75716.1914
2025-05-31 04:46:43.505,2525.7,2535.6,2508.0,2531.4,67083.5239
2025-05-31 05:46:43.505,2531.3,2539.0,2503.8,2519.4,55099.9372
2025-05-31 06:46:43.505,2519.3,2527.8,2478.2,2492.9,70530.5484
2025-05-31 07:46:43.505,2492.2,2517.4,2485.3,2490.2,85108.1598
2025-05-31 08:46:43.505,2490.5,2517.1,2486.0,2513.2,51879.3914
2025-05-31 09:46:43.505,2514.0,2526.3,2504.6,2523.0,14591.7527
2025-05-31 10:46:43.505,2523.0,2526.9,2511.7,2511.7,11480.4345
2025-05-31 11:46:43.505,2511.7,2526.3,2511.7,2521.5,11474.2399
2025-05-31 12:46:43.505,2521.6,2525.6,2514.4,2521.3,11950.2924
2025-05-31 13:46:43.505,2521.3,2530.2,2515.8,2524.3,18973.4304
2025-05-31 14:46:43.505,2524.4,2529.6,2517.9,2524.0,12913.3816
2025-05-31 15:46:43.505,2524.0,2538.8,2509.4,2520.1,16398.9528
2025-05-31 16:46:43.505,2520.1,2521.9,2509.8,2520.4,11417.5661
2025-05-31 17:46:43.505,2520.4,2538.2,2516.9,2538.2,15868.1288
2025-05-31 18:46:43.505,2538.4,2547.9,2527.2,2534.0,16485.0596
2025-05-31 19:46:43.505,2534.0,2545.3,2531.9,2543.5,14264.2993
2025-05-31 20:46:43.505,2543.3,2551.2,2533.3,2536.9,16630.337
2025-05-31 21:46:43.505,2536.9,2548.6,2533.7,2541.8,13008.3072
2025-05-31 22:46:43.505,2541.8,2542.1,2524.6,2528.2,10282.3773
2025-05-31 23:46:43.505,2528.2,2543.2,2527.0,2540.9,7543.5341
2025-06-01 00:46:43.505,2540.9,2543.9,2537.0,2537.4,8722.9612
2025-06-01 01:46:43.505,2537.4,2543.3,2533.0,2543.0,11577.211
2025-06-01 02:46:43.505,2543.0,2550.7,2540.1,2544.0,9865.5348
2025-06-01 03:46:43.505,2544.1,2545.9,2531.2,2531.2,4433.1362
2025-06-01 04:46:43.505,2531.3,2548.0,2525.5,2529.0,8224.2045
2025-06-01 05:46:43.505,2528.9,2529.0,2516.9,2527.2,15549.9568
2025-06-01 06:46:43.505,2527.1,2531.1,2491.5,2508.7,27591.3494
2025-06-01 07:46:43.505,2508.6,2514.5,2494.6,2508.3,29709.0048
2025-06-01 08:46:43.505,2508.6,2519.0,2494.1,2514.8,16699.4093
2025-06-01 09:46:43.505,2514.8,2528.7,2513.1,2523.6,7991.171
2025-06-01 10:46:43.505,2523.6,2529.0,2517.3,2520.0,7824.6896
2025-06-01 11:46:43.505,2519.8,2520.9,2510.0,2513.0,12040.1823
2025-06-01 12:46:43.505,2513.0,2516.0,2506.9,2509.6,5094.8242
2025-06-01 13:46:43.505,2509.5,2511.3,2500.3,2506.7,6336.0954
2025-06-01 14:46:43.505,2506.7,2511.7,2480.0,2493.2,31743.8465
2025-06-01 15:46:43.505,2493.1,2498.0,2488.2,2495.1,7915.7464
2025-06-01 16:46:43.505,2494.5,2503.8,2492.5,2498.5,10647.5773
2025-06-01 17:46:43.505,2498.4,2502.7,2470.3,2484.6,19882.1105
2025-06-01 18:46:43.505,2484.6,2499.9,2481.7,2495.2,11655.0923
2025-06-01 19:46:43.505,2495.2,2519.3,2495.1,2510.0,14251.4755
2025-06-01 20:46:43.505,2510.0,2526.2,2505.2,2524.7,8670.7419
2025-06-01 21:46:43.505,2524.7,2549.4,2522.5,2540.3,25218.7355
2025-06-01 22:46:43.505,2540.2,2548.5,2537.0,2540.4,12117.5616
2025-06-01 23:46:43.505,2540.4,2540.4,2496.5,2521.8,25285.1039
2025-06-02 00:46:43.505,2521.8,2528.9,2513.8,2527.9,8117.6275
2025-06-02 01:46:43.505,2527.9,2538.8,2521.4,2527.4,8817.7681
2025-06-02 02:46:43.505,2527.4,2542.3,2526.4,2541.4,12239.1115
2025-06-02 03:46:43.505,2541.4,2548.3,2534.3,2536.4,10814.2859
2025-06-02 04:46:43.505,2536.4,2546.6,2535.0,2540.2,24324.8456
2025-06-02 05:46:43.505,2540.3,2542.7,2529.0,2536.1,23137.2078
2025-06-02 06:46:43.505,2536.1,2543.7,2527.1,2527.8,11356.1093
2025-06-02 07:46:43.505,2527.8,2528.9,2509.3,2510.3,17060.5663
2025-06-02 08:46:43.505,2510.4,2512.0,2487.9,2497.7,25625.6096
2025-06-02 09:46:43.505,2497.8,2503.4,2489.5,2494.2,9364.6763
2025-06-02 10:46:43.505,2494.2,2499.2,2485.5,2494.4,7942.4353
2025-06-02 11:46:43.505,2494.5,2501.9,2486.1,2496.5,10913.1482
2025-06-02 12:46:43.505,2496.5,2515.8,2496.5,2508.7,9344.1284
2025-06-02 13:46:43.505,2508.6,2517.9,2492.0,2496.0,15516.7939
2025-06-02 14:46:43.505,2495.9,2495.9,2477.7,2483.3,33589.5598
2025-06-02 15:46:43.505,2483.3,2491.8,2477.7,2484.2,20225.4945
2025-06-02 16:46:43.505,2484.2,2490.6,2477.3,2482.3,21460.8162
2025-06-02 17:46:43.505,2482.4,2500.5,2480.0,2500.0,17435.4682
2025-06-02 18:46:43.505,2500.1,2521.4,2489.5,2506.1,27480.0197
2025-06-02 19:46:43.505,2506.1,2542.7,2498.5,2533.4,42948.6884
2025-06-02 20:46:43.505,2533.4,2557.2,2525.5,2545.7,45112.116
2025-06-02 21:46:43.505,2545.8,2555.4,2531.0,2549.2,29059.4395
2025-06-02 22:46:43.505,2549.1,2554.7,2540.4,2551.0,36423.8088
2025-06-02 23:46:43.505,2551.0,2567.4,2540.2,2546.7,40405.5616
2025-06-03 00:46:43.505,2546.8,2550.4,2526.4,2534.1,27107.5886
2025-06-03 01:46:43.505,2534.2,2549.8,2533.9,2541.6,25704.0113
2025-06-03 02:46:43.505,2541.6,2563.1,2541.5,2562.3,17498.8455
2025-06-03 03:46:43.505,2562.4,2587.1,2562.4,2585.6,37102.644
2025-06-03 04:46:43.505,2585.6,2617.8,2585.5,2609.7,34547.4427
2025-06-03 05:46:43.505,2609.7,2628.4,2603.9,2624.1,32684.8369
2025-06-03 06:46:43.505,2624.2,2652.4,2619.3,2648.3,31675.5033
2025-06-03 07:46:43.505,2648.2,2649.9,2616.0,2617.8,35815.5387
2025-06-03 08:46:43.505,2617.9,2621.2,2590.3,2605.0,41242.8737
2025-06-03 09:46:43.505,2605.1,2606.4,2591.6,2593.5,6531.5285
2025-06-03 10:46:43.505,2593.5,2619.1,2593.5,2616.4,16517.3433
2025-06-03 11:46:43.505,2616.4,2620.9,2606.4,2620.6,9969.608
2025-06-03 12:46:43.505,2620.6,2621.9,2609.7,2612.0,9254.2472
2025-06-03 13:46:43.505,2611.9,2613.1,2596.4,2609.1,10192.7176
2025-06-03 14:46:43.505,2609.1,2620.6,2602.9,2616.6,14757.4556
2025-06-03 15:46:43.505,2616.6,2621.8,2612.3,2613.6,12270.9067
2025-06-03 16:46:43.505,2613.6,2619.0,2603.2,2603.7,12771.4952
2025-06-03 17:46:43.505,2603.7,2615.5,2600.0,2611.6,10477.939
2025-06-03 18:46:43.505,2611.6,2633.9,2608.9,2629.7,36632.9297
2025-06-03 19:46:43.505,2629.6,2656.3,2616.0,2650.8,46067.3099
2025-06-03 20:46:43.505,2650.8,2653.8,2618.7,2625.0,65884.3108
2025-06-03 21:46:43.505,2625.0,2626.4,2603.3,2605.2,64701.8222
2025-06-03 22:46:43.505,2605.2,2627.9,2603.1,2619.2,28108.3221
2025-06-03 23:46:43.505,2619.1,2620.4,2607.0,2618.6,15872.0977
2025-06-04 00:46:43.505,2618.6,2628.1,2614.8,2624.9,12307.7234
2025-06-04 01:46:43.505,2624.8,2625.0,2593.6,2614.7,58192.9807
2025-06-04 02:46:43.505,2614.7,2616.5,2577.1,2588.3,28434.6281
2025-06-04 03:46:43.505,2588.5,2609.8,2586.0,2604.0,18228.9784
2025-06-04 04:46:43.505,2604.0,2604.3,2585.5,2591.5,19453.2853
2025-06-04 05:46:43.505,2591.5,2602.4,2582.7,2597.8,14475.6867
2025-06-04 06:46:43.505,2597.9,2620.0,2597.9,2611.0,22112.2797
2025-06-04 07:46:43.505,2611.8,2620.0,2609.6,2611.4,28653.6949
2025-06-04 08:46:43.505,2611.5,2640.1,2609.2,2627.3,36601.7128
2025-06-04 09:46:43.505,2627.3,2638.2,2622.7,2637.6,17062.1755
2025-06-04 10:46:43.505,2637.6,2645.4,2619.1,2624.8,25023.9354
2025-06-04 11:46:43.505,2624.8,2635.0,2621.5,2629.1,11310.7801
2025-06-04 12:46:43.505,2629.1,2634.3,2621.5,2627.0,12397.093
2025-06-04 13:46:43.505,2627.0,2645.0,2627.0,2640.4,19074.3101
2025-06-04 14:46:43.505,2640.4,2647.8,2631.3,2643.2,15047.1549
2025-06-04 15:46:43.505,2643.3,2650.0,2635.2,2638.6,10682.7317
2025-06-04 16:46:43.505,2638.5,2645.3,2623.8,2624.6,19533.3604
2025-06-04 17:46:43.505,2624.7,2638.7,2615.4,2616.8,27315.9352
2025-06-04 18:46:43.505,2616.7,2628.0,2608.3,2615.0,38409.849
2025-06-04 19:46:43.505,2615.1,2641.0,2593.7,2640.8,44435.2684
2025-06-04 20:46:43.505,2640.8,2680.7,2634.3,2669.6,108430.9178
2025-06-04 21:46:43.505,2669.6,2670.8,2651.1,2661.5,54433.4565
2025-06-04 22:46:43.505,2661.5,2661.6,2633.3,2636.7,36032.6221
2025-06-04 23:46:43.505,2636.7,2644.1,2628.0,2630.5,28989.1731
2025-06-05 00:46:43.505,2630.5,2634.8,2624.7,2626.3,16067.9245
2025-06-05 01:46:43.505,2625.6,2626.3,2600.2,2605.8,73110.7422
2025-06-05 02:46:43.505,2605.7,2624.5,2600.0,2619.8,35300.1764
2025-06-05 03:46:43.505,2620.0,2622.1,2604.7,2606.8,17235.5158
2025-06-05 04:46:43.505,2606.7,2616.1,2599.5,2608.7,16547.9148
2025-06-05 05:46:43.505,2608.9,2615.8,2601.7,2613.1,17577.2535
2025-06-05 06:46:43.505,2613.0,2616.7,2605.6,2609.4,6330.7547
2025-06-05 07:46:43.505,2609.5,2629.3,2609.5,2622.1,29111.6085
2025-06-05 08:46:43.505,2622.2,2632.9,2618.4,2626.4,14368.5034
2025-06-05 09:46:43.505,2626.3,2635.7,2623.2,2633.0,7149.0216
2025-06-05 10:46:43.505,2633.1,2633.1,2609.6,2614.8,27066.6129
2025-06-05 11:46:43.505,2614.8,2619.7,2604.4,2605.7,22282.4744
2025-06-05 12:46:43.505,2606.3,2615.8,2602.3,2605.3,20004.7428
2025-06-05 13:46:43.505,2605.2,2611.8,2600.0,2606.7,12219.1048
2025-06-05 14:46:43.505,2606.7,2611.6,2604.0,2610.9,7178.7235
2025-06-05 15:46:43.505,2610.9,2614.7,2585.4,2598.1,16930.8201
2025-06-05 16:46:43.505,2598.0,2610.5,2594.5,2609.2,5844.1712
2025-06-05 17:46:43.505,2609.1,2642.2,2606.9,2633.0,34296.8591
2025-06-05 18:46:43.505,2633.0,2637.5,2582.1,2591.4,55737.1245
2025-06-05 19:46:43.505,2591.0,2612.9,2557.9,2587.0,143533.101
2025-06-05 20:46:43.505,2586.9,2602.4,2581.5,2588.9,48497.1189
2025-06-05 21:46:43.505,2588.9,2591.1,2552.5,2558.8,71726.6195
2025-06-05 22:46:43.505,2558.7,2576.8,2558.7,2569.3,28313.1008
2025-06-05 23:46:43.505,2569.3,2583.9,2554.9,2576.4,30266.0661
2025-06-06 00:46:43.505,2576.4,2578.5,2506.8,2529.9,120330.8114
2025-06-06 01:46:43.505,2529.5,2535.6,2394.0,2398.4,305523.7402
2025-06-06 02:46:43.505,2398.4,2443.6,2392.2,2437.2,129549.0358
2025-06-06 03:46:43.505,2437.2,2437.2,2408.9,2430.3,30883.2259
2025-06-06 04:46:43.505,2430.2,2435.2,2411.2,2413.2,20577.8959
2025-06-06 05:46:43.505,2413.1,2427.7,2384.6,2426.3,60161.1358
2025-06-06 06:46:43.505,2426.2,2428.6,2416.7,2421.0,29818.1909
2025-06-06 07:46:43.505,2421.1,2435.4,2402.3,2434.9,53774.1492
2025-06-06 08:46:43.505,2435.0,2456.8,2427.7,2455.5,31534.0078
2025-06-06 09:46:43.505,2455.6,2462.9,2446.7,2458.3,12581.1445
2025-06-06 10:46:43.505,2458.4,2464.6,2446.2,2459.3,19058.2812
2025-06-06 11:46:43.505,2459.4,2466.5,2449.0,2456.9,15746.6942
2025-06-06 12:46:43.505,2456.9,2466.0,2449.8,2454.6,17243.4919
2025-06-06 13:46:43.505,2454.7,2465.5,2453.5,2460.5,11758.962
2025-06-06 14:46:43.505,2460.5,2481.1,2459.4,2468.0,24449.4009
2025-06-06 15:46:43.505,2468.2,2486.3,2468.0,2481.1,12832.9395
2025-06-06 16:46:43.505,2481.3,2492.5,2472.0,2475.4,26755.6067
2025-06-06 17:46:43.505,2475.4,2496.7,2465.8,2475.1,50364.1112
2025-06-06 18:46:43.505,2474.9,2517.3,2474.8,2502.5,49462.1045
2025-06-06 19:46:43.505,2502.6,2522.4,2494.8,2518.3,42545.6922
2025-06-06 20:46:43.505,2518.3,2529.7,2495.4,2509.0,39624.6351
2025-06-06 21:46:43.505,2509.1,2517.1,2491.4,2495.8,22480.7429
2025-06-06 22:46:43.505,2495.8,2500.8,2482.1,2498.3,29618.8284
2025-06-06 23:46:43.505,2498.4,2502.9,2487.7,2493.5,14595.6898
2025-06-07 00:46:43.505,2493.6,2501.1,2481.9,2482.8,17968.3496
2025-06-07 01:46:43.505,2482.9,2505.9,2481.0,2498.4,23250.6461
2025-06-07 02:46:43.505,2498.7,2498.7,2486.4,2490.9,10653.1804
2025-06-07 03:46:43.505,2490.9,2492.6,2476.6,2481.7,18792.4191
2025-06-07 04:46:43.505,2481.8,2482.3,2471.2,2475.0,12247.2914
2025-06-07 05:46:43.505,2475.1,2480.5,2456.4,2480.4,20472.1921
2025-06-07 06:46:43.505,2480.1,2480.1,2465.2,2470.1,12421.6424
2025-06-07 07:46:43.505,2470.2,2481.0,2467.1,2479.0,7969.3555
2025-06-07 08:46:43.505,2479.1,2492.6,2477.0,2488.3,31308.8077
2025-06-07 09:46:43.505,2488.3,2489.8,2478.8,2489.2,20669.4014
2025-06-07 10:46:43.505,2489.3,2495.2,2484.4,2493.3,14022.2732
2025-06-07 11:46:43.505,2493.4,2500.5,2483.0,2500.5,13240.9167
2025-06-07 12:46:43.505,2500.5,2500.5,2486.7,2490.5,7282.9296
2025-06-07 13:46:43.505,2490.6,2491.0,2481.4,2482.8,11892.9595
2025-06-07 14:46:43.505,2482.9,2489.3,2482.3,2485.2,6935.8693
2025-06-07 15:46:43.505,2485.2,2495.8,2483.7,2494.5,14955.985
2025-06-07 16:46:43.505,2494.6,2500.8,2492.4,2494.7,6005.8755
2025-06-07 17:46:43.505,2494.8,2505.4,2492.7,2497.4,9475.5818
2025-06-07 18:46:43.505,2497.5,2513.1,2492.0,2506.6,15326.4414
2025-06-07 19:46:43.505,2506.7,2517.6,2504.0,2515.0,8839.2885
2025-06-07 20:46:43.505,2515.0,2522.5,2511.9,2519.4,16376.3652
2025-06-07 21:46:43.505,2519.5,2525.4,2508.1,2509.3,29075.3042
2025-06-07 22:46:43.505,2509.4,2512.7,2505.5,2506.7,8908.9944
2025-06-07 23:46:43.505,2506.7,2522.5,2506.4,2515.5,6229.3162
2025-06-08 00:46:43.505,2515.7,2523.2,2515.2,2515.6,8996.1211
2025-06-08 01:46:43.505,2515.6,2525.0,2515.5,2520.8,8305.7237
2025-06-08 02:46:43.505,2520.9,2522.4,2517.4,2521.4,2981.4189
2025-06-08 03:46:43.505,2521.4,2541.4,2518.6,2535.0,33403.6609
2025-06-08 04:46:43.505,2534.9,2535.8,2522.0,2524.3,8504.9328
2025-06-08 05:46:43.505,2524.3,2524.9,2514.3,2516.9,8440.7371
2025-06-08 06:46:43.505,2517.0,2520.5,2510.5,2518.6,7462.2023
2025-06-08 07:46:43.505,2518.6,2518.6,2510.9,2511.3,2733.131
2025-06-08 08:46:43.505,2511.4,2515.1,2507.7,2511.4,7657.4922
2025-06-08 09:46:43.505,2511.4,2519.8,2508.2,2515.9,8642.8742
2025-06-08 10:46:43.505,2515.9,2516.3,2508.3,2510.5,11498.6526
2025-06-08 11:46:43.505,2510.5,2516.6,2510.3,2511.9,3982.0339
2025-06-08 12:46:43.505,2512.0,2515.4,2510.6,2513.6,2288.4982
2025-06-08 13:46:43.505,2513.6,2519.9,2513.6,2515.7,8240.6869
2025-06-08 14:46:43.505,2515.7,2516.4,2492.5,2497.5,18449.031
2025-06-08 15:46:43.505,2497.5,2501.6,2497.2,2501.5,10539.0296
2025-06-08 16:46:43.505,2501.6,2515.6,2501.5,2511.9,9633.8845
2025-06-08 17:46:43.505,2512.0,2513.1,2498.8,2507.0,13930.6163
2025-06-08 18:46:43.505,2507.0,2525.7,2505.0,2508.0,21729.1027
2025-06-08 19:46:43.505,2508.0,2516.4,2503.5,2513.8,11097.0187
2025-06-08 20:46:43.505,2513.8,2521.0,2511.3,2513.9,11560.7611
2025-06-08 21:46:43.505,2514.0,2529.0,2512.5,2527.6,14864.2289
2025-06-08 22:46:43.505,2527.6,2534.5,2521.9,2522.7,9487.208
2025-06-08 23:46:43.505,2522.7,2532.9,2518.6,2532.3,7959.7229
2025-06-09 00:46:43.505,2532.4,2540.3,2529.4,2532.0,7247.3084
2025-06-09 01:46:43.505,2532.0,2537.1,2529.1,2530.8,6580.2687
2025-06-09 02:46:43.505,2530.8,2549.2,2530.7,2537.7,10722.2974
2025-06-09 03:46:43.505,2538.0,2539.3,2500.0,2507.6,40642.8195
2025-06-09 04:46:43.505,2507.5,2513.1,2499.8,2508.9,17819.3339
2025-06-09 05:46:43.505,2509.0,2511.0,2494.5,2503.9,16879.4035
2025-06-09 06:46:43.505,2504.0,2504.4,2490.5,2494.3,14351.9004
2025-06-09 07:46:43.505,2494.3,2503.7,2489.7,2491.8,8942.7481
2025-06-09 08:46:43.505,2491.9,2497.0,2481.8,2496.5,19475.3434
2025-06-09 09:46:43.505,2496.4,2496.6,2483.8,2484.9,8494.3474
2025-06-09 10:46:43.505,2484.8,2491.1,2477.8,2479.9,7731.3037
2025-06-09 11:46:43.505,2480.4,2493.4,2477.5,2493.4,9717.6983
2025-06-09 12:46:43.505,2493.4,2493.4,2483.4,2491.2,7597.9469
2025-06-09 13:46:43.505,2491.2,2496.3,2484.3,2495.1,5649.2609
2025-06-09 14:46:43.505,2495.2,2522.3,2491.0,2509.2,28597.8657
2025-06-09 15:46:43.505,2509.1,2540.1,2508.9,2534.7,27622.5178
2025-06-09 16:46:43.505,2535.1,2548.4,2529.4,2541.9,21415.8221
2025-06-09 17:46:43.505,2541.9,2549.6,2534.8,2545.7,10832.3338
2025-06-09 18:46:43.505,2545.8,2546.6,2509.7,2517.2,42510.4878
2025-06-09 19:46:43.505,2517.2,2539.8,2514.6,2530.6,24962.7303
2025-06-09 20:46:43.505,2530.7,2543.3,2529.8,2534.2,18847.12
2025-06-09 21:46:43.505,2534.2,2574.1,2534.1,2558.6,62778.5807
2025-06-09 22:46:43.505,2558.5,2577.8,2557.0,2573.0,26952.2467
2025-06-09 23:46:43.505,2573.0,2587.4,2570.1,2585.8,34213.1688
2025-06-10 00:46:43.505,2585.8,2591.4,2573.9,2581.9,20881.0999
2025-06-10 01:46:43.505,2581.9,2593.6,2576.6,2590.3,23738.5562
2025-06-10 02:46:43.505,2590.4,2650.9,2590.4,2644.6,86152.9468
2025-06-10 03:46:43.505,2644.6,2669.9,2642.5,2668.1,31150.4814
2025-06-10 04:46:43.505,2667.6,2697.2,2658.9,2682.3,65415.419
2025-06-10 05:46:43.505,2682.3,2728.1,2680.3,2701.0,68494.1656
2025-06-10 06:46:43.505,2700.9,2716.2,2698.1,2710.2,27178.1312
2025-06-10 07:46:43.505,2710.2,2711.1,2678.8,2694.3,28954.8599
2025-06-10 08:46:43.505,2694.3,2695.2,2677.4,2690.6,22889.7439
2025-06-10 09:46:43.505,2690.6,2693.6,2686.6,2691.1,10639.6041
2025-06-10 10:46:43.505,2691.1,2701.6,2666.0,2672.4,27221.8764
2025-06-10 11:46:43.505,2672.4,2681.6,2656.9,2677.9,30530.2219
2025-06-10 12:46:43.505,2677.9,2686.7,2667.4,2678.7,15924.7725
2025-06-10 13:46:43.505,2678.7,2685.2,2672.0,2674.6,9588.5271
2025-06-10 14:46:43.505,2674.7,2695.3,2673.8,2694.6,20439.9312
2025-06-10 15:46:43.505,2694.6,2700.2,2683.1,2696.3,25498.6464
2025-06-10 16:46:43.505,2696.5,2800.0,2690.3,2775.8,89999.8981
2025-06-10 17:46:43.505,2775.8,2780.5,2749.3,2767.7,37034.4542
2025-06-10 18:46:43.505,2767.9,2780.1,2722.5,2747.9,69071.266
2025-06-10 19:46:43.505,2748.0,2756.8,2731.5,2738.6,39134.0424
2025-06-10 20:46:43.505,2738.5,2756.1,2694.3,2734.9,61968.1102
2025-06-10 21:46:43.505,2734.8,2750.4,2730.9,2732.4,29079.9355
2025-06-10 22:46:43.505,2732.3,2754.5,2732.3,2742.8,28458.6136
2025-06-10 23:46:43.505,2743.0,2767.3,2734.8,2756.9,28734.9556
2025-06-11 00:46:43.505,2756.9,2809.5,2756.8,2776.3,98384.7584
2025-06-11 01:46:43.505,2776.1,2777.6,2755.2,2776.6,48671.7136
2025-06-11 02:46:43.505,2776.6,2782.4,2738.2,2775.4,56305.8416
2025-06-11 03:46:43.505,2775.4,2828.6,2775.0,2804.9,68426.02
2025-06-11 04:46:43.505,2805.8,2819.3,2790.6,2819.1,33961.1514
2025-06-11 05:46:43.505,2819.0,2836.8,2794.1,2796.7,46101.8357
2025-06-11 06:46:43.505,2796.7,2801.0,2780.5,2786.6,25387.2024
2025-06-11 07:46:43.505,2786.7,2804.8,2774.1,2782.6,30553.8343
2025-06-11 08:46:43.505,2782.7,2799.4,2782.1,2793.0,14807.3645
2025-06-11 09:46:43.505,2793.1,2805.5,2788.1,2799.0,10477.5664
2025-06-11 10:46:43.505,2799.1,2803.6,2788.7,2795.0,9868.6803
2025-06-11 11:46:43.505,2795.0,2799.6,2782.2,2794.2,18223.8587
2025-06-11 12:46:43.505,2794.4,2804.0,2790.2,2794.2,10794.7495
2025-06-11 13:46:43.505,2794.1,2795.5,2763.9,2769.8,49281.8764
2025-06-11 14:46:43.505,2769.8,2773.6,2754.4,2759.0,21240.8583
2025-06-11 15:46:43.505,2759.1,2773.6,2757.3,2771.7,9853.0211
2025-06-11 16:46:43.505,2771.7,2775.0,2762.2,2772.0,5652.792
2025-06-11 17:46:43.505,2772.0,2824.6,2764.6,2805.9,106538.9596
2025-06-11 18:46:43.505,2805.9,2819.8,2788.3,2797.1,52801.354
2025-06-11 19:46:43.505,2797.9,2859.7,2793.0,2842.2,67206.7351
2025-06-11 20:46:43.505,2842.2,2881.6,2831.5,2866.8,58687.6577
2025-06-11 21:46:43.505,2866.7,2876.1,2848.7,2869.2,29189.5591
2025-06-11 22:46:43.505,2869.3,2874.8,2827.6,2831.1,61906.5316
2025-06-11 23:46:43.505,2831.1,2834.6,2802.5,2822.4,85762.8125
2025-06-12 00:46:43.505,2822.4,2826.6,2803.7,2813.1,48628.4429
2025-06-12 01:46:43.505,2813.1,2827.3,2788.9,2815.6,57792.5873
2025-06-12 02:46:43.505,2816.1,2832.1,2776.0,2782.1,70635.3184
2025-06-12 03:46:43.505,2782.1,2785.1,2741.8,2758.1,72611.2753
2025-06-12 04:46:43.505,2758.3,2778.2,2755.2,2771.3,33365.693
2025-06-12 05:46:43.505,2771.3,2783.5,2759.2,2775.2,44278.3698
2025-06-12 06:46:43.505,2775.1,2777.8,2751.2,2775.5,41608.8845
2025-06-12 07:46:43.505,2775.5,2784.1,2756.1,2756.8,30509.6463
2025-06-12 08:46:43.505,2756.7,2776.4,2746.1,2764.4,53491.6783
2025-06-12 09:46:43.505,2764.4,2768.1,2750.7,2762.8,14868.6766
2025-06-12 10:46:43.505,2762.8,2770.0,2751.3,2764.8,21980.5201
2025-06-12 11:46:43.505,2764.8,2775.9,2755.0,2767.5,37739.2691
2025-06-12 12:46:43.505,2767.5,2773.1,2724.6,2740.3,45719.0204
2025-06-12 13:46:43.505,2740.2,2759.7,2730.5,2756.5,31410.4738
2025-06-12 14:46:43.505,2756.4,2761.1,2747.2,2751.1,7531.0061
2025-06-12 15:46:43.505,2751.2,2751.2,2731.7,2749.6,23332.3234
2025-06-12 16:46:43.505,2749.6,2752.1,2718.5,2727.8,32913.8974
2025-06-12 17:46:43.505,2727.8,2743.8,2708.6,2735.6,49879.7711
2025-06-12 18:46:43.505,2735.2,2753.3,2731.1,2748.5,38070.6535
2025-06-12 19:46:43.505,2749.0,2770.0,2746.4,2764.3,43453.2438
2025-06-12 20:46:43.505,2764.4,2773.0,2712.1,2718.8,83436.4197
2025-06-12 21:46:43.505,2718.8,2744.3,2714.4,2742.4,29477.242
2025-06-12 22:46:43.505,2742.4,2771.0,2740.4,2761.7,34014.1806
2025-06-12 23:46:43.505,2761.8,2763.7,2717.1,2734.3,58046.7683
2025-06-13 00:46:43.505,2734.4,2743.1,2689.6,2695.7,96408.9754
2025-06-13 01:46:43.505,2695.7,2703.4,2615.7,2638.9,168591.8936
2025-06-13 02:46:43.505,2639.1,2659.6,2630.3,2633.2,71019.5145
2025-06-13 03:46:43.505,2633.2,2647.7,2632.5,2639.2,21168.1363
2025-06-13 04:46:43.505,2639.2,2657.9,2637.9,2641.2,16860.5492
2025-06-13 05:46:43.505,2641.5,2643.4,2490.6,2529.4,367441.6455
2025-06-13 06:46:43.505,2529.4,2529.4,2453.2,2497.0,191300.9898
2025-06-13 07:46:43.505,2497.0,2497.8,2434.2,2475.0,118988.8749
2025-06-13 08:46:43.505,2475.0,2524.3,2473.3,2513.7,59323.9108
2025-06-13 09:46:43.505,2513.1,2517.3,2493.7,2507.1,24606.5406
2025-06-13 10:46:43.505,2507.1,2517.9,2502.2,2505.2,15775.8323
2025-06-13 11:46:43.505,2505.1,2531.6,2490.7,2531.6,69855.5563
2025-06-13 12:46:43.505,2531.6,2540.0,2514.9,2525.6,31411.7877
2025-06-13 13:46:43.505,2525.5,2539.8,2508.4,2516.8,37844.0082
2025-06-13 14:46:43.505,2516.8,2525.8,2506.2,2520.1,25836.1901
2025-06-13 15:46:43.505,2520.1,2532.9,2508.3,2531.3,16271.486
2025-06-13 16:46:43.505,2531.5,2543.8,2521.1,2543.0,25048.8473
2025-06-13 17:46:43.505,2543.0,2562.2,2535.6,2540.9,38046.179
2025-06-13 18:46:43.505,2540.9,2560.8,2533.9,2541.9,36221.5947
2025-06-13 19:46:43.505,2541.6,2552.3,2503.4,2537.7,97849.989
2025-06-13 20:46:43.505,2538.1,2559.5,2530.2,2550.1,61811.8986
2025-06-13 21:46:43.505,2550.2,2585.3,2545.1,2561.3,83162.6312
2025-06-13 22:46:43.505,2561.3,2561.3,2522.0,2542.7,67876.4312
2025-06-13 23:46:43.505,2542.7,2545.7,2508.8,2529.5,76335.1885
2025-06-14 00:46:43.505,2529.1,2540.8,2520.2,2527.7,28265.2365
2025-06-14 01:46:43.505,2527.7,2553.2,2523.6,2546.2,34964.8238
2025-06-14 02:46:43.505,2546.2,2559.2,2541.3,2553.3,14446.3256
2025-06-14 03:46:43.505,2553.6,2573.7,2553.6,2571.5,20796.8704
2025-06-14 04:46:43.505,2571.6,2583.4,2567.4,2578.5,16710.3427
2025-06-14 05:46:43.505,2578.6,2578.9,2559.7,2562.4,19338.1526
2025-06-14 06:46:43.505,2562.4,2565.7,2550.0,2557.7,12834.1969
2025-06-14 07:46:43.505,2557.8,2567.1,2551.9,2554.6,12812.2833
2025-06-14 08:46:43.505,2554.6,2559.4,2546.7,2548.0,10854.3764
2025-06-14 09:46:43.505,2548.0,2555.7,2547.8,2551.3,5426.5106
2025-06-14 10:46:43.505,2551.3,2556.3,2546.8,2551.8,8874.2109
2025-06-14 11:46:43.505,2551.9,2556.0,2541.6,2543.0,12513.1322
2025-06-14 12:46:43.505,2543.0,2543.3,2525.6,2536.3,21550.1002
2025-06-14 13:46:43.505,2536.2,2536.5,2525.8,2534.6,12915.1852
2025-06-14 14:46:43.505,2534.6,2534.7,2520.0,2521.6,7212.3748
2025-06-14 15:46:43.505,2521.9,2533.8,2518.0,2530.2,5487.345
2025-06-14 16:46:43.505,2530.1,2538.7,2529.9,2537.6,5789.8811
2025-06-14 17:46:43.505,2537.0,2538.1,2527.3,2535.6,14363.8083
2025-06-14 18:46:43.505,2535.6,2544.3,2525.1,2533.4,9790.5065
2025-06-14 19:46:43.505,2533.4,2535.9,2522.0,2528.2,7019.0868
2025-06-14 20:46:43.505,2528.2,2531.8,2502.1,2518.0,30533.1308
2025-06-14 21:46:43.505,2518.1,2524.7,2491.2,2496.6,29823.9216
2025-06-14 22:46:43.505,2496.3,2517.0,2487.5,2510.5,25916.6664
2025-06-14 23:46:43.505,2510.4,2522.0,2487.1,2507.2,34706.818
2025-06-15 00:46:43.505,2507.3,2520.0,2504.0,2506.5,24180.7555
2025-06-15 01:46:43.505,2506.5,2512.2,2495.8,2507.5,27887.1886
2025-06-15 02:46:43.505,2507.6,2533.1,2504.9,2526.1,19531.1677
2025-06-15 03:46:43.505,2526.9,2532.1,2517.1,2525.3,7485.5114
2025-06-15 04:46:43.505,2525.3,2538.3,2524.9,2529.4,8395.412
2025-06-15 05:46:43.505,2529.4,2539.3,2527.7,2536.3,6480.7598
2025-06-15 06:46:43.505,2536.3,2538.1,2523.5,2527.4,11681.271
2025-06-15 07:46:43.505,2527.4,2536.6,2527.3,2528.1,2301.9937
2025-06-15 08:46:43.505,2528.1,2533.7,2526.9,2529.2,7377.0328
2025-06-15 09:46:43.505,2529.2,2544.9,2528.5,2542.5,8282.6195
2025-06-15 10:46:43.505,2542.6,2551.4,2534.1,2550.5,9198.4841
2025-06-15 11:46:43.505,2550.5,2551.6,2532.6,2534.4,8253.9943
2025-06-15 12:46:43.505,2534.5,2534.9,2521.3,2527.4,16631.2521
2025-06-15 13:46:43.505,2527.4,2528.6,2516.9,2519.2,11290.3339
2025-06-15 14:46:43.505,2519.0,2519.0,2506.9,2509.0,17877.7272
2025-06-15 15:46:43.505,2509.0,2522.5,2508.7,2518.9,7321.6509
2025-06-15 16:46:43.505,2518.8,2522.0,2510.1,2514.7,11219.5285
2025-06-15 17:46:43.505,2514.6,2525.3,2514.6,2524.8,8747.4203
2025-06-15 18:46:43.505,2524.7,2543.9,2521.7,2541.9,20026.2309
2025-06-15 19:46:43.505,2542.0,2554.0,2534.5,2548.0,21242.6481
2025-06-15 20:46:43.505,2547.9,2552.3,2537.3,2540.6,14290.8172
2025-06-15 21:46:43.505,2540.6,2554.3,2535.2,2549.6,12147.5404
2025-06-15 22:46:43.505,2549.6,2557.5,2543.9,2552.8,4679.0879
2025-06-15 23:46:43.505,2552.4,2553.3,2539.8,2547.7,5043.9849
2025-06-16 00:46:43.505,2547.8,2552.0,2530.1,2535.0,12005.0465
2025-06-16 01:46:43.505,2535.0,2535.1,2491.0,2502.5,62105.9135
2025-06-16 02:46:43.505,2502.4,2518.0,2496.7,2516.2,36215.149
2025-06-16 03:46:43.505,2516.2,2549.1,2511.9,2543.6,31170.7964
2025-06-16 04:46:43.505,2544.0,2548.4,2538.7,2546.6,8158.0998
2025-06-16 05:46:43.505,2546.5,2551.0,2537.3,2542.9,14396.7311
2025-06-16 06:46:43.505,2543.0,2559.3,2514.0,2553.1,40968.266
2025-06-16 07:46:43.505,2553.9,2587.6,2553.9,2573.9,43368.1648
2025-06-16 08:46:43.505,2574.0,2575.2,2565.0,2568.4,11487.9103
2025-06-16 09:46:43.505,2568.2,2578.4,2566.3,2574.7,19821.3339
2025-06-16 10:46:43.505,2574.7,2621.0,2573.0,2606.5,76776.1829
2025-06-16 11:46:43.505,2606.5,2619.8,2602.0,2606.8,25926.0226
2025-06-16 12:46:43.505,2607.2,2637.0,2607.1,2628.6,33414.9333
2025-06-16 13:46:43.505,2628.7,2631.4,2621.0,2630.5,20111.305
2025-06-16 14:46:43.505,2630.4,2630.7,2618.6,2621.4,9527.111
2025-06-16 15:46:43.505,2621.5,2633.3,2610.8,2616.4,20914.7361
2025-06-16 16:46:43.505,2616.5,2619.7,2591.8,2616.8,32124.5463
2025-06-16 17:46:43.505,2616.6,2621.2,2604.2,2615.8,38651.5064
2025-06-16 18:46:43.505,2615.8,2647.6,2608.4,2640.8,30897.2072
2025-06-16 19:46:43.505,2640.9,2662.0,2627.4,2640.0,59817.6315
2025-06-16 20:46:43.505,2640.1,2647.2,2628.3,2632.2,29803.9223
2025-06-16 21:46:43.505,2632.2,2646.2,2627.9,2636.3,20812.1458
2025-06-16 22:46:43.505,2636.4,2642.7,2630.0,2633.7,16094.6224
2025-06-16 23:46:43.505,2633.9,2655.1,2632.0,2654.8,16048.8857
2025-06-17 00:46:43.505,2654.9,2670.4,2645.2,2660.7,51209.7741
2025-06-17 01:46:43.505,2660.6,2679.6,2643.9,2670.0,26239.7926
2025-06-17 02:46:43.505,2669.9,2671.5,2644.1,2648.4,17249.4585
2025-06-17 03:46:43.505,2647.8,2657.0,2545.3,2570.5,116551.7332
2025-06-17 04:46:43.505,2570.3,2595.8,2534.5,2543.0,114561.7234
2025-06-17 05:46:43.505,2543.0,2587.9,2524.0,2586.6,82094.4443
2025-06-17 06:46:43.505,2587.7,2591.8,2572.8,2579.6,26165.5045
2025-06-17 07:46:43.505,2579.6,2615.7,2556.4,2608.4,63606.1383
2025-06-17 08:46:43.505,2608.5,2617.4,2600.1,2605.8,43722.3405
2025-06-17 09:46:43.505,2605.8,2609.0,2586.5,2590.4,10426.8896
2025-06-17 10:46:43.505,2590.5,2596.7,2575.3,2578.2,17788.0878
2025-06-17 11:46:43.505,2578.1,2587.3,2573.0,2581.5,25583.4936
2025-06-17 12:46:43.505,2581.3,2585.6,2568.5,2582.2,43591.1935
2025-06-17 13:46:43.505,2581.8,2584.5,2565.8,2569.9,16198.182
2025-06-17 14:46:43.505,2569.9,2574.5,2560.2,2565.4,14181.6221
2025-06-17 15:46:43.505,2565.3,2568.0,2543.6,2555.8,24650.1239
2025-06-17 16:46:43.505,2555.7,2555.8,2539.9,2551.1,18152.1331
2025-06-17 17:46:43.505,2551.2,2558.3,2544.2,2546.7,22330.6704
2025-06-17 18:46:43.505,2546.8,2563.2,2545.0,2552.3,30411.8092
2025-06-17 19:46:43.505,2552.4,2566.8,2526.6,2531.5,37953.781
2025-06-17 20:46:43.505,2531.6,2538.9,2480.9,2498.4,101082.8516
2025-06-17 21:46:43.505,2498.4,2501.4,2457.6,2461.2,90513.6223
2025-06-17 22:46:43.505,2460.3,2485.7,2452.7,2465.9,46113.4421
2025-06-17 23:46:43.505,2466.3,2495.6,2463.5,2495.6,24105.1754
2025-06-18 00:46:43.505,2495.6,2541.8,2495.5,2526.8,70112.3956
2025-06-18 01:46:43.505,2526.8,2532.6,2505.2,2509.3,49080.6197
2025-06-18 02:46:43.505,2509.2,2523.9,2501.9,2518.8,39636.6072
2025-06-18 03:46:43.505,2518.6,2519.1,2490.4,2492.8,19228.4965
2025-06-18 04:46:43.505,2492.7,2518.3,2492.1,2508.0,23153.6783
2025-06-18 05:46:43.505,2508.0,2528.5,2504.6,2525.0,31981.45
2025-06-18 06:46:43.505,2524.9,2534.7,2516.6,2517.9,19768.3247
2025-06-18 07:46:43.505,2517.9,2528.3,2512.9,2513.7,8130.8598
2025-06-18 08:46:43.505,2513.6,2530.4,2511.2,2526.8,6791.5347
2025-06-18 09:46:43.505,2526.8,2546.9,2524.1,2535.7,19345.3104
2025-06-18 10:46:43.505,2535.7,2542.3,2532.6,2536.1,9172.8434
2025-06-18 11:46:43.505,2536.1,2539.9,2518.6,2523.7,9639.4011
2025-06-18 12:46:43.505,2523.2,2532.8,2516.4,2532.8,22503.918
2025-06-18 13:46:43.505,2532.8,2547.7,2526.0,2531.9,19618.8887
2025-06-18 14:46:43.505,2532.0,2539.9,2519.9,2525.9,18077.5688
2025-06-18 15:46:43.505,2525.8,2527.5,2487.2,2493.8,29996.4648
2025-06-18 16:46:43.505,2493.9,2515.4,2490.0,2512.6,23137.3926
2025-06-18 17:46:43.505,2512.6,2515.0,2490.9,2492.9,21155.6446
2025-06-18 18:46:43.505,2492.9,2504.2,2465.6,2500.9,81999.8205
2025-06-18 19:46:43.505,2500.9,2537.9,2492.8,2503.8,81433.1378
2025-06-18 20:46:43.505,2503.9,2519.3,2489.4,2508.1,34756.2527
2025-06-18 21:46:43.505,2507.8,2513.9,2493.6,2499.3,47820.9912
2025-06-18 22:46:43.505,2499.3,2502.9,2466.5,2496.1,60814.6095
2025-06-18 23:46:43.505,2496.2,2517.1,2471.7,2474.8,59004.9297
2025-06-19 00:46:43.505,2474.8,2509.9,2471.6,2490.3,72053.1909
2025-06-19 01:46:43.505,2490.3,2535.7,2482.0,2527.5,39592.1366
2025-06-19 02:46:43.505,2527.5,2535.9,2508.7,2529.0,40322.5545
2025-06-19 03:46:43.505,2527.8,2533.0,2519.0,2524.2,9978.7588
2025-06-19 04:46:43.505,2524.2,2531.8,2514.0,2523.7,6704.4267
2025-06-19 05:46:43.505,2523.7,2546.5,2511.8,2528.6,37508.9799
2025-06-19 06:46:43.505,2528.6,2529.5,2505.8,2514.4,32152.3269
2025-06-19 07:46:43.505,2514.4,2526.2,2506.7,2514.0,19688.9004
2025-06-19 08:46:43.505,2514.0,2525.0,2513.9,2524.7,2083.9828
2025-06-19 09:46:43.505,2524.7,2524.9,2513.4,2523.3,6818.1804
2025-06-19 10:46:43.505,2523.4,2530.6,2520.0,2521.5,26304.9756
2025-06-19 11:46:43.505,2521.2,2526.6,2515.2,2518.5,10154.6965
2025-06-19 12:46:43.505,2518.4,2524.9,2517.0,2517.9,3424.8942
2025-06-19 13:46:43.505,2517.8,2529.5,2517.8,2522.8,5018.107
2025-06-19 14:46:43.505,2522.8,2541.5,2521.6,2538.0,6155.9422
2025-06-19 15:46:43.505,2538.1,2544.0,2533.1,2537.9,10003.394
2025-06-19 16:46:43.505,2537.8,2537.9,2526.7,2530.8,10611.8799
2025-06-19 17:46:43.505,2530.7,2535.8,2518.8,2524.5,11218.8007
2025-06-19 18:46:43.505,2524.4,2524.5,2506.5,2508.8,12504.3699
2025-06-19 19:46:43.505,2508.8,2520.7,2492.3,2493.8,76616.5366
2025-06-19 20:46:43.505,2493.8,2504.2,2486.8,2490.9,50139.2801
2025-06-19 21:46:43.505,2491.0,2502.3,2482.8,2485.8,37280.1382
2025-06-19 22:46:43.505,2486.0,2521.1,2485.0,2506.7,45222.881
2025-06-19 23:46:43.505,2506.7,2516.4,2497.5,2503.3,20307.0656
2025-06-20 00:46:43.505,2503.3,2509.3,2495.9,2503.3,16425.7778
2025-06-20 01:46:43.505,2503.3,2515.0,2501.0,2505.5,12028.3924
2025-06-20 02:46:43.505,2505.6,2513.4,2503.1,2508.4,8849.6143
2025-06-20 03:46:43.505,2508.5,2531.1,2508.5,2522.5,22103.5366
2025-06-20 04:46:43.505,2522.6,2528.8,2517.5,2519.5,14989.7746
2025-06-20 05:46:43.505,2519.5,2529.9,2519.1,2524.0,9123.2912
2025-06-20 06:46:43.505,2524.0,2528.8,2515.1,2526.1,9586.9528
2025-06-20 07:46:43.505,2526.1,2526.9,2512.5,2516.5,6461.3225
2025-06-20 08:46:43.505,2516.5,2521.6,2511.3,2516.0,5366.7563
2025-06-20 09:46:43.505,2516.1,2518.6,2502.7,2502.8,15798.6201
2025-06-20 10:46:43.505,2502.7,2515.0,2501.7,2514.9,12890.8353
2025-06-20 11:46:43.505,2514.9,2522.6,2514.8,2520.1,5190.9116
2025-06-20 12:46:43.505,2520.0,2549.5,2518.5,2548.1,28578.0034
2025-06-20 13:46:43.505,2548.1,2567.2,2542.1,2551.8,43970.9399
2025-06-20 14:46:43.505,2551.8,2554.1,2544.4,2552.4,17167.0987
2025-06-20 15:46:43.505,2552.3,2556.9,2546.5,2551.5,26697.6009
2025-06-20 16:46:43.505,2551.4,2555.0,2540.1,2548.2,27254.2428
2025-06-20 17:46:43.505,2548.1,2557.0,2546.1,2550.7,15547.1122
2025-06-20 18:46:43.505,2550.6,2558.4,2527.5,2534.9,32702.0042
2025-06-20 19:46:43.505,2535.0,2539.6,2488.1,2488.5,49493.5297
2025-06-20 20:46:43.505,2488.4,2506.8,2486.1,2492.1,42340.104
2025-06-20 21:46:43.505,2492.1,2494.2,2474.5,2481.3,47675.1622
2025-06-20 22:46:43.505,2481.3,2485.9,2364.3,2417.9,177867.6766
2025-06-20 23:46:43.505,2417.8,2432.0,2411.6,2417.6,53909.4109
2025-06-21 00:46:43.505,2417.6,2422.8,2393.3,2414.2,44078.4627
2025-06-21 01:46:43.505,2414.0,2436.8,2413.5,2425.2,41268.5474
2025-06-21 02:46:43.505,2425.3,2425.6,2408.8,2414.9,15586.1218
2025-06-21 03:46:43.505,2415.1,2416.9,2381.0,2389.6,45187.5606
2025-06-21 04:46:43.505,2389.6,2405.9,2382.0,2404.9,21185.7886
2025-06-21 05:46:43.505,2404.8,2417.6,2394.5,2408.8,38931.0735
2025-06-21 06:46:43.505,2408.8,2430.3,2408.5,2429.6,6398.7328
2025-06-21 07:46:43.505,2429.5,2430.4,2416.7,2421.2,14144.4541
2025-06-21 08:46:43.505,2421.3,2429.9,2421.2,2424.3,17132.1719
2025-06-21 09:46:43.505,2424.3,2425.5,2418.0,2421.5,4965.9866
2025-06-21 10:46:43.505,2421.6,2425.8,2418.8,2422.4,2828.4424
2025-06-21 11:46:43.505,2422.7,2427.2,2420.0,2423.1,9612.1212
2025-06-21 12:46:43.505,2423.2,2426.7,2418.6,2425.3,12034.6598
2025-06-21 13:46:43.505,2425.4,2442.5,2422.5,2439.8,8487.9232
2025-06-21 14:46:43.505,2439.8,2446.0,2430.8,2444.2,11015.7808
2025-06-21 15:46:43.505,2444.2,2445.8,2430.2,2437.8,7944.3892
2025-06-21 16:46:43.505,2437.7,2444.9,2434.8,2441.7,7632.6009
2025-06-21 17:46:43.505,2441.7,2443.6,2433.0,2434.4,4617.4465
2025-06-21 18:46:43.505,2434.3,2441.9,2411.5,2418.6,13954.8638
2025-06-21 19:46:43.505,2418.7,2433.0,2412.9,2418.3,15280.9753
2025-06-21 20:46:43.505,2418.3,2426.3,2411.0,2422.1,22225.809
2025-06-21 21:46:43.505,2422.0,2426.1,2412.4,2414.8,12277.9549
2025-06-21 22:46:43.505,2414.8,2422.4,2395.5,2397.9,15646.0432
2025-06-21 23:46:43.505,2397.9,2410.0,2383.0,2385.6,25748.0217
2025-06-22 00:46:43.505,2385.6,2398.8,2381.4,2383.6,30731.4042
2025-06-22 01:46:43.505,2383.7,2407.6,2377.9,2402.8,19016.5297
2025-06-22 02:46:43.505,2402.8,2404.6,2216.1,2279.8,181060.3154
2025-06-22 03:46:43.505,2279.8,2305.3,2277.4,2285.5,53011.581
2025-06-22 04:46:43.505,2285.5,2312.7,2216.0,2295.2,150462.4081
2025-06-22 05:46:43.505,2295.3,2313.2,2255.0,2292.5,112051.1432
2025-06-22 06:46:43.505,2293.0,2300.0,2264.3,2266.1,46736.738
2025-06-22 07:46:43.505,2266.1,2284.4,2245.9,2263.9,57674.1515
2025-06-22 08:46:43.505,2264.0,2274.1,2250.1,2263.5,18513.2964
2025-06-22 09:46:43.505,2263.6,2287.3,2260.9,2280.7,19589.0266
2025-06-22 10:46:43.505,2280.5,2293.0,2277.8,2287.5,16649.9826
2025-06-22 11:46:43.505,2287.4,2297.0,2282.8,2285.8,9821.28
2025-06-22 12:46:43.505,2285.7,2287.4,2266.6,2269.7,13140.7326
2025-06-22 13:46:43.505,2269.7,2276.8,2262.7,2273.9,13128.1809
2025-06-22 14:46:43.505,2273.9,2279.3,2235.4,2240.7,36820.6081
2025-06-22 15:46:43.505,2240.7,2263.6,2238.0,2258.7,17980.2639
2025-06-22 16:46:43.505,2258.7,2278.1,2257.2,2272.0,18726.137
2025-06-22 17:46:43.505,2272.0,2285.3,2264.3,2278.5,18635.309
2025-06-22 18:46:43.505,2278.5,2283.5,2162.6,2198.7,182813.0214
2025-06-22 19:46:43.505,2198.7,2210.7,2156.2,2199.7,129035.8435
2025-06-22 20:46:43.505,2199.8,2206.4,2167.5,2173.4,55361.1482
2025-06-22 21:46:43.505,2173.3,2197.6,2171.9,2196.2,42292.9147
2025-06-22 22:46:43.505,2196.3,2218.7,2185.3,2191.6,39318.6233
2025-06-22 23:46:43.505,2191.6,2197.9,2178.3,2182.1,20667.63
2025-06-23 00:46:43.505,2182.1,2189.6,2169.6,2183.0,23302.4006
2025-06-23 01:46:43.505,2183.1,2196.3,2113.4,2185.7,106833.6795
2025-06-23 02:46:43.505,2186.1,2195.3,2173.0,2177.9,22815.3399
2025-06-23 03:46:43.505,2177.9,2235.1,2176.2,2233.8,72271.8813
2025-06-23 04:46:43.505,2233.8,2235.9,2218.2,2226.3,31399.9057
2025-06-23 05:46:43.505,2226.3,2258.8,2221.3,2239.6,35575.4202
2025-06-23 06:46:43.505,2239.7,2247.1,2224.3,2245.0,16117.7327
2025-06-23 07:46:43.505,2245.0,2246.7,2232.5,2238.0,11337.3908
2025-06-23 08:46:43.505,2238.0,2242.8,2231.0,2233.2,11299.5551
2025-06-23 09:46:43.505,2233.6,2242.5,2226.9,2232.6,8472.6964
2025-06-23 10:46:43.505,2232.7,2248.6,2232.6,2245.0,6990.2684
2025-06-23 11:46:43.505,2245.1,2255.2,2233.7,2250.4,71220.7119
2025-06-23 12:46:43.505,2250.4,2274.1,2250.3,2258.8,30755.3342
2025-06-23 13:46:43.505,2258.8,2273.8,2256.4,2261.3,22922.0975
2025-06-23 14:46:43.505,2261.4,2261.4,2243.1,2251.0,19034.7454
2025-06-23 15:46:43.505,2251.1,2252.2,2237.7,2246.2,9653.175
2025-06-23 16:46:43.505,2246.2,2257.5,2240.6,2252.8,11124.2925
2025-06-23 17:46:43.505,2252.8,2266.0,2244.5,2266.0,18129.8519
2025-06-23 18:46:43.505,2266.0,2299.0,2231.7,2293.9,96524.0921
2025-06-23 19:46:43.505,2294.0,2311.5,2268.9,2272.1,119293.748
2025-06-23 20:46:43.505,2272.2,2286.3,2245.1,2247.1,50408.2881
2025-06-23 21:46:43.505,2246.6,2250.3,2187.2,2221.1,140823.1496
2025-06-23 22:46:43.505,2221.0,2287.1,2216.3,2274.1,161520.2224
2025-06-23 23:46:43.505,2274.1,2310.7,2272.3,2304.6,124152.4048
2025-06-24 00:46:43.505,2304.3,2323.0,2294.5,2311.9,47958.0069
2025-06-24 01:46:43.505,2311.6,2379.3,2303.2,2345.8,148879.0237
2025-06-24 02:46:43.505,2346.0,2363.0,2333.8,2340.0,39806.7903
2025-06-24 03:46:43.505,2339.9,2434.7,2339.9,2406.1,169516.2073
2025-06-24 04:46:43.505,2405.6,2428.4,2404.1,2411.1,61515.4682
2025-06-24 05:46:43.505,2411.0,2416.9,2390.7,2401.6,38812.55
2025-06-24 06:46:43.505,2401.6,2415.9,2394.9,2412.8,27845.4995
2025-06-24 07:46:43.505,2412.8,2412.8,2388.2,2390.3,42078.4211
2025-06-24 08:46:43.505,2390.3,2409.3,2390.0,2397.3,32433.2536
2025-06-24 09:46:43.505,2397.4,2405.4,2391.2,2402.3,12597.3946
2025-06-24 10:46:43.505,2402.2,2423.3,2400.0,2418.8,28887.3777
2025-06-24 11:46:43.505,2418.9,2433.5,2410.0,2424.4,25016.1606
2025-06-24 12:46:43.505,2424.1,2427.3,2390.8,2391.9,32708.3642
2025-06-24 13:46:43.505,2391.8,2411.2,2375.0,2401.3,36308.1885
2025-06-24 14:46:43.505,2401.8,2446.2,2398.1,2414.6,41089.0218
2025-06-24 15:46:43.505,2414.5,2422.6,2405.6,2413.0,17731.0895
2025-06-24 16:46:43.505,2413.0,2419.5,2397.1,2408.3,23913.6307
2025-06-24 17:46:43.505,2408.2,2417.0,2401.8,2412.9,14573.568
2025-06-24 18:46:43.505,2413.0,2430.0,2403.3,2420.4,54210.8597
2025-06-24 19:46:43.505,2420.0,2439.1,2418.5,2430.0,35073.4205
2025-06-24 20:46:43.505,2430.1,2451.1,2423.6,2437.0,35269.9496
2025-06-24 21:46:43.505,2437.0,2481.5,2432.9,2478.3,65081.3186
2025-06-24 22:46:43.505,2478.4,2480.6,2442.7,2456.4,66573.9428
2025-06-24 23:46:43.505,2456.4,2461.9,2432.8,2434.0,33095.9816
2025-06-25 00:46:43.505,2434.1,2439.8,2416.1,2433.6,44440.0466
2025-06-25 01:46:43.505,2433.6,2448.5,2429.2,2447.9,13278.6343
2025-06-25 02:46:43.505,2448.0,2448.4,2433.7,2444.3,19398.0808
2025-06-25 03:46:43.505,2444.3,2444.3,2431.6,2439.8,10135.1493
2025-06-25 04:46:43.505,2439.6,2447.0,2429.2,2447.0,12203.5214
2025-06-25 05:46:43.505,2447.0,2459.9,2435.2,2457.3,26829.4657
2025-06-25 06:46:43.505,2457.0,2463.8,2444.1,2459.5,26974.4515
2025-06-25 07:46:43.505,2459.6,2467.3,2449.2,2450.5,14774.9004
2025-06-25 08:46:43.505,2450.4,2459.2,2442.4,2442.9,10306.7837
2025-06-25 09:46:43.505,2442.9,2446.4,2427.4,2434.0,27190.9788
2025-06-25 10:46:43.505,2433.9,2438.0,2422.3,2427.6,25169.6128
2025-06-25 11:46:43.505,2428.1,2444.0,2424.6,2443.6,9362.8055
2025-06-25 12:46:43.505,2443.4,2449.8,2439.0,2443.4,10788.6662
2025-06-25 13:46:43.505,2443.4,2444.7,2424.0,2438.7,17026.7253
2025-06-25 14:46:43.505,2438.8,2447.0,2407.8,2419.1,43742.1188
2025-06-25 15:46:43.505,2419.1,2430.0,2413.8,2425.2,13992.1981
2025-06-25 16:46:43.505,2425.3,2428.8,2411.4,2427.7,26038.1411
2025-06-25 17:46:43.505,2427.9,2428.5,2414.2,2427.4,19819.4641
2025-06-25 18:46:43.505,2427.4,2443.7,2422.7,2433.6,62055.2657
2025-06-25 19:46:43.505,2433.6,2441.0,2388.0,2430.7,102223.7876
2025-06-25 20:46:43.505,2430.6,2431.4,2396.0,2404.3,36577.3459
2025-06-25 21:46:43.505,2404.3,2419.0,2399.5,2408.6,31536.129
2025-06-25 22:46:43.505,2408.7,2430.0,2405.4,2422.1,24923.0221
2025-06-25 23:46:43.505,2421.7,2423.1,2410.3,2416.5,18079.8033
2025-06-26 00:46:43.505,2416.8,2437.9,2416.7,2431.5,20275.1866
2025-06-26 01:46:43.505,2431.6,2440.0,2424.5,2438.8,10382.3993
2025-06-26 02:46:43.505,2438.7,2453.2,2425.7,2429.0,25344.599
2025-06-26 03:46:43.505,2429.0,2429.0,2408.9,2414.4,25364.5823
2025-06-26 04:46:43.505,2414.4,2417.7,2407.3,2416.8,14047.6079
2025-06-26 05:46:43.505,2416.9,2427.0,2415.4,2425.5,10955.1326
2025-06-26 06:46:43.505,2425.6,2473.2,2417.1,2457.6,47363.9445
2025-06-26 07:46:43.505,2457.6,2498.4,2457.6,2492.0,38378.6081
2025-06-26 08:46:43.505,2491.7,2519.1,2482.0,2487.8,40340.9318
2025-06-26 09:46:43.505,2487.9,2490.0,2470.0,2479.6,19008.6413
2025-06-26 10:46:43.505,2479.6,2482.9,2465.7,2474.4,14015.6682
2025-06-26 11:46:43.505,2474.4,2488.0,2472.7,2486.1,15493.9438
2025-06-26 12:46:43.505,2486.0,2498.0,2479.0,2489.1,25598.0122
2025-06-26 13:46:43.505,2489.0,2498.8,2483.0,2485.3,31488.4508
2025-06-26 14:46:43.505,2485.2,2487.4,2460.9,2461.9,23170.5227
2025-06-26 15:46:43.505,2461.8,2465.6,2445.7,2449.0,20427.8735
2025-06-26 16:46:43.505,2449.1,2452.4,2438.7,2448.8,29931.3059
2025-06-26 17:46:43.505,2448.9,2452.7,2432.6,2438.8,23782.5799
2025-06-26 18:46:43.505,2438.9,2445.6,2423.8,2432.2,28834.6404
2025-06-26 19:46:43.505,2432.3,2457.9,2421.5,2444.8,25490.7292
2025-06-26 20:46:43.505,2445.6,2447.8,2407.6,2432.7,38860.0966
2025-06-26 21:46:43.505,2432.1,2435.8,2416.7,2426.7,8358.9605
2025-06-26 22:46:43.505,2426.8,2434.2,2417.6,2419.3,20805.2194
2025-06-26 23:46:43.505,2419.5,2435.3,2416.4,2424.1,20232.5725
2025-06-27 00:46:43.505,2424.1,2442.2,2421.4,2433.8,36649.1804
2025-06-27 01:46:43.505,2434.7,2456.7,2429.1,2444.4,32869.5008
2025-06-27 02:46:43.505,2444.4,2444.7,2393.4,2413.1,51613.6386
2025-06-27 03:46:43.505,2413.0,2422.6,2410.5,2412.3,7504.5601
2025-06-27 04:46:43.505,2412.2,2416.2,2404.8,2414.3,9719.2749
2025-06-27 05:46:43.505,2414.4,2420.0,2398.1,2398.6,20674.5083
2025-06-27 06:46:43.505,2398.6,2430.0,2381.1,2425.0,72120.483
2025-06-27 07:46:43.505,2425.0,2439.0,2422.3,2436.5,12205.2166
2025-06-27 08:46:43.505,2436.6,2447.2,2432.1,2445.5,11182.3193
2025-06-27 09:46:43.505,2445.5,2451.9,2438.0,2448.6,7224.4553
2025-06-27 10:46:43.505,2448.8,2451.4,2433.4,2438.7,14104.5469
2025-06-27 11:46:43.505,2438.7,2449.1,2435.9,2447.7,4386.1908
2025-06-27 12:46:43.505,2447.8,2458.3,2436.5,2440.7,11306.9778
2025-06-27 13:46:43.505,2440.8,2460.7,2434.2,2447.0,13748.559
2025-06-27 14:46:43.505,2447.1,2461.7,2440.9,2460.2,16306.7273
2025-06-27 15:46:43.505,2460.0,2460.6,2444.2,2444.4,17995.2316
2025-06-27 16:46:43.505,2444.5,2453.2,2440.9,2445.6,11243.2247
2025-06-27 17:46:43.505,2445.7,2455.8,2425.1,2428.5,28836.0678
2025-06-27 18:46:43.505,2428.4,2435.5,2416.1,2426.6,69361.7297
2025-06-27 19:46:43.505,2426.6,2436.8,2413.0,2422.7,33449.0335
2025-06-27 20:46:43.505,2422.7,2441.6,2418.6,2437.4,18781.0702
2025-06-27 21:46:43.505,2437.6,2448.0,2430.4,2432.4,18917.8355
2025-06-27 22:46:43.505,2432.4,2432.5,2395.0,2404.5,37079.6935
2025-06-27 23:46:43.505,2404.5,2407.8,2387.6,2393.7,25470.7607
2025-06-28 00:46:43.505,2393.7,2416.2,2391.3,2411.4,17337.5711
2025-06-28 01:46:43.505,2411.4,2426.3,2410.3,2425.0,17757.9875
2025-06-28 02:46:43.505,2424.9,2428.5,2415.5,2418.8,23990.3397
2025-06-28 03:46:43.505,2418.9,2424.1,2418.6,2421.5,3768.6875
2025-06-28 04:46:43.505,2421.5,2423.1,2414.4,2422.1,4560.0099
2025-06-28 05:46:43.505,2422.2,2423.0,2416.4,2417.4,5097.4373
2025-06-28 06:46:43.505,2417.4,2418.7,2404.0,2416.7,22620.6592
2025-06-28 07:46:43.505,2416.8,2421.0,2413.6,2417.3,2734.9776
2025-06-28 08:46:43.505,2417.4,2421.3,2415.8,2419.6,3405.3554
2025-06-28 09:46:43.505,2419.7,2420.4,2416.6,2419.5,2693.3851
2025-06-28 10:46:43.505,2419.5,2427.2,2417.5,2421.1,7906.6129
2025-06-28 11:46:43.505,2421.1,2426.6,2421.0,2426.6,4070.1455
2025-06-28 12:46:43.505,2426.6,2433.2,2423.4,2430.8,5539.5635
2025-06-28 13:46:43.505,2430.8,2431.3,2420.0,2423.2,5250.085
2025-06-28 14:46:43.505,2423.2,2427.7,2418.7,2425.9,2388.4666
2025-06-28 15:46:43.505,2425.9,2428.9,2422.7,2424.7,2658.5349
2025-06-28 16:46:43.505,2424.7,2427.5,2424.7,2426.4,1945.0487
2025-06-28 17:46:43.505,2426.4,2427.1,2421.4,2424.9,4716.4478
2025-06-28 18:46:43.505,2424.9,2428.1,2419.0,2421.7,5714.2945
2025-06-28 19:46:43.505,2421.8,2426.6,2421.7,2424.8,2388.1944
2025-06-28 20:46:43.505,2424.8,2440.8,2422.1,2435.6,5873.262
2025-06-28 21:46:43.505,2435.6,2442.6,2431.1,2433.9,22570.5335
2025-06-28 22:46:43.505,2433.8,2447.5,2432.7,2443.2,11230.7646
2025-06-28 23:46:43.505,2443.3,2443.8,2432.5,2436.5,8841.8734
2025-06-29 00:46:43.505,2436.6,2439.6,2431.8,2433.0,4811.2282
2025-06-29 01:46:43.505,2432.9,2434.1,2426.6,2429.1,9416.6146
2025-06-29 02:46:43.505,2429.0,2437.4,2428.6,2435.4,4045.4195
2025-06-29 03:46:43.505,2435.3,2440.9,2433.4,2439.6,10449.71
2025-06-29 04:46:43.505,2439.6,2441.9,2434.4,2435.1,10127.9229
2025-06-29 05:46:43.505,2435.1,2441.9,2431.3,2438.1,5822.7318
2025-06-29 06:46:43.505,2438.2,2438.3,2427.8,2429.4,3171.9963
2025-06-29 07:46:43.505,2429.4,2432.6,2424.0,2431.4,2849.0563
2025-06-29 08:46:43.505,2431.3,2432.5,2426.3,2427.1,3196.9461
2025-06-29 09:46:43.505,2427.2,2430.7,2426.1,2429.0,1137.2985
2025-06-29 10:46:43.505,2429.1,2433.9,2427.0,2433.0,2227.477
2025-06-29 11:46:43.505,2433.0,2436.9,2432.0,2436.2,998.5412
2025-06-29 12:46:43.505,2436.1,2439.5,2434.4,2439.4,2258.6597
2025-06-29 13:46:43.505,2439.4,2446.9,2437.8,2443.2,5237.0316
2025-06-29 14:46:43.505,2443.2,2457.2,2438.4,2447.6,9238.7284
2025-06-29 15:46:43.505,2447.6,2457.9,2446.8,2455.7,11282.4038
2025-06-29 16:46:43.505,2455.7,2462.9,2452.9,2461.4,8967.0407
2025-06-29 17:46:43.505,2461.6,2462.9,2448.5,2454.2,11926.5887
2025-06-29 18:46:43.505,2454.2,2456.4,2447.0,2447.1,10911.8979
2025-06-29 19:46:43.505,2447.1,2451.8,2434.2,2440.0,12291.6696
2025-06-29 20:46:43.505,2440.0,2444.2,2433.3,2436.5,8029.2644
2025-06-29 21:46:43.505,2436.4,2439.8,2429.0,2438.6,13826.0314
2025-06-29 22:46:43.505,2438.6,2439.6,2432.2,2438.7,2579.329
2025-06-29 23:46:43.505,2438.6,2442.5,2433.7,2437.4,8561.235
2025-06-30 00:46:43.505,2437.4,2438.9,2432.9,2437.6,5340.7992
2025-06-30 01:46:43.505,2437.5,2439.3,2431.9,2431.9,5596.4034
2025-06-30 02:46:43.505,2431.9,2438.2,2406.2,2430.9,21423.1397
2025-06-30 03:46:43.505,2430.9,2510.0,2430.0,2501.2,75927.7186
2025-06-30 04:46:43.505,2501.3,2524.8,2494.5,2500.4,31016.1571
2025-06-30 05:46:43.505,2500.4,2523.6,2500.0,2518.0,37464.8363
2025-06-30 06:46:43.505,2518.1,2519.4,2504.2,2510.3,15275.9623
2025-06-30 07:46:43.505,2510.4,2511.0,2498.6,2500.6,17157.0328
2025-06-30 08:46:43.505,2500.6,2504.3,2494.5,2499.3,17095.2841
2025-06-30 09:46:43.505,2499.3,2505.0,2494.5,2495.0,9743.95
2025-06-30 10:46:43.505,2495.1,2503.1,2492.0,2503.1,8986.5328
2025-06-30 11:46:43.505,2503.0,2503.7,2456.3,2464.5,46716.0061
2025-06-30 12:46:43.505,2464.5,2482.8,2460.5,2480.4,21292.523
2025-06-30 13:46:43.505,2480.4,2486.3,2465.5,2468.6,13761.6947
2025-06-30 14:46:43.505,2468.6,2476.4,2450.8,2451.2,12492.8234
2025-06-30 15:46:43.505,2451.3,2457.4,2446.1,2456.1,17227.8749
2025-06-30 16:46:43.505,2456.0,2467.8,2452.6,2457.9,9054.1714
2025-06-30 17:46:43.505,2457.9,2465.0,2456.7,2459.4,11721.7149
2025-06-30 18:46:43.505,2459.5,2474.4,2458.3,2461.9,21746.0135
2025-06-30 19:46:43.505,2462.0,2469.1,2434.3,2438.1,33925.9842
2025-06-30 20:46:43.505,2438.4,2487.8,2436.0,2474.6,44398.8812
2025-06-30 21:46:43.505,2474.6,2482.0,2461.7,2475.5,25382.7188
2025-06-30 22:46:43.505,2475.5,2497.4,2473.7,2487.8,28611.0734
2025-06-30 23:46:43.505,2487.7,2499.5,2479.5,2485.4,25073.3489
2025-07-01 00:46:43.505,2485.4,2518.1,2485.0,2517.1,36541.7867
2025-07-01 01:46:43.505,2516.8,2522.0,2501.7,2503.0,23570.031
2025-07-01 02:46:43.505,2503.0,2504.2,2483.0,2487.5,16656.9645
2025-07-01 03:46:43.505,2487.5,2496.0,2484.3,2490.2,15410.2935
2025-07-01 04:46:43.505,2490.3,2494.7,2484.5,2485.1,5424.4424
2025-07-01 05:46:43.505,2485.1,2496.3,2476.7,2492.5,20304.2103
2025-07-01 06:46:43.505,2492.3,2499.9,2485.7,2487.9,21428.4287
2025-07-01 07:46:43.505,2487.9,2495.1,2482.1,2482.6,7657.4014
2025-07-01 08:46:43.505,2483.0,2487.3,2478.6,2485.2,7729.1867
2025-07-01 09:46:43.505,2485.2,2485.3,2460.0,2460.5,14941.3378
2025-07-01 10:46:43.505,2460.6,2466.1,2451.1,2460.5,20701.9631
2025-07-01 11:46:43.505,2460.3,2462.0,2455.8,2458.4,6510.6061
2025-07-01 12:46:43.505,2458.5,2467.5,2445.2,2464.1,18510.7834
2025-07-01 13:46:43.505,2464.0,2464.5,2450.8,2452.3,3722.1183
2025-07-01 14:46:43.505,2452.3,2457.8,2450.0,2456.4,9045.8568
2025-07-01 15:46:43.505,2456.3,2461.0,2449.1,2455.7,9008.7984
2025-07-01 16:46:43.505,2455.7,2458.2,2441.2,2448.4,23176.1139
2025-07-01 17:46:43.505,2448.3,2452.8,2433.8,2436.2,24332.9232
2025-07-01 18:46:43.505,2436.3,2447.0,2423.5,2442.7,35107.2278
2025-07-01 19:46:43.505,2442.5,2455.7,2405.8,2419.4,65132.8844
2025-07-01 20:46:43.505,2419.3,2431.1,2415.1,2422.8,20109.9809
2025-07-01 21:46:43.505,2422.8,2429.8,2418.3,2423.7,10478.2546
2025-07-01 22:46:43.505,2423.6,2432.6,2417.1,2431.5,8957.7082
2025-07-01 23:46:43.505,2431.4,2432.5,2400.0,2408.6,39719.2515
2025-07-02 00:46:43.505,2408.6,2420.6,2400.2,2401.6,32410.3139
2025-07-02 01:46:43.505,2401.6,2416.8,2393.0,2413.6,71695.3106
2025-07-02 02:46:43.505,2413.5,2417.5,2402.2,2406.1,26241.4444
2025-07-02 03:46:43.505,2406.0,2411.4,2398.1,2399.2,10239.526
2025-07-02 04:46:43.505,2399.2,2404.8,2384.3,2403.6,19773.6
2025-07-02 05:46:43.505,2403.5,2408.5,2396.2,2396.9,11123.3345
2025-07-02 06:46:43.505,2396.8,2410.0,2373.0,2409.9,38169.8915
2025-07-02 07:46:43.505,2409.9,2417.4,2406.0,2416.8,8793.2725
2025-07-02 08:46:43.505,2416.9,2430.0,2415.4,2428.9,11673.0427
2025-07-02 09:46:43.505,2429.0,2439.9,2424.2,2437.9,11275.3698
2025-07-02 10:46:43.505,2437.9,2444.9,2432.7,2442.8,17785.4149
2025-07-02 11:46:43.505,2442.8,2451.8,2437.3,2450.2,14496.4106
2025-07-02 12:46:43.505,2450.1,2452.5,2439.7,2445.2,34675.1722
2025-07-02 13:46:43.505,2445.2,2453.7,2442.8,2447.6,21467.3434
2025-07-02 14:46:43.505,2447.6,2451.5,2444.4,2447.4,12327.501
2025-07-02 15:46:43.505,2447.4,2452.6,2442.3,2451.9,6672.3279
2025-07-02 16:46:43.505,2451.9,2457.8,2440.5,2443.9,7437.9805
2025-07-02 17:46:43.505,2443.9,2446.4,2430.0,2437.2,21904.4449
2025-07-02 18:46:43.505,2437.1,2456.5,2435.4,2447.9,19925.6763
2025-07-02 19:46:43.505,2447.9,2470.9,2447.1,2468.1,25991.2192
2025-07-02 20:46:43.505,2468.2,2500.7,2467.4,2497.9,67399.0468
2025-07-02 21:46:43.505,2498.0,2563.3,2493.8,2559.6,158994.4578
2025-07-02 22:46:43.505,2559.6,2588.0,2551.0,2566.8,102137.0565
2025-07-02 23:46:43.505,2566.8,2582.7,2562.7,2581.0,53834.4842
2025-07-03 00:46:43.505,2581.1,2605.4,2566.1,2603.2,56103.0242
2025-07-03 01:46:43.505,2603.2,2603.3,2585.2,2588.5,53086.5417
2025-07-03 02:46:43.505,2588.5,2599.2,2582.8,2595.6,29359.9865
2025-07-03 03:46:43.505,2595.6,2616.4,2591.1,2593.7,38153.0548
2025-07-03 04:46:43.505,2593.7,2594.8,2569.1,2569.7,46046.208
2025-07-03 05:46:43.505,2569.8,2578.9,2562.6,2573.0,18683.2968
2025-07-03 06:46:43.505,2573.0,2586.0,2564.9,2579.6,13427.4593
2025-07-03 07:46:43.505,2579.7,2579.7,2556.1,2567.0,20148.5244
2025-07-03 08:46:43.505,2567.0,2571.4,2559.5,2560.8,8341.6332
2025-07-03 09:46:43.505,2560.8,2571.4,2558.8,2566.1,7394.2323
2025-07-03 10:46:43.505,2566.1,2600.8,2565.4,2589.0,21260.5482
2025-07-03 11:46:43.505,2589.0,2602.7,2584.9,2598.6,9605.9977
2025-07-03 12:46:43.505,2598.6,2605.2,2589.5,2599.9,10410.4966
2025-07-03 13:46:43.505,2599.9,2606.5,2587.1,2587.7,26592.775
2025-07-03 14:46:43.505,2587.8,2615.8,2586.2,2598.1,35111.0095
2025-07-03 15:46:43.505,2598.1,2601.0,2583.6,2597.5,9797.336
2025-07-03 16:46:43.505,2597.5,2597.8,2581.9,2596.4,13486.2495
2025-07-03 17:46:43.505,2596.4,2612.4,2565.7,2588.8,65869.2397
2025-07-03 18:46:43.505,2588.9,2635.5,2586.3,2624.7,51106.6203
2025-07-03 19:46:43.505,2624.8,2632.8,2585.1,2594.4,77446.6292
2025-07-03 20:46:43.505,2594.5,2597.4,2566.0,2570.0,49616.0464
2025-07-03 21:46:43.505,2570.1,2581.1,2565.5,2571.7,16823.1722
2025-07-03 22:46:43.505,2571.7,2580.0,2571.7,2577.1,14906.0512
2025-07-03 23:46:43.505,2577.1,2587.5,2574.1,2584.3,18796.7265
2025-07-04 00:46:43.505,2584.3,2592.0,2581.7,2585.1,11740.2774
2025-07-04 01:46:43.505,2585.2,2598.5,2585.0,2598.5,13899.4653
2025-07-04 02:46:43.505,2598.5,2603.0,2589.3,2595.0,12476.5898
2025-07-04 03:46:43.505,2595.0,2601.3,2590.0,2592.8,7876.6454
2025-07-04 04:46:43.505,2592.8,2597.4,2585.0,2589.9,10600.0821
2025-07-04 05:46:43.505,2589.9,2597.9,2580.4,2587.6,15491.6823
2025-07-04 06:46:43.505,2587.5,2601.8,2586.5,2589.2,22483.9979
2025-07-04 07:46:43.505,2589.2,2591.3,2570.6,2574.3,16678.6026
2025-07-04 08:46:43.505,2574.4,2584.6,2570.9,2576.9,22132.8163
2025-07-04 09:46:43.505,2576.7,2584.0,2568.0,2569.0,18004.695
2025-07-04 10:46:43.505,2569.0,2580.5,2563.2,2568.1,28412.2403
2025-07-04 11:46:43.505,2568.0,2569.3,2549.6,2557.7,42798.7646
2025-07-04 12:46:43.505,2557.7,2564.0,2530.0,2534.2,36011.8702
2025-07-04 13:46:43.505,2534.1,2553.4,2527.3,2546.2,25128.9747
2025-07-04 14:46:43.505,2546.2,2558.3,2545.7,2550.4,26138.1062
2025-07-04 15:46:43.505,2550.4,2554.5,2544.3,2547.4,15519.0164
2025-07-04 16:46:43.505,2547.4,2555.6,2545.9,2548.1,28998.8477
2025-07-04 17:46:43.505,2548.1,2552.0,2542.2,2546.5,8844.4047
2025-07-04 18:46:43.505,2546.6,2555.3,2521.1,2525.0,62893.4964
2025-07-04 19:46:43.505,2524.9,2527.4,2498.0,2516.1,62412.7355
2025-07-04 20:46:43.505,2516.1,2517.8,2498.5,2499.9,25240.2593
2025-07-04 21:46:43.505,2499.9,2502.9,2474.4,2487.6,46318.5173
2025-07-04 22:46:43.505,2487.6,2497.7,2486.6,2496.4,16119.0822
2025-07-04 23:46:43.505,2496.4,2496.4,2480.5,2484.4,18356.14
2025-07-05 00:46:43.505,2484.3,2490.2,2474.6,2482.9,18633.915
2025-07-05 01:46:43.505,2482.9,2496.4,2481.4,2490.1,14178.3162
2025-07-05 02:46:43.505,2490.1,2497.3,2487.1,2497.1,8666.2247
2025-07-05 03:46:43.505,2497.0,2521.3,2495.3,2520.8,18834.9416
2025-07-05 04:46:43.505,2520.9,2521.0,2504.7,2508.0,19061.1249
2025-07-05 05:46:43.505,2508.1,2518.3,2507.0,2516.9,7586.5796
2025-07-05 06:46:43.505,2517.0,2517.0,2506.7,2514.4,7307.7228
2025-07-05 07:46:43.505,2514.4,2519.5,2498.5,2519.2,21936.1546
2025-07-05 08:46:43.505,2519.3,2525.0,2515.8,2518.6,12233.0893
2025-07-05 09:46:43.505,2518.7,2525.0,2512.2,2516.3,17189.1181
2025-07-05 10:46:43.505,2516.4,2521.0,2513.2,2519.7,13206.2333
2025-07-05 11:46:43.505,2519.8,2529.1,2517.3,2527.5,14375.0937
2025-07-05 12:46:43.505,2527.6,2529.8,2519.6,2521.5,9849.963
2025-07-05 13:46:43.505,2521.5,2525.0,2510.2,2516.2,9184.9003
2025-07-05 14:46:43.505,2516.2,2522.5,2508.7,2521.2,13959.7569
2025-07-05 15:46:43.505,2521.3,2523.0,2517.9,2518.4,3916.7732
2025-07-05 16:46:43.505,2518.5,2526.2,2518.1,2518.1,11237.3657
2025-07-05 17:46:43.505,2518.1,2519.0,2510.1,2518.0,8310.8167
2025-07-05 18:46:43.505,2518.0,2521.8,2512.5,2514.1,5222.4287
2025-07-05 19:46:43.505,2514.1,2521.1,2511.5,2518.7,20757.2604
2025-07-05 20:46:43.505,2518.7,2518.8,2505.2,2507.8,7660.4028
2025-07-05 21:46:43.505,2507.7,2513.0,2491.2,2505.8,20097.6845
2025-07-05 22:46:43.505,2505.8,2511.4,2496.0,2503.4,12532.2456
2025-07-05 23:46:43.505,2503.5,2504.9,2491.8,2492.7,8780.2657
2025-07-06 00:46:43.505,2492.7,2508.6,2487.4,2505.5,14994.1738
2025-07-06 01:46:43.505,2505.4,2508.4,2498.0,2506.1,4785.052
2025-07-06 02:46:43.505,2506.2,2519.3,2505.7,2516.6,6090.6371
2025-07-06 03:46:43.505,2516.7,2522.4,2513.3,2519.2,4218.7476
2025-07-06 04:46:43.505,2519.2,2522.5,2515.8,2516.4,4804.9251
2025-07-06 05:46:43.505,2516.5,2521.0,2512.1,2520.9,7987.409
2025-07-06 06:46:43.505,2520.8,2520.8,2514.6,2518.0,4766.8285
2025-07-06 07:46:43.505,2518.1,2521.4,2514.1,2514.1,8058.6414
2025-07-06 08:46:43.505,2514.1,2515.9,2510.0,2515.2,12028.379
2025-07-06 09:46:43.505,2515.2,2518.2,2510.9,2512.6,7959.3576
2025-07-06 10:46:43.505,2512.6,2513.9,2508.9,2510.9,11016.7657
2025-07-06 11:46:43.505,2510.9,2527.0,2509.2,2521.6,10030.3246
2025-07-06 12:46:43.505,2521.7,2525.8,2518.3,2518.4,9758.6885
2025-07-06 13:46:43.505,2518.3,2518.8,2509.2,2513.2,8794.9551
2025-07-06 14:46:43.505,2513.3,2518.3,2506.9,2507.1,7677.1119
2025-07-06 15:46:43.505,2507.2,2514.3,2503.5,2508.6,16129.9306
2025-07-06 16:46:43.505,2508.6,2516.3,2507.9,2516.2,5024.6619
2025-07-06 17:46:43.505,2516.2,2522.2,2511.9,2520.1,6609.2061
2025-07-06 18:46:43.505,2520.1,2569.9,2517.2,2557.7,49828.3888
2025-07-06 19:46:43.505,2557.8,2567.8,2547.0,2559.0,25843.2516
2025-07-06 20:46:43.505,2559.0,2561.6,2548.3,2558.1,34601.3108
2025-07-06 21:46:43.505,2558.0,2560.0,2542.3,2552.4,27223.6286
2025-07-06 22:46:43.505,2552.4,2552.7,2543.6,2547.4,21952.9102
2025-07-06 23:46:43.505,2547.3,2547.5,2524.3,2532.4,23131.7236
2025-07-07 00:46:43.505,2532.4,2541.8,2531.5,2541.7,10855.0175
2025-07-07 01:46:43.505,2541.3,2551.6,2540.3,2545.6,7335.669
2025-07-07 02:46:43.505,2545.5,2602.5,2545.5,2587.8,56860.9633
2025-07-07 03:46:43.505,2587.8,2604.9,2579.8,2581.9,34360.071
2025-07-07 04:46:43.505,2581.8,2582.6,2562.3,2570.3,12692.3985
2025-07-07 05:46:43.505,2570.4,2574.4,2555.2,2561.3,18696.8891
2025-07-07 06:46:43.505,2561.3,2565.8,2550.5,2563.3,13338.9949
2025-07-07 07:46:43.505,2563.3,2584.4,2563.2,2575.9,31176.1258
2025-07-07 08:46:43.505,2575.9,2591.4,2574.7,2577.4,29850.1459
2025-07-07 09:46:43.505,2577.3,2580.4,2570.4,2573.1,7722.7633
2025-07-07 10:46:43.505,2573.2,2577.1,2565.8,2569.3,6453.5819
2025-07-07 11:46:43.505,2569.3,2576.4,2563.3,2564.9,8251.5189
2025-07-07 12:46:43.505,2564.9,2579.9,2560.0,2578.7,15244.6743
2025-07-07 13:46:43.505,2578.6,2589.0,2570.9,2585.6,35265.2723
2025-07-07 14:46:43.505,2585.6,2585.6,2567.3,2573.0,12900.0963
2025-07-07 15:46:43.505,2573.0,2573.0,2558.6,2559.0,13434.482
2025-07-07 16:46:43.505,2559.0,2566.4,2553.3,2563.9,18051.5413
2025-07-07 17:46:43.505,2563.9,2565.2,2544.4,2549.6,28549.9062
2025-07-07 18:46:43.505,2549.6,2570.6,2536.5,2566.5,38091.7106
2025-07-07 19:46:43.505,2566.9,2569.0,2531.0,2532.7,43618.2071
2025-07-07 20:46:43.505,2532.8,2545.4,2530.0,2535.0,13063.6362
2025-07-07 21:46:43.505,2535.2,2543.6,2516.1,2524.9,34672.159
2025-07-07 22:46:43.505,2524.8,2548.1,2517.9,2533.9,17783.0169
2025-07-07 23:46:43.505,2533.9,2546.9,2521.4,2545.0,19563.9786
2025-07-08 00:46:43.505,2545.1,2557.8,2540.5,2543.9,21978.4676
2025-07-08 01:46:43.505,2544.6,2545.4,2530.6,2534.9,24676.6469
2025-07-08 02:46:43.505,2534.9,2543.3,2523.9,2540.2,19817.6488
2025-07-08 03:46:43.505,2540.2,2542.8,2530.0,2536.8,17162.914
2025-07-08 04:46:43.505,2536.9,2546.0,2536.9,2542.7,11066.5036
2025-07-08 05:46:43.505,2542.6,2554.6,2537.4,2540.8,20157.223
2025-07-08 06:46:43.505,2540.6,2540.6,2526.9,2527.0,13221.1835
2025-07-08 07:46:43.505,2527.1,2538.8,2524.2,2528.2,18310.8248
2025-07-08 08:46:43.505,2528.3,2539.5,2527.4,2538.3,3226.7172
2025-07-08 09:46:43.505,2538.4,2544.7,2532.5,2543.7,9184.4791
2025-07-08 10:46:43.505,2543.8,2552.1,2541.8,2551.9,7262.6076
2025-07-08 11:46:43.505,2552.0,2563.6,2550.4,2559.4,8274.1468
2025-07-08 12:46:43.505,2559.4,2559.5,2547.8,2553.0,9087.2167
2025-07-08 13:46:43.505,2553.1,2561.6,2546.2,2546.3,19680.2991
2025-07-08 14:46:43.505,2546.2,2555.0,2543.2,2552.8,11211.3054
2025-07-08 15:46:43.505,2552.9,2566.3,2550.8,2566.0,21016.9562
2025-07-08 16:46:43.505,2566.0,2585.8,2563.2,2575.7,16269.5975
2025-07-08 17:46:43.505,2575.7,2584.7,2571.9,2583.4,15239.5378
2025-07-08 18:46:43.505,2583.4,2601.6,2571.2,2588.9,48848.2539
2025-07-08 19:46:43.505,2588.9,2589.5,2558.3,2564.1,52516.1181
2025-07-08 20:46:43.505,2564.1,2569.8,2559.0,2565.1,24124.9032
2025-07-08 21:46:43.505,2565.2,2581.8,2560.2,2576.4,16186.8484
2025-07-08 22:46:43.505,2576.5,2627.8,2575.8,2616.9,60243.1641
2025-07-08 23:46:43.505,2617.0,2626.7,2612.3,2626.2,24227.8504
2025-07-09 00:46:43.505,2626.2,2626.2,2601.8,2611.7,26682.6015
2025-07-09 01:46:43.505,2611.6,2614.7,2599.0,2599.1,18386.7893
2025-07-09 02:46:43.505,2599.1,2613.2,2597.1,2609.3,27672.0941
2025-07-09 03:46:43.505,2609.4,2612.7,2602.3,2610.4,11148.965
2025-07-09 04:46:43.505,2610.5,2618.1,2607.3,2615.7,16192.947
2025-07-09 05:46:43.505,2615.8,2616.3,2603.4,2613.6,15171.4886
2025-07-09 06:46:43.505,2613.6,2626.2,2599.5,2605.1,17480.8791
2025-07-09 07:46:43.505,2605.0,2610.3,2602.0,2602.5,10005.1894
2025-07-09 08:46:43.505,2602.7,2607.3,2590.3,2591.4,15749.6655
2025-07-09 09:46:43.505,2591.3,2603.0,2591.1,2602.4,11517.1698
2025-07-09 10:46:43.505,2602.7,2646.0,2602.1,2628.4,32043.4489
2025-07-09 11:46:43.505,2628.4,2633.8,2618.2,2632.2,21903.6003
2025-07-09 12:46:43.505,2632.2,2634.6,2622.0,2625.5,9439.6647
2025-07-09 13:46:43.505,2625.5,2626.8,2611.9,2612.0,8960.6229
2025-07-09 14:46:43.505,2611.9,2615.6,2605.9,2612.1,12482.5901
2025-07-09 15:46:43.505,2612.1,2622.7,2607.2,2618.5,8415.7624
2025-07-09 16:46:43.505,2618.5,2630.9,2617.2,2626.7,21131.0485
2025-07-09 17:46:43.505,2626.7,2667.1,2624.8,2660.5,48766.5978
2025-07-09 18:46:43.505,2660.4,2675.6,2653.9,2655.3,41141.6878
2025-07-09 19:46:43.505,2655.3,2670.5,2629.9,2642.9,55632.3435
2025-07-09 20:46:43.505,2643.0,2659.2,2642.1,2657.7,26793.9956
2025-07-09 21:46:43.505,2657.8,2669.7,2653.6,2667.4,16437.7693
2025-07-09 22:46:43.505,2667.4,2669.7,2654.5,2663.3,26012.2624
2025-07-09 23:46:43.505,2663.3,2800.0,2662.5,2720.0,157284.1348
2025-07-10 00:46:43.505,2720.0,2797.3,2718.7,2765.9,127228.2492
2025-07-10 01:46:43.505,2766.1,2766.6,2733.1,2739.1,79712.7619
2025-07-10 02:46:43.505,2739.2,2760.7,2737.5,2755.2,33292.3281
2025-07-10 03:46:43.505,2755.0,2784.0,2754.9,2781.9,43512.526
2025-07-10 04:46:43.505,2781.9,2783.8,2768.2,2770.0,16157.9558
2025-07-10 05:46:43.505,2770.0,2774.6,2758.5,2758.6,21495.0006
2025-07-10 06:46:43.505,2758.4,2779.8,2756.8,2776.4,23615.6624
2025-07-10 07:46:43.505,2776.4,2799.0,2775.5,2784.8,30567.0345
2025-07-10 08:46:43.505,2784.8,2791.4,2771.9,2777.0,11703.4794
2025-07-10 09:46:43.505,2777.1,2780.7,2766.8,2779.8,11415.6481
2025-07-10 10:46:43.505,2779.9,2786.1,2773.8,2782.6,15760.5772
2025-07-10 11:46:43.505,2782.7,2800.0,2780.9,2797.3,23455.4517
2025-07-10 12:46:43.505,2797.2,2824.6,2788.8,2793.1,58032.0888
2025-07-10 13:46:43.505,2793.1,2800.2,2785.8,2790.0,19270.6432
2025-07-10 14:46:43.505,2790.0,2791.2,2776.8,2780.0,16254.9901
2025-07-10 15:46:43.505,2780.1,2789.0,2774.0,2786.8,12763.377
2025-07-10 16:46:43.505,2786.7,2786.8,2775.1,2780.8,6976.3854
2025-07-10 17:46:43.505,2780.8,2781.1,2769.4,2779.8,16274.4909
2025-07-10 18:46:43.505,2779.8,2796.4,2773.6,2785.0,34982.8187
2025-07-10 19:46:43.505,2785.0,2794.4,2759.8,2778.0,48107.6385
2025-07-10 20:46:43.505,2778.0,2778.5,2761.2,2771.0,21174.5073
2025-07-10 21:46:43.505,2770.9,2815.6,2770.6,2809.8,82428.2223
2025-07-10 22:46:43.505,2809.9,2837.9,2805.0,2833.5,65646.0946
2025-07-10 23:46:43.505,2833.3,2843.4,2798.0,2814.3,63462.4659
2025-07-11 00:46:43.505,2814.2,2824.0,2808.8,2818.9,22975.258
2025-07-11 01:46:43.505,2818.8,2828.1,2816.2,2820.5,36268.5699
2025-07-11 02:46:43.505,2820.4,3001.0,2818.8,2977.3,325440.7135
2025-07-11 03:46:43.505,2977.4,2980.6,2954.5,2976.1,84156.1309
2025-07-11 04:46:43.505,2976.1,2976.8,2937.0,2953.0,64608.1119
2025-07-11 05:46:43.505,2953.1,2960.1,2916.5,2938.8,72885.6722
2025-07-11 06:46:43.505,2938.8,2958.3,2935.6,2956.3,23413.3968
2025-07-11 07:46:43.505,2956.4,2970.1,2953.9,2966.7,41964.3891
2025-07-11 08:46:43.505,2966.7,2975.7,2958.5,2971.3,40273.4189
2025-07-11 09:46:43.505,2971.3,2973.4,2949.1,2972.2,27781.6991
2025-07-11 10:46:43.505,2972.3,3032.5,2969.3,3007.7,105173.4315
2025-07-11 11:46:43.505,3007.8,3029.2,2988.6,2990.7,61327.2689
2025-07-11 12:46:43.505,2990.8,3005.6,2970.0,2971.4,35934.3008
2025-07-11 13:46:43.505,2971.5,3010.0,2966.3,3005.9,36743.4344
2025-07-11 14:46:43.505,3006.0,3042.7,2999.0,3017.9,65902.3508
2025-07-11 15:46:43.505,3018.0,3018.0,2994.4,3005.8,45698.7207
2025-07-11 16:46:43.505,3005.8,3008.0,2972.0,2986.6,30579.2761
2025-07-11 17:46:43.505,2986.6,2995.8,2973.0,2988.9,31198.9916
2025-07-11 18:46:43.505,2988.9,3012.3,2977.4,3004.8,56901.3805
2025-07-11 19:46:43.505,3004.9,3009.0,2983.8,2992.0,46330.9126
2025-07-11 20:46:43.505,2992.0,2998.7,2939.0,2954.0,100163.7466
2025-07-11 21:46:43.505,2954.0,2975.0,2939.0,2970.7,102372.2185
2025-07-11 22:46:43.505,2970.8,3002.7,2966.9,2995.7,40373.3341
2025-07-11 23:46:43.505,2995.7,3001.8,2985.9,2998.5,14975.5293
2025-07-12 00:46:43.505,2998.5,3013.8,2981.2,3010.6,34859.7258
2025-07-12 01:46:43.505,3010.5,3012.2,2976.5,2977.6,20711.9578
2025-07-12 02:46:43.505,2977.6,2999.0,2958.7,2969.1,33026.9866
2025-07-12 03:46:43.505,2968.8,2973.7,2925.3,2952.6,52996.6345
2025-07-12 04:46:43.505,2952.6,2962.6,2951.0,2960.6,11990.537
2025-07-12 05:46:43.505,2960.7,2968.0,2936.0,2954.6,18071.4861
2025-07-12 06:46:43.505,2954.6,2968.7,2954.6,2960.6,12562.3091
2025-07-12 07:46:43.505,2960.6,2972.6,2956.2,2959.0,10780.3738
2025-07-12 08:46:43.505,2958.8,2970.6,2957.2,2967.8,5494.4804
2025-07-12 09:46:43.505,2967.9,2970.8,2945.0,2953.5,9896.128
2025-07-12 10:46:43.505,2953.5,2959.0,2945.6,2954.4,20084.373
2025-07-12 11:46:43.505,2954.5,2965.1,2947.2,2961.4,8075.3801
2025-07-12 12:46:43.505,2961.5,2979.2,2961.1,2965.2,10491.2841
2025-07-12 13:46:43.505,2965.2,2972.0,2964.2,2968.2,6977.8447
2025-07-12 14:46:43.505,2968.3,2978.0,2964.2,2976.1,7025.5587
2025-07-12 15:46:43.505,2976.2,2981.5,2969.5,2977.7,8310.117
2025-07-12 16:46:43.505,2977.8,2981.0,2962.2,2963.6,42169.2589
2025-07-12 17:46:43.505,2963.7,2968.2,2915.5,2944.3,50002.488
2025-07-12 18:46:43.505,2944.3,2944.3,2919.4,2940.0,26767.6062
2025-07-12 19:46:43.505,2940.0,2949.6,2925.0,2928.6,24816.9278
2025-07-12 20:46:43.505,2928.7,2931.7,2904.7,2916.9,55076.8351
2025-07-12 21:46:43.505,2916.9,2936.0,2911.5,2925.4,23195.5136
2025-07-12 22:46:43.505,2925.5,2944.0,2922.2,2942.4,8503.3705
2025-07-12 23:46:43.505,2942.4,2945.8,2937.4,2943.7,8077.9001
2025-07-13 00:46:43.505,2943.8,2947.1,2936.5,2941.6,7869.7491
2025-07-13 01:46:43.505,2941.7,2943.7,2918.1,2918.2,13610.6936
2025-07-13 02:46:43.505,2918.2,2940.6,2916.0,2940.0,13153.9437
2025-07-13 03:46:43.505,2940.0,2941.7,2926.4,2938.5,5360.2866
2025-07-13 04:46:43.505,2938.6,2947.9,2931.3,2944.1,6690.6218
2025-07-13 05:46:43.505,2944.1,2950.6,2937.0,2945.9,11771.8274
2025-07-13 06:46:43.505,2945.9,2953.7,2940.4,2950.4,8771.5932
2025-07-13 07:46:43.505,2950.4,2961.7,2939.5,2955.2,12232.4454
2025-07-13 08:46:43.505,2955.2,2960.3,2949.4,2957.1,16896.7118
2025-07-13 09:46:43.505,2957.1,2961.0,2953.2,2960.4,5431.2538
2025-07-13 10:46:43.505,2960.5,2964.9,2951.0,2951.9,23239.7938
2025-07-13 11:46:43.505,2952.0,2968.9,2951.0,2961.9,8680.8932
2025-07-13 12:46:43.505,2962.0,2967.3,2957.6,2964.4,7949.9349
2025-07-13 13:46:43.505,2964.4,2965.6,2954.0,2957.4,4315.172
2025-07-13 14:46:43.505,2957.4,2959.0,2945.8,2950.9,6106.7262
2025-07-13 15:46:43.505,2950.9,2958.7,2947.2,2949.8,6605.8404
2025-07-13 16:46:43.505,2949.8,2967.8,2949.7,2966.4,6540.9169
2025-07-13 17:46:43.505,2966.3,2994.0,2960.8,2987.9,34909.3216
2025-07-13 18:46:43.505,2987.9,2996.0,2975.0,2991.7,29249.3634
2025-07-13 19:46:43.505,2991.6,3021.8,2974.5,2989.6,63699.8025
2025-07-13 20:46:43.505,2989.6,3007.5,2986.6,2994.7,22872.4727
2025-07-13 21:46:43.505,2994.5,3001.3,2974.6,2976.5,25949.6968
2025-07-13 22:46:43.505,2976.4,2998.9,2965.3,2993.0,19826.3158
2025-07-13 23:46:43.505,2993.0,3003.0,2989.5,2995.9,17737.5797
2025-07-14 00:46:43.505,2995.9,3013.5,2990.1,2991.3,27634.7853
2025-07-14 01:46:43.505,2991.3,3000.8,2981.9,2994.2,29124.0408
2025-07-14 02:46:43.505,2994.2,2994.2,2941.3,2966.8,46374.0466
2025-07-14 03:46:43.505,2966.8,2971.5,2948.4,2960.7,25127.2553
2025-07-14 04:46:43.505,2960.7,2981.3,2955.4,2973.6,13939.0629
2025-07-14 05:46:43.505,2973.6,2990.1,2969.2,2976.9,22338.0677
2025-07-14 06:46:43.505,2976.9,2980.7,2965.1,2976.5,19808.4825
2025-07-14 07:46:43.505,2976.6,3019.2,2974.4,3003.0,74444.4205
2025-07-14 08:46:43.505,3003.0,3055.2,3000.0,3041.0,82048.9591
2025-07-14 09:46:43.505,3041.0,3064.0,3033.2,3059.1,50007.1293
2025-07-14 10:46:43.505,3059.2,3069.0,3021.2,3044.2,77946.6185
2025-07-14 11:46:43.505,3044.2,3047.3,3024.4,3027.8,30123.2968
2025-07-14 12:46:43.505,3027.8,3055.0,3026.2,3048.1,30129.6198
2025-07-14 13:46:43.505,3048.1,3048.6,3026.2,3043.2,27770.9057
2025-07-14 14:46:43.505,3043.3,3076.0,3039.1,3047.4,45271.518
2025-07-14 15:46:43.505,3047.4,3081.0,3032.2,3069.3,43856.7305
2025-07-14 16:46:43.505,3069.3,3085.0,3053.2,3054.4,52968.7621
2025-07-14 17:46:43.505,3054.1,3060.3,3036.9,3053.9,38378.7658
2025-07-14 18:46:43.505,3053.9,3068.0,3033.4,3058.5,33054.4711
2025-07-14 19:46:43.505,3058.5,3071.1,3020.0,3030.9,94296.6146
2025-07-14 20:46:43.505,3031.1,3034.8,2995.3,3014.6,85013.2529
2025-07-14 21:46:43.505,3014.7,3031.7,3003.1,3027.5,24741.2152
2025-07-14 22:46:43.505,3027.6,3027.6,3006.0,3010.7,18982.4769
2025-07-14 23:46:43.505,3010.7,3015.3,2985.2,2991.8,34944.7418
2025-07-15 00:46:43.505,2991.8,3005.0,2987.7,3001.4,21389.0057
2025-07-15 01:46:43.505,3002.0,3013.8,2982.7,3006.5,25782.1269
2025-07-15 02:46:43.505,3006.5,3017.9,3003.3,3013.1,17049.5268
2025-07-15 03:46:43.505,3013.1,3021.3,3006.5,3016.4,19448.8989
2025-07-15 04:46:43.505,3016.1,3018.0,3007.4,3016.7,12940.938
2025-07-15 05:46:43.505,3016.7,3025.0,2991.0,2994.9,26395.6589
2025-07-15 06:46:43.505,2994.9,3001.6,2965.6,2978.2,58219.4309
2025-07-15 07:46:43.505,2978.8,2988.6,2956.8,2976.9,45420.0461
2025-07-15 08:46:43.505,2976.9,2976.9,2931.4,2954.8,106447.9174
2025-07-15 09:46:43.505,2954.9,2975.8,2938.0,2972.4,35068.3948
2025-07-15 10:46:43.505,2972.4,2977.7,2966.0,2977.7,14893.1141
2025-07-15 11:46:43.505,2977.7,2995.0,2973.6,2988.8,29952.6995
2025-07-15 12:46:43.505,2988.8,2998.5,2976.2,2980.0,24973.7474
2025-07-15 13:46:43.505,2980.1,2985.8,2961.6,2977.0,29999.44
2025-07-15 14:46:43.505,2977.0,2992.2,2972.2,2975.0,14649.9773
2025-07-15 15:46:43.505,2975.0,2982.0,2970.0,2976.9,9812.0111
2025-07-15 16:46:43.505,2977.0,2985.7,2965.0,2984.0,23437.1454
2025-07-15 17:46:43.505,2984.0,3017.0,2970.6,3004.1,109967.3595
2025-07-15 18:46:43.505,3004.1,3070.0,3004.0,3053.7,118390.2816
2025-07-15 19:46:43.505,3053.8,3067.5,2969.4,2980.0,136177.7294
2025-07-15 20:46:43.505,2979.9,3049.8,2970.7,3041.9,128662.7435
2025-07-15 21:46:43.505,3041.9,3069.0,3036.9,3051.3,98273.9254
2025-07-15 22:46:43.505,3051.3,3099.8,3041.0,3099.0,90489.052
2025-07-15 23:46:43.505,3099.0,3099.0,3043.8,3068.3,110383.6275
2025-07-16 00:46:43.505,3068.1,3089.1,3035.3,3042.4,62625.2718
2025-07-16 01:46:43.505,3043.4,3054.1,3033.0,3045.0,64078.9422
2025-07-16 02:46:43.505,3045.0,3086.2,3045.0,3082.7,51575.349
2025-07-16 03:46:43.505,3082.7,3096.9,3070.0,3096.3,46019.3648
2025-07-16 04:46:43.505,3096.3,3146.6,3096.3,3140.9,120620.948
2025-07-16 05:46:43.505,3141.0,3155.9,3120.4,3145.3,50213.0299
2025-07-16 06:46:43.505,3145.2,3151.5,3133.6,3142.3,41115.5181
2025-07-16 07:46:43.505,3142.2,3144.7,3110.1,3118.6,39995.1224
2025-07-16 08:46:43.505,3118.6,3123.6,3105.9,3119.2,14696.9573
2025-07-16 09:46:43.505,3119.2,3133.7,3103.8,3132.3,22781.7956
2025-07-16 10:46:43.505,3132.3,3154.4,3132.1,3145.2,35101.9412
2025-07-16 11:46:43.505,3145.2,3168.8,3134.5,3167.8,25002.9931
2025-07-16 12:46:43.505,3167.8,3178.0,3157.2,3165.0,40688.1366
2025-07-16 13:46:43.505,3165.1,3176.5,3161.4,3167.7,21597.6934
2025-07-16 14:46:43.505,3167.7,3174.8,3149.6,3164.6,33970.8635
2025-07-16 15:46:43.505,3164.6,3165.0,3147.2,3147.2,15403.7101
2025-07-16 16:46:43.505,3147.1,3161.6,3146.8,3153.2,13857.2431
2025-07-16 17:46:43.505,3153.4,3182.6,3150.0,3167.6,31848.235
2025-07-16 18:46:43.505,3167.6,3200.8,3162.2,3198.4,55261.4279
2025-07-16 19:46:43.505,3198.4,3269.2,3181.6,3254.7,137282.6658
2025-07-16 20:46:43.505,3254.8,3265.2,3211.4,3247.0,94668.7584
2025-07-16 21:46:43.505,3247.0,3295.8,3237.6,3289.4,70089.8877
2025-07-16 22:46:43.505,3289.4,3330.0,3277.4,3321.3,151766.6527
2025-07-16 23:46:43.505,3321.2,3374.4,3320.8,3338.5,162587.7184
2025-07-17 00:46:43.505,3338.5,3385.0,3338.5,3384.6,88998.594
2025-07-17 01:46:43.505,3384.5,3425.8,3369.6,3381.9,184303.8558
2025-07-17 02:46:43.505,3381.8,3401.8,3346.6,3374.7,76565.8138
2025-07-17 03:46:43.505,3374.7,3392.2,3351.1,3363.9,54881.554
2025-07-17 04:46:43.505,3363.8,3376.7,3346.5,3374.0,37429.399
2025-07-17 05:46:43.505,3374.0,3400.0,3369.0,3378.5,36942.4809
2025-07-17 06:46:43.505,3378.4,3398.3,3311.2,3340.6,76278.5415
2025-07-17 07:46:43.505,3340.5,3363.9,3334.6,3350.5,30693.7061
2025-07-17 08:46:43.505,3350.4,3351.4,3315.8,3332.8,36692.2235
2025-07-17 09:46:43.505,3332.9,3353.2,3322.2,3352.5,21873.7438
2025-07-17 10:46:43.505,3352.6,3379.6,3339.0,3376.2,35680.0408
2025-07-17 11:46:43.505,3376.2,3448.0,3365.8,3443.9,78618.5469
2025-07-17 12:46:43.505,3443.9,3473.0,3411.1,3451.6,72135.0843
2025-07-17 13:46:43.505,3451.6,3453.5,3428.4,3452.1,42242.2171
2025-07-17 14:46:43.505,3452.2,3482.7,3442.9,3469.4,64869.884
2025-07-17 15:46:43.505,3469.5,3482.6,3452.5,3461.6,42777.5175
2025-07-17 16:46:43.505,3461.6,3463.6,3433.0,3437.1,36613.4158
2025-07-17 17:46:43.505,3437.1,3443.7,3416.3,3430.0,44272.4501
2025-07-17 18:46:43.505,3430.0,3435.5,3366.2,3405.0,85282.9343
2025-07-17 19:46:43.505,3405.1,3436.9,3405.0,3429.1,55920.3778
2025-07-17 20:46:43.505,3429.3,3436.4,3391.9,3423.9,48922.9843
2025-07-17 21:46:43.505,3423.9,3430.8,3368.2,3396.7,115238.1853
2025-07-17 22:46:43.505,3396.8,3431.4,3391.8,3427.5,48898.9052
2025-07-17 23:46:43.505,3427.4,3445.6,3422.0,3429.8,35078.4027
2025-07-18 00:46:43.505,3429.7,3458.3,3406.2,3414.9,47939.6196
2025-07-18 01:46:43.505,3414.2,3424.0,3372.7,3421.9,125216.2188
2025-07-18 02:46:43.505,3422.0,3504.2,3420.1,3470.7,182020.578
2025-07-18 03:46:43.505,3470.8,3497.7,3456.1,3470.3,63162.5731
2025-07-18 04:46:43.505,3470.4,3527.7,3464.5,3481.3,112048.8575
2025-07-18 05:46:43.505,3481.3,3545.0,3461.8,3543.5,84943.6776
2025-07-18 06:46:43.505,3543.6,3633.3,3531.4,3622.6,155744.0185
2025-07-18 07:46:43.505,3622.7,3631.6,3593.8,3606.8,83043.9207
2025-07-18 08:46:43.505,3606.7,3611.5,3587.6,3600.1,55505.6211
2025-07-18 09:46:43.505,3600.1,3624.4,3581.0,3623.5,43097.9664
2025-07-18 10:46:43.505,3623.4,3678.0,3619.3,3673.2,73601.2769
2025-07-18 11:46:43.505,3673.1,3673.6,3643.3,3654.1,39310.8259
2025-07-18 12:46:43.505,3654.1,3673.2,3608.2,3610.6,46297.1787
2025-07-18 13:46:43.505,3610.6,3633.0,3587.7,3608.6,38815.8442
2025-07-18 14:46:43.505,3608.5,3628.3,3596.0,3624.6,33683.2552
2025-07-18 15:46:43.505,3624.7,3627.1,3605.0,3621.5,17906.9963
2025-07-18 16:46:43.505,3621.6,3627.9,3592.0,3613.6,24430.9815
2025-07-18 17:46:43.505,3613.6,3642.0,3595.0,3641.8,29005.2618
2025-07-18 18:46:43.505,3641.8,3662.1,3613.9,3642.9,66081.3233
2025-07-18 19:46:43.505,3642.9,3675.4,3556.3,3586.5,221127.1835
2025-07-18 20:46:43.505,3586.4,3590.2,3529.0,3566.0,162647.3664
2025-07-18 21:46:43.505,3566.2,3590.0,3550.4,3575.1,57174.9615
2025-07-18 22:46:43.505,3575.1,3625.8,3567.8,3601.4,52632.1359
2025-07-18 23:46:43.505,3601.4,3608.3,3568.1,3573.5,39703.3063
2025-07-19 00:46:43.505,3573.4,3584.6,3535.4,3550.7,82957.3724
2025-07-19 01:46:43.505,3550.6,3554.9,3475.7,3516.4,157469.4897
2025-07-19 02:46:43.505,3516.4,3570.6,3514.7,3554.0,44714.6498
2025-07-19 03:46:43.505,3554.0,3577.1,3531.2,3537.6,45296.1959
2025-07-19 04:46:43.505,3537.6,3549.9,3505.8,3546.4,48535.8493
2025-07-19 05:46:43.505,3546.3,3564.7,3521.0,3521.7,29527.1031
2025-07-19 06:46:43.505,3521.8,3552.2,3507.0,3545.0,25261.1093
2025-07-19 07:46:43.505,3545.0,3578.9,3533.9,3569.9,42186.9117
2025-07-19 08:46:43.505,3570.0,3600.6,3567.5,3593.7,39647.3783
2025-07-19 09:46:43.505,3593.8,3609.8,3581.1,3591.0,27734.2431
2025-07-19 10:46:43.505,3591.2,3596.2,3576.8,3587.3,14533.7968
2025-07-19 11:46:43.505,3587.4,3588.3,3568.6,3572.6,16979.2364
2025-07-19 12:46:43.505,3572.6,3588.5,3569.3,3573.3,11882.6269
2025-07-19 13:46:43.505,3573.3,3580.6,3547.9,3555.1,46775.1015
2025-07-19 14:46:43.505,3555.0,3569.7,3550.0,3557.5,13145.7568
2025-07-19 15:46:43.505,3557.4,3569.0,3554.2,3558.8,7896.9267
2025-07-19 16:46:43.505,3559.1,3578.9,3540.1,3553.6,13295.7328
2025-07-19 17:46:43.505,3553.6,3565.7,3540.1,3562.8,27862.9645
2025-07-19 18:46:43.505,3562.9,3573.4,3550.1,3559.6,11006.0573
2025-07-19 19:46:43.505,3559.7,3561.9,3527.0,3532.4,29732.9781
2025-07-19 20:46:43.505,3532.4,3563.6,3531.3,3553.1,19001.8318
2025-07-19 21:46:43.505,3553.0,3570.8,3536.5,3560.0,23158.8901
2025-07-19 22:46:43.505,3559.9,3561.9,3533.6,3543.4,13220.678
2025-07-19 23:46:43.505,3543.4,3563.1,3540.8,3553.2,16352.027
2025-07-20 00:46:43.505,3553.2,3582.8,3541.0,3579.6,67909.0319
2025-07-20 01:46:43.505,3579.7,3593.0,3564.8,3565.4,21962.6895
2025-07-20 02:46:43.505,3565.4,3575.2,3540.0,3572.3,44805.3023
2025-07-20 03:46:43.505,3572.2,3591.9,3564.0,3578.1,14764.3063
2025-07-20 04:46:43.505,3578.1,3600.3,3576.1,3593.6,13355.4039
2025-07-20 05:46:43.505,3593.5,3598.4,3581.0,3592.9,17655.936
2025-07-20 06:46:43.505,3592.8,3628.3,3591.9,3606.9,32615.1561
2025-07-20 07:46:43.505,3606.9,3625.7,3597.8,3618.1,13603.3962
2025-07-20 08:46:43.505,3618.2,3694.9,3610.0,3659.8,81449.2546
2025-07-20 09:46:43.505,3659.9,3669.2,3635.2,3656.1,36973.5748
2025-07-20 10:46:43.505,3656.1,3663.5,3637.2,3648.4,22945.346
2025-07-20 11:46:43.505,3648.4,3662.1,3640.5,3654.3,16665.2949
2025-07-20 12:46:43.505,3654.3,3692.2,3654.2,3670.8,42142.5102
2025-07-20 13:46:43.505,3670.8,3720.1,3670.7,3713.8,41999.5034
2025-07-20 14:46:43.505,3713.8,3730.0,3698.2,3709.3,41145.5386
2025-07-20 15:46:43.505,3709.3,3716.0,3699.6,3701.7,16260.6426
2025-07-20 16:46:43.505,3701.8,3770.3,3699.4,3759.5,58087.3918
2025-07-20 17:46:43.505,3758.9,3759.9,3728.6,3750.6,39195.1659
2025-07-20 18:46:43.505,3750.7,3762.5,3738.9,3752.1,41222.0301
2025-07-20 19:46:43.505,3752.2,3772.0,3731.7,3771.4,39065.9875
2025-07-20 20:46:43.505,3771.5,3792.9,3751.1,3788.8,60419.6336
2025-07-20 21:46:43.505,3788.8,3829.1,3767.3,3814.9,142426.1867
2025-07-20 22:46:43.505,3815.0,3815.4,3738.1,3742.8,117519.1478
2025-07-20 23:46:43.505,3742.9,3763.0,3735.8,3755.2,78267.1368
2025-07-21 00:46:43.505,3755.3,3779.5,3750.3,3754.0,60925.7091
2025-07-21 01:46:43.505,3754.1,3758.7,3722.2,3743.4,55587.2065
2025-07-21 02:46:43.505,3743.5,3779.0,3730.7,3776.9,80758.3013
2025-07-21 03:46:43.505,3777.0,3777.9,3687.0,3752.8,133399.5209
2025-07-21 04:46:43.505,3752.9,3772.9,3738.1,3761.2,51452.8548
2025-07-21 05:46:43.505,3761.2,3761.4,3714.8,3751.8,69287.8354
2025-07-21 06:46:43.505,3751.7,3758.3,3706.0,3727.9,39434.4968
2025-07-21 07:46:43.505,3727.8,3753.9,3726.6,3747.9,27774.4069
2025-07-21 08:46:43.505,3747.8,3770.0,3747.8,3761.8,27095.797
2025-07-21 09:46:43.505,3761.7,3785.5,3758.3,3765.6,53791.8783
2025-07-21 10:46:43.505,3765.5,3789.1,3751.9,3787.6,36398.4218
2025-07-21 11:46:43.505,3787.5,3817.7,3780.8,3792.2,81939.1034
2025-07-21 12:46:43.505,3792.2,3810.0,3785.7,3792.9,27667.6372
2025-07-21 13:46:43.505,3792.8,3815.9,3766.6,3782.5,31308.8111
2025-07-21 14:46:43.505,3782.4,3790.5,3762.2,3777.2,48407.7588
2025-07-21 15:46:43.505,3777.1,3826.6,3773.9,3816.3,48719.8358
2025-07-21 16:46:43.505,3816.2,3844.5,3796.4,3811.2,51140.7893
2025-07-21 17:46:43.505,3811.2,3829.9,3797.7,3815.5,41342.9638
2025-07-21 18:46:43.505,3815.4,3828.7,3780.6,3823.8,64390.458
2025-07-21 19:46:43.505,3823.8,3862.6,3800.6,3844.7,97990.3616
2025-07-21 20:46:43.505,3844.8,3856.3,3810.1,3814.4,69765.2099
2025-07-21 21:46:43.505,3814.3,3820.6,3754.1,3774.3,125466.1596
2025-07-21 22:46:43.505,3775.3,3794.4,3739.3,3773.2,79350.4705
2025-07-21 23:46:43.505,3773.1,3803.6,3730.0,3738.0,108126.5385
2025-07-22 00:46:43.505,3738.0,3772.2,3720.4,3738.4,117648.7553
2025-07-22 01:46:43.505,3738.5,3767.7,3720.9,3758.5,42868.6649
2025-07-22 02:46:43.505,3758.4,3767.6,3746.5,3754.0,23417.2673
2025-07-22 03:46:43.505,3753.9,3783.5,3749.9,3764.2,34702.2858
2025-07-22 04:46:43.505,3764.6,3778.8,3751.2,3765.0,26026.0882
2025-07-22 05:46:43.505,3764.9,3779.0,3744.8,3745.1,28553.4903
2025-07-22 06:46:43.505,3745.1,3803.4,3699.0,3799.0,115863.3273
2025-07-22 07:46:43.505,3799.0,3799.1,3732.9,3740.7,42398.3673
2025-07-22 08:46:43.505,3740.7,3748.1,3711.3,3735.1,48249.9781
2025-07-22 09:46:43.505,3735.1,3736.8,3650.1,3655.9,97061.4937
2025-07-22 10:46:43.505,3656.0,3699.7,3655.9,3691.2,50067.1949
2025-07-22 11:46:43.505,3691.4,3720.1,3680.0,3693.7,36199.5068
2025-07-22 12:46:43.505,3693.8,3716.0,3667.9,3678.9,44964.1374
2025-07-22 13:46:43.505,3679.0,3679.0,3622.3,3652.7,92949.6239
2025-07-22 14:46:43.505,3652.6,3670.8,3620.6,3663.5,38932.7063
2025-07-22 15:46:43.505,3663.4,3703.4,3662.7,3703.3,43132.6948
2025-07-22 16:46:43.505,3703.3,3723.9,3688.0,3709.4,45281.9247
2025-07-22 17:46:43.505,3709.4,3715.2,3694.4,3705.0,32643.6266
2025-07-22 18:46:43.505,3706.4,3711.2,3635.3,3650.6,121839.6279
2025-07-22 19:46:43.505,3650.6,3710.8,3629.0,3710.1,107687.8495
2025-07-22 20:46:43.505,3710.1,3732.6,3699.2,3720.0,86066.9137
2025-07-22 21:46:43.505,3720.0,3752.5,3713.0,3720.6,35869.9124
2025-07-22 22:46:43.505,3720.5,3723.7,3679.4,3702.2,100489.1586
2025-07-22 23:46:43.505,3702.3,3726.7,3683.3,3713.2,50996.454
2025-07-23 00:46:43.505,3713.2,3722.1,3657.1,3672.7,45861.0775
2025-07-23 01:46:43.505,3672.6,3713.4,3664.2,3709.0,49477.5619
2025-07-23 02:46:43.505,3709.2,3713.6,3696.0,3707.9,24382.0947
2025-07-23 03:46:43.505,3708.0,3732.7,3707.9,3722.2,33940.8105
2025-07-23 04:46:43.505,3722.2,3754.0,3720.0,3749.8,42634.7276
2025-07-23 05:46:43.505,3749.7,3765.8,3727.8,3728.9,61206.8562
2025-07-23 06:46:43.505,3728.9,3744.4,3716.7,3740.3,38394.9751
2025-07-23 07:46:43.505,3740.4,3766.7,3726.4,3748.2,35752.5884
2025-07-23 08:46:43.505,3748.1,3762.1,3727.3,3731.1,32701.9085
2025-07-23 09:46:43.505,3731.2,3738.8,3723.0,3738.1,19087.3496
2025-07-23 10:46:43.505,3738.2,3740.8,3704.4,3717.0,32476.3269
2025-07-23 11:46:43.505,3717.0,3718.0,3688.3,3698.0,21828.3744
2025-07-23 12:46:43.505,3698.1,3702.3,3666.4,3676.8,32294.2702
2025-07-23 13:46:43.505,3676.8,3694.8,3670.1,3694.3,15431.3167
2025-07-23 14:46:43.505,3694.3,3701.4,3647.9,3660.8,41005.7037
2025-07-23 15:46:43.505,3660.9,3672.4,3642.2,3668.7,25314.2442
2025-07-23 16:46:43.505,3668.7,3679.5,3651.3,3675.1,20965.3934
2025-07-23 17:46:43.505,3675.1,3683.0,3637.0,3643.1,34905.3004
2025-07-23 18:46:43.505,3643.1,3665.9,3582.0,3590.9,130634.7508
2025-07-23 19:46:43.505,3591.1,3629.2,3584.1,3621.8,79450.1695
2025-07-23 20:46:43.505,3621.8,3649.8,3601.7,3647.0,40651.5919
2025-07-23 21:46:43.505,3646.9,3647.0,3572.6,3574.3,54514.7816
2025-07-23 22:46:43.505,3574.3,3597.7,3555.5,3589.9,117019.9644
2025-07-23 23:46:43.505,3589.8,3611.0,3589.6,3608.1,30927.2945
2025-07-24 00:46:43.505,3608.0,3617.2,3586.5,3592.0,48281.8882
2025-07-24 01:46:43.505,3591.9,3609.9,3545.0,3570.4,97301.9417
2025-07-24 02:46:43.505,3570.9,3597.5,3530.7,3594.6,82307.1459
2025-07-24 03:46:43.505,3594.7,3623.1,3581.0,3613.6,39150.4971
2025-07-24 04:46:43.505,3613.6,3637.2,3612.1,3631.7,21804.0136
2025-07-24 05:46:43.505,3631.7,3648.9,3615.0,3648.9,33825.0359
2025-07-24 06:46:43.505,3648.9,3650.0,3627.5,3650.0,51577.6974
2025-07-24 07:46:43.505,3650.0,3654.8,3639.6,3651.8,47549.767
2025-07-24 08:46:43.505,3651.8,3668.0,3642.1,3642.9,50487.3362
2025-07-24 09:46:43.505,3643.3,3660.8,3604.5,3611.6,33676.3976
2025-07-24 10:46:43.505,3611.6,3611.7,3555.8,3557.6,76366.8275
2025-07-24 11:46:43.505,3557.6,3580.3,3525.2,3545.2,109783.7431
2025-07-24 12:46:43.505,3545.2,3596.7,3505.7,3592.8,85700.439
2025-07-24 13:46:43.505,3592.7,3645.0,3581.6,3634.5,58630.2666
2025-07-24 14:46:43.505,3635.0,3644.0,3620.0,3637.4,21710.5993
2025-07-24 15:46:43.505,3637.4,3657.4,3592.0,3621.8,39748.7486
2025-07-24 16:46:43.505,3621.8,3660.7,3620.2,3655.6,35020.095
2025-07-24 17:46:43.505,3655.6,3660.6,3620.8,3643.6,45004.1142
2025-07-24 18:46:43.505,3643.7,3656.7,3627.5,3631.2,50398.9837
2025-07-24 19:46:43.505,3631.3,3740.3,3614.3,3736.8,121541.6974
2025-07-24 20:46:43.505,3736.8,3773.7,3713.1,3732.2,118937.7287
2025-07-24 21:46:43.505,3732.2,3733.7,3666.9,3688.3,78315.5819
2025-07-24 22:46:43.505,3688.3,3736.0,3684.0,3726.2,53948.7076
2025-07-24 23:46:43.505,3726.1,3752.6,3713.5,3742.9,41808.3799
2025-07-25 00:46:43.505,3742.9,3756.5,3721.6,3734.8,39612.1981
2025-07-25 01:46:43.505,3734.2,3744.7,3723.9,3737.2,25695.1251
2025-07-25 02:46:43.505,3737.2,3744.7,3712.6,3727.2,36249.6169
2025-07-25 03:46:43.505,3727.2,3736.8,3702.9,3725.8,30626.1117
2025-07-25 04:46:43.505,3725.2,3725.2,3696.7,3707.8,32103.9013
2025-07-25 05:46:43.505,3707.8,3709.3,3646.6,3659.7,82408.4499
2025-07-25 06:46:43.505,3659.7,3691.9,3641.9,3684.2,51186.1244
2025-07-25 07:46:43.505,3684.3,3692.1,3615.6,3616.5,53557.1018
2025-07-25 08:46:43.505,3616.5,3634.9,3575.0,3597.0,117182.1527
2025-07-25 09:46:43.505,3597.1,3653.4,3579.6,3650.2,88643.1189
2025-07-25 10:46:43.505,3650.3,3651.5,3613.9,3635.7,51475.1069
2025-07-25 11:46:43.505,3635.8,3645.9,3613.8,3633.4,34834.1815
2025-07-25 12:46:43.505,3633.4,3670.0,3601.5,3634.8,96977.7455
2025-07-25 13:46:43.505,3634.8,3680.2,3631.5,3667.6,85918.0732
2025-07-25 14:46:43.505,3667.6,3735.0,3650.4,3730.2,129702.5056
2025-07-25 15:46:43.505,3730.2,3749.7,3709.1,3722.0,61266.7552
2025-07-25 16:46:43.505,3722.1,3747.0,3718.9,3724.3,27491.8996
2025-07-25 17:46:43.505,3724.2,3738.0,3698.7,3707.8,36436.9454
2025-07-25 18:46:43.505,3707.8,3723.3,3681.4,3708.9,52124.3392
2025-07-25 19:46:43.505,3708.9,3713.2,3625.4,3630.5,74264.0727
2025-07-25 20:46:43.505,3630.5,3649.5,3602.9,3636.7,86280.2681
2025-07-25 21:46:43.505,3636.7,3648.1,3618.8,3643.6,26315.4653
2025-07-25 22:46:43.505,3643.6,3654.6,3624.4,3638.7,29954.7858
2025-07-25 23:46:43.505,3638.6,3659.9,3638.2,3652.3,11890.1276
2025-07-26 00:46:43.505,3652.0,3662.5,3643.1,3643.1,13082.6025
2025-07-26 01:46:43.505,3643.2,3700.7,3642.6,3688.7,36221.4213
2025-07-26 02:46:43.505,3688.7,3730.7,3688.6,3723.4,62589.8793
2025-07-26 03:46:43.505,3723.4,3734.7,3720.0,3724.3,29578.313
2025-07-26 04:46:43.505,3724.3,3733.9,3712.3,3729.2,34182.1648
2025-07-26 05:46:43.505,3729.3,3732.9,3714.2,3729.7,36963.6137
2025-07-26 06:46:43.505,3729.7,3729.7,3703.9,3705.2,16382.0627
2025-07-26 07:46:43.505,3705.3,3769.0,3705.2,3746.4,42559.2702
2025-07-26 08:46:43.505,3746.4,3750.8,3732.2,3742.9,14695.8746
2025-07-26 09:46:43.505,3743.0,3756.0,3740.6,3752.0,13727.4824
2025-07-26 10:46:43.505,3752.0,3760.0,3737.1,3751.6,16913.87
2025-07-26 11:46:43.505,3751.6,3754.3,3735.4,3742.5,11650.1222
2025-07-26 12:46:43.505,3742.6,3751.9,3741.3,3745.0,7359.61
2025-07-26 13:46:43.505,3745.1,3783.6,3745.0,3765.8,35669.1216
2025-07-26 14:46:43.505,3765.9,3769.5,3752.2,3762.7,20215.9367
2025-07-26 15:46:43.505,3762.7,3785.9,3756.3,3762.0,34043.47
2025-07-26 16:46:43.505,3762.1,3772.7,3734.3,3742.8,19253.1673
2025-07-26 17:46:43.505,3742.8,3755.0,3731.5,3745.8,16471.7568
2025-07-26 18:46:43.505,3745.7,3757.9,3739.7,3747.3,14931.0782
2025-07-26 19:46:43.505,3747.3,3752.0,3729.1,3731.0,21503.6198
2025-07-26 20:46:43.505,3731.4,3742.9,3718.9,3739.0,20997.9999
2025-07-26 21:46:43.505,3739.0,3744.4,3723.9,3731.0,16395.697
2025-07-26 22:46:43.505,3731.0,3738.3,3724.7,3727.1,11863.5428
2025-07-26 23:46:43.505,3727.2,3760.2,3713.0,3743.5,33539.2056
2025-07-27 00:46:43.505,3743.6,3759.6,3743.5,3755.0,11005.1783
2025-07-27 01:46:43.505,3755.0,3755.6,3737.8,3748.7,10756.9926
2025-07-27 02:46:43.505,3748.5,3766.6,3742.0,3762.2,11117.7928
2025-07-27 03:46:43.505,3762.3,3797.6,3744.9,3753.5,47809.4867
2025-07-27 04:46:43.505,3753.5,3759.0,3739.3,3744.3,17243.0834
2025-07-27 05:46:43.505,3744.3,3760.3,3733.6,3760.2,21757.149
2025-07-27 06:46:43.505,3760.2,3775.8,3754.0,3759.2,28164.4467
2025-07-27 07:46:43.505,3759.3,3791.2,3754.9,3788.4,19885.8534
2025-07-27 08:46:43.505,3788.4,3789.8,3773.4,3777.2,24105.7037
2025-07-27 09:46:43.505,3777.2,3795.3,3771.5,3794.9,16954.2833
2025-07-27 10:46:43.505,3794.9,3814.4,3786.8,3794.8,28194.4091
2025-07-27 11:46:43.505,3794.8,3795.0,3766.8,3776.0,23705.2267
2025-07-27 12:46:43.505,3776.1,3786.6,3767.0,3772.1,12317.9703
2025-07-27 13:46:43.505,3772.1,3778.7,3768.1,3774.8,5505.887
2025-07-27 14:46:43.505,3774.8,3776.0,3754.5,3765.8,17043.3555
2025-07-27 15:46:43.505,3765.8,3840.3,3765.8,3816.5,61751.2997
2025-07-27 16:46:43.505,3816.5,3839.6,3811.8,3817.7,28155.0116
2025-07-27 17:46:43.505,3817.7,3840.0,3808.2,3829.3,39752.6033
2025-07-27 18:46:43.505,3829.3,3834.1,3811.0,3814.2,13723.8138
2025-07-27 19:46:43.505,3814.2,3827.1,3796.1,3814.0,22044.0892
2025-07-27 20:46:43.505,3813.4,3825.4,3797.5,3822.5,27551.6403
2025-07-27 21:46:43.505,3822.5,3854.7,3814.2,3819.3,47796.0559
2025-07-27 22:46:43.505,3819.2,3846.0,3812.0,3842.8,34618.7653
2025-07-27 23:46:43.505,3842.8,3872.0,3837.8,3851.9,48927.1526
2025-07-28 00:46:43.505,3851.8,3856.0,3830.1,3832.3,28620.5221
2025-07-28 01:46:43.505,3832.3,3847.9,3822.6,3825.1,42000.5472
2025-07-28 02:46:43.505,3825.0,3844.0,3819.0,3840.9,15678.9056
2025-07-28 03:46:43.505,3840.9,3880.0,3840.8,3867.2,80104.6398
2025-07-28 04:46:43.505,3867.1,3879.5,3842.8,3875.7,31113.0184
2025-07-28 05:46:43.505,3875.9,3890.7,3860.0,3864.6,31628.792
2025-07-28 06:46:43.505,3864.7,3869.6,3847.0,3853.4,25295.9908
2025-07-28 07:46:43.505,3853.4,3909.9,3846.6,3890.1,42608.3232
2025-07-28 08:46:43.505,3890.0,3897.1,3872.5,3884.0,15533.0984
2025-07-28 09:46:43.505,3884.0,3907.8,3871.6,3905.8,21809.8202
2025-07-28 10:46:43.505,3905.8,3945.6,3904.2,3933.4,60730.0102
2025-07-28 11:46:43.505,3933.4,3937.7,3912.8,3916.5,25361.7941
2025-07-28 12:46:43.505,3916.5,3917.0,3879.3,3897.1,39064.7638
2025-07-28 13:46:43.505,3896.7,3904.4,3886.1,3894.8,13659.4913
2025-07-28 14:46:43.505,3894.9,3898.6,3873.2,3897.1,14103.257
2025-07-28 15:46:43.505,3897.1,3899.9,3878.4,3890.5,14130.2056
2025-07-28 16:46:43.505,3890.6,3895.2,3861.2,3881.4,34900.2289
2025-07-28 17:46:43.505,3881.4,3891.8,3871.6,3873.0,14221.7892
2025-07-28 18:46:43.505,3872.9,3877.4,3826.0,3845.5,110389.1269
2025-07-28 19:46:43.505,3845.8,3854.9,3777.0,3786.9,141749.7558
2025-07-28 20:46:43.505,3787.3,3824.3,3784.6,3810.4,55483.9665
2025-07-28 21:46:43.505,3810.4,3825.2,3795.3,3808.6,34844.1774
2025-07-28 22:46:43.505,3808.1,3811.8,3779.9,3785.7,56262.1354
2025-07-28 23:46:43.505,3785.7,3788.9,3754.8,3784.0,77266.7401
2025-07-29 00:46:43.505,3784.1,3808.2,3764.3,3799.8,76312.743
2025-07-29 01:46:43.505,3799.8,3804.7,3765.3,3789.1,67641.4269
2025-07-29 02:46:43.505,3789.2,3803.8,3776.1,3789.3,28825.2168
2025-07-29 03:46:43.505,3789.4,3803.7,3765.8,3786.6,34563.3578
2025-07-29 04:46:43.505,3786.6,3800.3,3774.4,3796.8,28146.0327
2025-07-29 05:46:43.505,3796.8,3821.2,3737.8,3780.3,69775.6668
2025-07-29 06:46:43.505,3780.3,3798.6,3757.1,3758.7,32800.9171
2025-07-29 07:46:43.505,3758.7,3773.2,3730.1,3759.5,45227.5411
2025-07-29 08:46:43.505,3759.6,3798.2,3759.5,3792.3,28061.8107
2025-07-29 09:46:43.505,3792.3,3801.0,3774.8,3778.5,18789.8277
2025-07-29 10:46:43.505,3778.6,3808.4,3778.5,3807.3,15034.795
2025-07-29 11:46:43.505,3807.2,3835.8,3802.2,3829.4,44933.7869
2025-07-29 12:46:43.505,3829.3,3879.4,3829.3,3876.4,68765.3324
2025-07-29 13:46:43.505,3876.4,3885.4,3859.9,3872.3,47064.3394
2025-07-29 14:46:43.505,3872.2,3879.7,3864.6,3872.5,15646.2199
2025-07-29 15:46:43.505,3872.5,3875.6,3824.4,3829.0,39147.4652
2025-07-29 16:46:43.505,3828.9,3839.2,3811.4,3826.0,35486.474
2025-07-29 17:46:43.505,3826.0,3860.6,3822.9,3852.2,48741.4122
2025-07-29 18:46:43.505,3852.3,3874.1,3830.3,3838.0,26616.6798
2025-07-29 19:46:43.505,3838.0,3839.1,3766.1,3781.7,102102.1309
2025-07-29 20:46:43.505,3781.8,3784.2,3747.5,3761.3,75058.403
2025-07-29 21:46:43.505,3761.2,3769.4,3715.0,3750.7,88270.5849
2025-07-29 22:46:43.505,3750.9,3794.5,3745.0,3771.2,58154.0576
2025-07-29 23:46:43.505,3771.0,3778.2,3752.9,3771.8,42199.0231
2025-07-30 00:46:43.505,3772.3,3798.3,3760.2,3765.9,36836.1101
2025-07-30 01:46:43.505,3766.7,3785.5,3741.6,3765.5,80907.1755
2025-07-30 02:46:43.505,3766.2,3786.4,3754.4,3781.0,19654.2263
2025-07-30 03:46:43.505,3781.0,3794.9,3760.1,3792.5,19628.5527
2025-07-30 04:46:43.505,3792.5,3799.9,3783.4,3794.2,12477.7862
2025-07-30 05:46:43.505,3794.1,3794.6,3755.3,3774.6,32545.5632
2025-07-30 06:46:43.505,3774.6,3812.4,3762.1,3791.6,47500.7762
2025-07-30 07:46:43.505,3791.6,3822.1,3784.6,3813.0,30387.4304
2025-07-30 08:46:43.505,3813.0,3828.7,3805.6,3817.4,10988.7288
2025-07-30 09:46:43.505,3817.5,3825.5,3799.1,3808.1,15633.189
2025-07-30 10:46:43.505,3808.2,3816.0,3786.0,3810.1,38559.8357
2025-07-30 11:46:43.505,3810.2,3829.3,3809.5,3824.7,14095.5792
2025-07-30 12:46:43.505,3824.6,3833.0,3803.3,3810.8,22497.2953
2025-07-30 13:46:43.505,3810.8,3825.0,3797.5,3815.0,16937.5684
2025-07-30 14:46:43.505,3815.0,3818.8,3774.5,3785.8,23851.9984
2025-07-30 15:46:43.505,3785.8,3806.6,3768.9,3772.2,14650.964
2025-07-30 16:46:43.505,3772.2,3785.0,3743.4,3756.2,33454.7145
2025-07-30 17:46:43.505,3756.4,3784.2,3748.3,3773.2,23032.5106
2025-07-30 18:46:43.505,3773.2,3784.5,3751.0,3765.7,38551.7329
2025-07-30 19:46:43.505,3765.6,3830.7,3763.4,3817.8,50904.5266
2025-07-30 20:46:43.505,3817.8,3820.0,3776.5,3796.6,51496.805
2025-07-30 21:46:43.505,3796.6,3816.9,3780.1,3795.5,27882.3223
2025-07-30 22:46:43.505,3795.5,3814.8,3791.6,3804.4,22232.8938
2025-07-30 23:46:43.505,3804.4,3821.1,3737.2,3738.0,121293.3149
2025-07-31 00:46:43.505,3738.6,3773.6,3650.0,3760.7,183580.5325
2025-07-31 01:46:43.505,3760.8,3788.1,3757.1,3770.9,50614.7493
2025-07-31 02:46:43.505,3770.8,3776.3,3742.5,3763.6,33817.3413
2025-07-31 03:46:43.505,3763.7,3772.0,3756.1,3764.7,11839.4632
2025-07-31 04:46:43.505,3764.8,3812.6,3763.9,3811.1,39049.1344
2025-07-31 05:46:43.505,3811.2,3850.0,3802.1,3844.0,47517.4339
2025-07-31 06:46:43.505,3844.1,3850.2,3829.1,3837.3,34697.3504
2025-07-31 07:46:43.505,3837.3,3865.0,3832.0,3863.7,30830.5322
2025-07-31 08:46:43.505,3863.8,3868.8,3856.1,3863.1,16569.6749
2025-07-31 09:46:43.505,3863.3,3871.2,3855.0,3871.2,16420.4259
2025-07-31 10:46:43.505,3871.1,3871.2,3855.6,3859.2,25162.9087
2025-07-31 11:46:43.505,3859.3,3878.7,3855.2,3874.2,19970.0426
2025-07-31 12:46:43.505,3874.3,3876.7,3861.6,3863.6,19317.6849
2025-07-31 13:46:43.505,3864.1,3873.7,3858.5,3864.1,11059.5921
2025-07-31 14:46:43.505,3864.1,3867.3,3856.3,3863.4,8155.8086
2025-07-31 15:46:43.505,3863.4,3867.3,3854.4,3855.6,7257.9465
2025-07-31 16:46:43.505,3855.6,3858.0,3826.0,3838.7,24758.5999
2025-07-31 17:46:43.505,3838.7,3845.4,3823.7,3835.6,20096.2605
2025-07-31 18:46:43.505,3835.6,3835.6,3785.5,3808.4,91664.4815
2025-07-31 19:46:43.505,3808.4,3815.7,3769.0,3769.6,57422.4821
2025-07-31 20:46:43.505,3769.6,3798.8,3762.6,3789.2,34141.5732
2025-07-31 21:46:43.505,3789.3,3820.7,3782.8,3805.5,46160.098
2025-07-31 22:46:43.505,3805.6,3805.9,3769.2,3776.8,39092.8024
2025-07-31 23:46:43.505,3776.9,3788.8,3749.0,3776.2,49036.8911
2025-08-01 00:46:43.505,3776.0,3781.7,3733.8,3738.1,93278.5811
2025-08-01 01:46:43.505,3738.1,3748.2,3715.6,3735.0,98042.9689
2025-08-01 02:46:43.505,3735.0,3758.5,3708.7,3731.0,46652.819
2025-08-01 03:46:43.505,3731.0,3731.0,3700.5,3708.5,49760.6286
2025-08-01 04:46:43.505,3708.6,3729.3,3679.0,3697.1,71891.3023
2025-08-01 05:46:43.505,3697.2,3697.2,3612.8,3679.2,165218.9412
2025-08-01 06:46:43.505,3679.1,3694.7,3650.8,3688.1,67028.9161
2025-08-01 07:46:43.505,3688.1,3722.3,3678.8,3715.3,54128.8017
2025-08-01 08:46:43.505,3715.3,3723.5,3699.1,3703.1,25442.4592
2025-08-01 09:46:43.505,3703.2,3703.2,3674.7,3680.0,26367.6227
2025-08-01 10:46:43.505,3680.0,3691.5,3662.7,3672.5,22864.675
2025-08-01 11:46:43.505,3672.5,3680.0,3638.6,3659.3,41143.8205
2025-08-01 12:46:43.505,3659.2,3666.4,3621.4,3649.1,61571.8872
2025-08-01 13:46:43.505,3648.6,3648.6,3584.4,3608.0,92618.7987
2025-08-01 14:46:43.505,3608.0,3638.5,3604.8,3616.5,24572.286
2025-08-01 15:46:43.505,3616.6,3631.9,3607.4,3613.3,17463.7372
2025-08-01 16:46:43.505,3613.4,3641.8,3604.2,3641.5,23455.0947
2025-08-01 17:46:43.505,3641.4,3673.0,3631.9,3661.0,56062.416
2025-08-01 18:46:43.505,3661.4,3673.4,3572.7,3597.5,105579.8344
2025-08-01 19:46:43.505,3597.4,3654.2,3563.2,3630.9,79783.1238
2025-08-01 20:46:43.505,3631.4,3634.0,3580.5,3616.2,68075.9163
2025-08-01 21:46:43.505,3616.2,3632.7,3575.2,3587.2,57907.1424
2025-08-01 22:46:43.505,3586.7,3598.1,3562.8,3570.4,67847.2135
2025-08-01 23:46:43.505,3570.3,3581.4,3530.0,3549.3,142304.0716
2025-08-02 00:46:43.505,3548.8,3558.7,3512.7,3517.0,120307.6503
2025-08-02 01:46:43.505,3516.9,3540.0,3489.9,3538.9,117859.5124
2025-08-02 02:46:43.505,3538.8,3549.3,3529.8,3533.5,61673.9071
2025-08-02 03:46:43.505,3533.7,3541.2,3427.8,3460.3,167994.5026
2025-08-02 04:46:43.505,3460.3,3491.0,3446.6,3486.2,67159.4132
2025-08-02 05:46:43.505,3486.2,3513.1,3475.8,3513.1,29499.4537
2025-08-02 06:46:43.505,3513.1,3520.8,3494.8,3514.7,30443.1748
2025-08-02 07:46:43.505,3514.8,3525.3,3512.5,3521.8,11897.2174
2025-08-02 08:46:43.505,3521.8,3529.6,3516.9,3526.6,9220.6069
2025-08-02 09:46:43.505,3526.6,3533.2,3511.7,3531.9,11067.7168
2025-08-02 10:46:43.505,3531.9,3535.7,3513.5,3517.8,20374.0701
2025-08-02 11:46:43.505,3517.8,3518.2,3452.8,3477.8,77530.7857
2025-08-02 12:46:43.505,3477.9,3519.3,3466.6,3517.3,31353.0988
2025-08-02 13:46:43.505,3517.5,3522.4,3486.5,3489.6,29921.5152
2025-08-02 14:46:43.505,3489.5,3502.1,3480.0,3490.6,12557.1773
2025-08-02 15:46:43.505,3490.6,3493.4,3472.1,3489.3,17903.223
2025-08-02 16:46:43.505,3489.2,3517.0,3480.7,3507.5,35992.5308
2025-08-02 17:46:43.505,3507.4,3513.3,3495.0,3507.5,23322.5399
2025-08-02 18:46:43.505,3507.5,3514.6,3490.2,3507.2,17328.0291
2025-08-02 19:46:43.505,3507.7,3515.4,3465.3,3477.5,32453.9988
2025-08-02 20:46:43.505,3477.6,3490.8,3450.0,3457.3,48424.5762
2025-08-02 21:46:43.505,3457.2,3475.0,3431.7,3469.6,68011.464
2025-08-02 22:46:43.505,3469.6,3478.5,3413.5,3421.9,66272.8571
2025-08-02 23:46:43.505,3422.0,3431.5,3370.0,3381.5,130458.4734
2025-08-03 00:46:43.505,3381.2,3423.1,3373.9,3380.4,59508.1222
2025-08-03 01:46:43.505,3380.5,3422.7,3379.7,3422.0,51285.4557
2025-08-03 02:46:43.505,3422.0,3439.6,3404.1,3410.6,51981.4031
2025-08-03 03:46:43.505,3410.6,3426.4,3386.6,3409.1,33091.2955
2025-08-03 04:46:43.505,3409.0,3416.7,3365.7,3392.2,57149.3951
2025-08-03 05:46:43.505,3392.2,3410.1,3352.0,3408.2,77956.3041
2025-08-03 06:46:43.505,3408.2,3421.0,3399.7,3411.6,27262.0475
2025-08-03 07:46:43.505,3411.6,3444.5,3411.4,3442.4,35953.2133
2025-08-03 08:46:43.505,3442.3,3450.0,3438.0,3441.9,20808.902
2025-08-03 09:46:43.505,3441.9,3446.4,3432.0,3442.7,14172.3051
2025-08-03 10:46:43.505,3442.8,3454.3,3439.0,3443.4,14284.4681
2025-08-03 11:46:43.505,3443.3,3446.4,3435.1,3438.8,13418.6156
2025-08-03 12:46:43.505,3438.8,3457.7,3438.7,3454.0,15023.4082
2025-08-03 13:46:43.505,3453.9,3466.9,3451.8,3460.4,22430.9435
2025-08-03 14:46:43.505,3460.5,3465.2,3453.0,3463.9,6308.4981
2025-08-03 15:46:43.505,3464.0,3486.2,3463.2,3483.0,13257.1635
2025-08-03 16:46:43.505,3483.0,3514.0,3481.9,3483.3,42546.2381
2025-08-03 17:46:43.505,3483.2,3502.6,3473.8,3487.1,21616.2787
2025-08-03 18:46:43.505,3487.1,3496.9,3481.9,3490.1,14574.2057
2025-08-03 19:46:43.505,3490.1,3492.4,3462.1,3469.7,40559.5498
2025-08-03 20:46:43.505,3469.8,3476.1,3453.6,3474.4,34840.066
2025-08-03 21:46:43.505,3474.4,3493.9,3465.4,3493.1,21201.3683
2025-08-03 22:46:43.505,3492.9,3496.7,3478.5,3487.5,12458.2449
2025-08-03 23:46:43.505,3487.5,3496.4,3479.4,3494.5,11590.3076
2025-08-04 00:46:43.505,3494.6,3513.6,3486.8,3495.5,36595.3943
2025-08-04 01:46:43.505,3495.5,3496.0,3481.7,3491.9,25420.8599
2025-08-04 02:46:43.505,3490.5,3506.4,3486.8,3500.1,13494.4459
2025-08-04 03:46:43.505,3500.4,3513.2,3480.9,3501.2,19093.9807
2025-08-04 04:46:43.505,3501.7,3519.3,3493.9,3494.3,28354.3665
2025-08-04 05:46:43.505,3494.4,3549.0,3490.0,3544.6,42653.8707
2025-08-04 06:46:43.505,3544.4,3557.4,3531.5,3535.7,38594.2036
2025-08-04 07:46:43.505,3535.7,3570.0,3522.3,3570.0,23512.5883
2025-08-04 08:46:43.505,3570.0,3574.0,3553.1,3554.8,12490.9163
2025-08-04 09:46:43.505,3554.8,3563.9,3533.7,3537.8,21805.7502
2025-08-04 10:46:43.505,3538.0,3539.3,3522.4,3532.6,10589.7763
2025-08-04 11:46:43.505,3532.2,3540.0,3519.4,3537.3,14650.6797
2025-08-04 12:46:43.505,3537.3,3552.9,3534.1,3550.4,12690.6053
2025-08-04 13:46:43.505,3550.4,3563.0,3540.2,3548.9,14263.5098
2025-08-04 14:46:43.505,3548.9,3561.6,3543.2,3545.2,8584.7792
2025-08-04 15:46:43.505,3545.3,3571.9,3543.1,3553.6,14490.6686
2025-08-04 16:46:43.505,3553.6,3564.6,3548.0,3554.5,9359.766
2025-08-04 17:46:43.505,3554.2,3571.1,3549.1,3567.9,9073.4098
2025-08-04 18:46:43.505,3567.9,3619.5,3557.9,3619.3,79284.4633
2025-08-04 19:46:43.505,3619.5,3665.1,3616.5,3636.5,165007.9604
2025-08-04 20:46:43.505,3636.5,3655.4,3632.8,3646.7,33874.7233
2025-08-04 21:46:43.505,3646.8,3696.5,3646.5,3683.4,105238.8374
2025-08-04 22:46:43.505,3683.4,3719.4,3677.1,3680.3,159895.8556
2025-08-04 23:46:43.505,3680.2,3692.0,3668.3,3674.3,49316.4059
2025-08-05 00:46:43.505,3674.3,3687.3,3664.7,3668.4,42816.0879
2025-08-05 01:46:43.505,3668.3,3711.6,3658.9,3698.7,88117.005
2025-08-05 02:46:43.505,3698.7,3729.5,3697.8,3708.5,48635.0238
2025-08-05 03:46:43.505,3708.8,3735.6,3708.8,3731.4,31954.9597
2025-08-05 04:46:43.505,3731.4,3732.1,3707.6,3720.0,29041.8152
2025-08-05 05:46:43.505,3720.0,3720.0,3692.6,3696.2,34858.162
2025-08-05 06:46:43.505,3696.2,3704.8,3677.0,3679.2,25978.6536
2025-08-05 07:46:43.505,3679.2,3686.6,3671.5,3679.6,20823.3314
2025-08-05 08:46:43.505,3679.6,3680.5,3646.4,3650.2,51058.4225
2025-08-05 09:46:43.505,3650.0,3666.3,3643.1,3647.9,22449.7969
2025-08-05 10:46:43.505,3647.9,3667.7,3645.7,3663.6,15388.442
2025-08-05 11:46:43.505,3663.6,3678.8,3634.0,3649.8,36720.1283
2025-08-05 12:46:43.505,3649.6,3655.0,3600.0,3612.0,51687.8569
2025-08-05 13:46:43.505,3612.1,3636.0,3606.4,3633.7,25080.5946
2025-08-05 14:46:43.505,3633.8,3665.8,3632.4,3659.9,22037.1246
2025-08-05 15:46:43.505,3659.9,3694.2,3652.8,3681.4,23304.6324
2025-08-05 16:46:43.505,3681.4,3686.3,3661.0,3673.7,17901.5382
2025-08-05 17:46:43.505,3673.7,3679.0,3608.5,3626.9,87609.4197
2025-08-05 18:46:43.505,3626.9,3657.8,3616.2,3645.9,56636.2048
2025-08-05 19:46:43.505,3645.7,3646.0,3559.1,3576.2,167789.6181
2025-08-05 20:46:43.505,3576.2,3596.0,3555.6,3569.0,73779.9097
2025-08-05 21:46:43.505,3568.9,3592.8,3561.3,3576.1,40493.8364
2025-08-05 22:46:43.505,3576.0,3607.3,3575.0,3604.1,30699.687
2025-08-05 23:46:43.505,3604.0,3611.2,3566.0,3585.9,20289.5594
2025-08-06 00:46:43.505,3585.8,3592.7,3557.8,3569.8,27027.0244
2025-08-06 01:46:43.505,3569.9,3595.5,3569.8,3574.6,26283.2594
2025-08-06 02:46:43.505,3574.7,3589.3,3568.0,3573.4,25412.3013
2025-08-06 03:46:43.505,3573.4,3596.6,3541.2,3595.0,57847.1608
2025-08-06 04:46:43.505,3594.9,3622.6,3592.0,3609.6,24461.4228
2025-08-06 05:46:43.505,3609.6,3612.0,3569.0,3575.3,46593.9814
2025-08-06 06:46:43.505,3575.1,3592.2,3562.1,3590.9,32521.612
2025-08-06 07:46:43.505,3590.7,3594.6,3571.5,3590.4,20007.4882
2025-08-06 08:46:43.505,3590.3,3592.9,3570.5,3581.9,9755.7994
2025-08-06 09:46:43.505,3581.8,3583.0,3568.8,3572.2,5997.5007
2025-08-06 10:46:43.505,3572.1,3661.4,3567.5,3636.5,69740.8878
2025-08-06 11:46:43.505,3636.4,3642.6,3615.3,3630.6,32132.2475
2025-08-06 12:46:43.505,3630.5,3647.2,3623.3,3638.5,20177.4944
2025-08-06 13:46:43.505,3638.4,3641.6,3608.2,3620.6,36598.2485
2025-08-06 14:46:43.505,3620.5,3642.9,3615.3,3625.5,23270.942
2025-08-06 15:46:43.505,3625.5,3631.7,3610.0,3614.3,23839.0589
2025-08-06 16:46:43.505,3614.3,3628.9,3608.6,3617.9,9852.3824
2025-08-06 17:46:43.505,3617.8,3621.7,3578.1,3582.4,29693.0265
2025-08-06 18:46:43.505,3582.4,3604.4,3573.5,3601.7,55225.6759
2025-08-06 19:46:43.505,3601.7,3636.6,3586.6,3635.5,50018.8052
2025-08-06 20:46:43.505,3635.4,3668.8,3619.0,3664.9,49497.3764
2025-08-06 21:46:43.505,3664.8,3674.1,3639.6,3644.6,41416.1452
2025-08-06 22:46:43.505,3644.3,3682.7,3637.5,3681.0,25987.9769
2025-08-06 23:46:43.505,3681.0,3697.6,3672.1,3676.3,46068.488
2025-08-07 00:46:43.505,3676.2,3685.4,3668.3,3681.9,27044.1459
2025-08-07 01:46:43.505,3681.8,3681.9,3664.2,3673.2,25991.1425
2025-08-07 02:46:43.505,3673.0,3683.4,3651.4,3667.6,43121.0359
2025-08-07 03:46:43.505,3667.5,3681.3,3664.1,3680.7,14263.2015
2025-08-07 04:46:43.505,3680.6,3684.7,3672.9,3681.4,12534.9238
2025-08-07 05:46:43.505,3681.4,3681.5,3662.0,3672.0,26118.9038
2025-08-07 06:46:43.505,3672.0,3715.0,3664.7,3665.6,57083.951
2025-08-07 07:46:43.505,3665.6,3676.3,3649.0,3657.1,42359.0757
2025-08-07 08:46:43.505,3657.1,3662.0,3645.3,3655.3,10779.7121
2025-08-07 09:46:43.505,3655.4,3668.4,3653.4,3660.3,9413.803
2025-08-07 10:46:43.505,3660.3,3686.9,3658.8,3686.6,18792.9569
2025-08-07 11:46:43.505,3686.4,3709.2,3685.8,3693.0,28389.1887
2025-08-07 12:46:43.505,3693.1,3708.1,3692.5,3701.7,17784.2473
2025-08-07 13:46:43.505,3701.7,3727.9,3701.6,3720.3,40639.8366
2025-08-07 14:46:43.505,3720.4,3733.3,3714.7,3731.1,19565.2293
2025-08-07 15:46:43.505,3731.1,3826.7,3729.5,3820.6,172814.88
2025-08-07 16:46:43.505,3820.7,3842.1,3806.6,3827.2,63955.342
2025-08-07 17:46:43.505,3827.3,3850.9,3824.2,3850.1,63549.5654
2025-08-07 18:46:43.505,3850.3,3866.4,3827.5,3858.3,63267.5037
2025-08-07 19:46:43.505,3858.4,3858.5,3804.4,3817.9,56204.8845
2025-08-07 20:46:43.505,3818.1,3841.9,3815.0,3837.4,27577.7422
2025-08-07 21:46:43.505,3837.5,3842.8,3781.0,3815.1,58325.187
2025-08-07 22:46:43.505,3815.2,3833.7,3804.3,3829.4,30932.3654
2025-08-07 23:46:43.505,3829.5,3830.2,3807.8,3828.0,21912.5666
2025-08-08 00:46:43.505,3827.8,3877.0,3822.2,3868.3,98083.5322
2025-08-08 01:46:43.505,3868.3,3880.9,3851.8,3874.2,53884.9568
2025-08-08 02:46:43.505,3874.5,3886.0,3859.6,3872.1,51340.325
2025-08-08 03:46:43.505,3872.2,3928.9,3868.9,3917.7,73883.2897
2025-08-08 04:46:43.505,3917.7,3920.7,3890.7,3912.3,37643.0228
2025-08-08 05:46:43.505,3912.4,3939.6,3883.8,3902.5,68197.8315
2025-08-08 06:46:43.505,3902.5,3919.6,3882.6,3888.9,45531.4679
2025-08-08 07:46:43.505,3889.0,3907.6,3880.8,3895.4,12342.6187
2025-08-08 08:46:43.505,3895.4,3969.7,3894.4,3941.9,98870.2837
2025-08-08 09:46:43.505,3942.0,3942.0,3918.4,3923.8,36369.7426
2025-08-08 10:46:43.505,3923.9,3923.9,3897.1,3904.2,32160.9865
2025-08-08 11:46:43.505,3904.1,3922.8,3897.3,3917.6,24273.0501
2025-08-08 12:46:43.505,3917.7,3930.1,3903.0,3918.3,21769.5721
2025-08-08 13:46:43.505,3918.4,3929.8,3887.4,3900.7,35401.1518
2025-08-08 14:46:43.505,3900.7,3904.3,3886.7,3903.0,16550.1314
2025-08-08 15:46:43.505,3902.7,3910.5,3889.3,3899.5,18895.4494
2025-08-08 16:46:43.505,3899.4,3922.6,3899.4,3920.6,19032.2981
2025-08-08 17:46:43.505,3920.6,3920.7,3893.8,3894.2,26722.6008
2025-08-08 18:46:43.505,3893.9,4014.7,3893.5,4001.9,141183.1611
2025-08-08 19:46:43.505,4001.9,4008.2,3946.1,3987.4,136880.3723
2025-08-08 20:46:43.505,3987.4,3993.1,3928.9,3957.2,90104.7274
2025-08-08 21:46:43.505,3957.3,3980.3,3953.0,3972.7,49075.7652
2025-08-08 22:46:43.505,3972.7,4038.4,3970.4,4036.9,135842.6262
2025-08-08 23:46:43.505,4036.9,4060.8,4033.8,4056.5,142000.3283
2025-08-09 00:46:43.505,4056.5,4070.1,4032.9,4063.3,67809.0069
2025-08-09 01:46:43.505,4063.3,4074.1,4048.0,4061.4,52632.9562
2025-08-09 02:46:43.505,4061.4,4062.8,4041.2,4041.4,17846.009
2025-08-09 03:46:43.505,4041.5,4042.3,4021.1,4027.9,30121.2622
2025-08-09 04:46:43.505,4028.0,4035.5,4009.0,4012.0,26315.834
2025-08-09 05:46:43.505,4012.0,4029.0,4009.0,4019.2,17196.8638
2025-08-09 06:46:43.505,4019.1,4039.7,4012.8,4035.7,21655.7493
2025-08-09 07:46:43.505,4035.8,4041.0,4027.2,4034.8,27769.7067
2025-08-09 08:46:43.505,4034.6,4054.1,4028.0,4053.0,36097.4821
2025-08-09 09:46:43.505,4053.0,4105.2,4047.6,4083.7,46573.4723
2025-08-09 10:46:43.505,4083.7,4213.7,4078.6,4185.6,226705.2024
2025-08-09 11:46:43.505,4185.5,4187.4,4146.0,4166.8,61919.1444
2025-08-09 12:46:43.505,4166.7,4180.7,4159.7,4173.9,19868.7978
2025-08-09 13:46:43.505,4173.9,4204.8,4170.1,4193.2,35373.7999
2025-08-09 14:46:43.505,4193.3,4240.9,4177.2,4222.2,72758.7362
2025-08-09 15:46:43.505,4222.2,4250.0,4215.7,4219.4,66268.38
2025-08-09 16:46:43.505,4219.5,4220.4,4186.3,4192.2,56194.7241
2025-08-09 17:46:43.505,4192.1,4209.2,4182.9,4198.9,25824.0617
2025-08-09 18:46:43.505,4199.0,4202.6,4167.4,4168.6,71435.9793
2025-08-09 19:46:43.505,4168.7,4201.4,4156.0,4200.7,38959.3401
2025-08-09 20:46:43.505,4200.8,4228.2,4177.0,4212.1,48076.6576
2025-08-09 21:46:43.505,4212.1,4228.5,4196.2,4211.1,27201.8867
2025-08-09 22:46:43.505,4211.1,4243.7,4203.2,4238.4,31127.1323
2025-08-09 23:46:43.505,4238.1,4274.7,4223.6,4245.8,43958.3023
2025-08-10 00:46:43.505,4245.8,4274.7,4240.7,4262.3,36764.4437
2025-08-10 01:46:43.505,4262.4,4295.7,4260.4,4292.9,54096.3962
2025-08-10 02:46:43.505,4292.9,4302.8,4264.4,4281.7,84248.2572
2025-08-10 03:46:43.505,4281.7,4328.9,4246.9,4268.7,91521.9682
2025-08-10 04:46:43.505,4268.7,4279.4,4251.0,4264.2,31739.9936
2025-08-10 05:46:43.505,4264.2,4334.9,4252.2,4315.2,33192.0813
2025-08-10 06:46:43.505,4315.3,4327.5,4291.2,4304.1,39728.5538
2025-08-10 07:46:43.505,4304.2,4308.3,4250.2,4251.2,43484.8821
2025-08-10 08:46:43.505,4251.3,4260.0,4208.2,4245.1,73780.2449
2025-08-10 09:46:43.505,4245.2,4267.3,4229.3,4254.5,31995.9044
2025-08-10 10:46:43.505,4254.6,4254.6,4215.1,4222.1,35715.303
2025-08-10 11:46:43.505,4222.1,4237.2,4205.6,4227.6,30352.2645
2025-08-10 12:46:43.505,4227.7,4236.1,4178.2,4187.2,47438.4222
2025-08-10 13:46:43.505,4187.3,4220.1,4163.5,4211.7,33719.8256
2025-08-10 14:46:43.505,4211.8,4232.7,4211.7,4227.1,12344.6539
2025-08-10 15:46:43.505,4227.1,4233.3,4195.1,4199.0,27699.9672
2025-08-10 16:46:43.505,4199.0,4222.2,4179.7,4182.3,26960.8561
2025-08-10 17:46:43.505,4182.2,4203.3,4173.8,4202.8,32464.6592
2025-08-10 18:46:43.505,4202.8,4207.0,4167.1,4169.1,19246.3289
2025-08-10 19:46:43.505,4169.0,4229.9,4162.8,4222.1,63299.6314
2025-08-10 20:46:43.505,4221.9,4238.7,4213.7,4219.8,44170.4465
2025-08-10 21:46:43.505,4219.7,4241.9,4216.2,4236.0,22628.4378
2025-08-10 22:46:43.505,4236.0,4246.6,4224.6,4224.7,32263.6667
2025-08-10 23:46:43.505,4224.6,4237.1,4217.5,4236.1,32299.9092
2025-08-11 00:46:43.505,4236.1,4262.0,4231.2,4251.9,67045.6061
2025-08-11 01:46:43.505,4251.8,4252.9,4210.2,4218.3,58235.2816
2025-08-11 02:46:43.505,4218.2,4227.0,4187.8,4227.0,82834.2231
2025-08-11 03:46:43.505,4227.0,4254.4,4208.5,4253.5,37933.3576
2025-08-11 04:46:43.505,4253.5,4258.7,4231.5,4253.8,33402.7012
2025-08-11 05:46:43.505,4253.9,4289.0,4241.8,4266.8,52456.577
2025-08-11 06:46:43.505,4266.8,4325.2,4264.3,4306.8,61419.4901
2025-08-11 07:46:43.505,4306.8,4345.8,4298.4,4311.7,79974.2217
2025-08-11 08:46:43.505,4311.8,4314.9,4287.0,4311.7,29006.7322
2025-08-11 09:46:43.505,4311.7,4356.9,4308.4,4322.1,71151.4258
2025-08-11 10:46:43.505,4322.0,4334.1,4293.3,4309.2,37448.3129
2025-08-11 11:46:43.505,4309.2,4315.2,4298.4,4302.1,16634.4051
2025-08-11 12:46:43.505,4302.2,4307.3,4270.1,4277.3,29475.8938
2025-08-11 13:46:43.505,4276.6,4288.2,4256.3,4284.9,34123.8082
2025-08-11 14:46:43.505,4284.9,4287.0,4263.8,4269.0,9454.7044
2025-08-11 15:46:43.505,4269.0,4273.0,4227.2,4238.8,42785.2861
2025-08-11 16:46:43.505,4238.8,4242.4,4172.8,4187.4,72967.2467
2025-08-11 17:46:43.505,4187.4,4197.7,4168.5,4186.0,56727.987
2025-08-11 18:46:43.505,4186.3,4305.4,4173.4,4282.8,188661.2316
2025-08-11 19:46:43.505,4282.9,4324.0,4265.1,4279.0,110829.3727
2025-08-11 20:46:43.505,4279.0,4334.1,4261.6,4332.2,71022.0111
2025-08-11 21:46:43.505,4332.1,4369.8,4314.2,4314.3,142986.8804
2025-08-11 22:46:43.505,4314.2,4323.9,4285.6,4294.7,91912.2478
2025-08-11 23:46:43.505,4294.9,4309.6,4268.4,4296.9,63786.9687
2025-08-12 00:46:43.505,4296.9,4310.0,4230.0,4259.0,91878.8521
2025-08-12 01:46:43.505,4259.0,4259.0,4220.6,4247.3,47660.7278
2025-08-12 02:46:43.505,4246.5,4256.1,4188.9,4220.3,82744.7976
2025-08-12 03:46:43.505,4220.4,4225.0,4190.0,4220.5,38008.6712
2025-08-12 04:46:43.505,4220.6,4235.5,4215.3,4223.8,30537.3227
2025-08-12 05:46:43.505,4223.8,4283.6,4219.1,4275.1,46029.0999
2025-08-12 06:46:43.505,4275.0,4291.9,4258.9,4271.7,35619.9283
2025-08-12 07:46:43.505,4271.7,4313.1,4263.2,4292.6,45457.1789
2025-08-12 08:46:43.505,4292.5,4306.2,4276.2,4286.9,38453.7183
2025-08-12 09:46:43.505,4286.8,4324.1,4281.5,4313.4,53624.1016
2025-08-12 10:46:43.505,4313.3,4313.6,4270.5,4287.4,35308.3488
2025-08-12 11:46:43.505,4287.4,4312.9,4274.4,4293.1,21957.9809
2025-08-12 12:46:43.505,4292.9,4322.4,4292.9,4318.4,29454.0889
2025-08-12 13:46:43.505,4318.3,4334.8,4297.9,4313.8,27300.0176
2025-08-12 14:46:43.505,4313.7,4320.0,4288.0,4289.8,29508.5935
2025-08-12 15:46:43.505,4289.8,4300.9,4276.4,4280.0,16168.0971
2025-08-12 16:46:43.505,4279.9,4299.0,4260.1,4292.5,37059.9165
2025-08-12 17:46:43.505,4292.6,4437.1,4280.0,4409.9,233460.4275
2025-08-12 18:46:43.505,4409.9,4435.0,4355.9,4386.7,164694.2537
2025-08-12 19:46:43.505,4386.7,4429.3,4380.2,4420.4,60459.6011
2025-08-12 20:46:43.505,4420.3,4483.3,4418.5,4474.5,108484.8058
2025-08-12 21:46:43.505,4474.6,4490.4,4443.8,4467.9,74267.8684
2025-08-12 22:46:43.505,4468.4,4508.8,4466.2,4502.0,142896.3521
2025-08-12 23:46:43.505,4502.1,4520.6,4479.5,4492.1,101324.7771
2025-08-13 00:46:43.505,4492.2,4521.6,4484.3,4518.9,44812.9245
2025-08-13 01:46:43.505,4518.6,4641.1,4506.8,4620.0,227752.316
2025-08-13 02:46:43.505,4620.0,4620.0,4580.7,4587.7,76434.5821
2025-08-13 03:46:43.505,4587.8,4593.0,4565.0,4577.4,55422.8192
2025-08-13 04:46:43.505,4577.5,4619.9,4575.0,4592.8,75905.278
2025-08-13 05:46:43.505,4592.8,4642.3,4585.7,4616.4,48366.5287
2025-08-13 06:46:43.505,4616.9,4620.6,4567.7,4588.7,47580.2042
2025-08-13 07:46:43.505,4588.7,4630.9,4573.5,4626.6,33397.9602
2025-08-13 08:46:43.505,4626.6,4659.2,4610.6,4650.9,60953.5647
2025-08-13 09:46:43.505,4650.9,4686.3,4650.1,4677.6,69919.8042
2025-08-13 10:46:43.505,4677.6,4678.5,4625.1,4635.0,51315.7596
2025-08-13 11:46:43.505,4635.0,4652.7,4610.6,4625.5,44981.5171
2025-08-13 12:46:43.505,4625.5,4636.0,4614.3,4628.9,15496.2489
2025-08-13 13:46:43.505,4629.0,4641.7,4612.3,4629.1,26704.432
2025-08-13 14:46:43.505,4629.1,4715.0,4626.3,4710.3,35394.7
2025-08-13 15:46:43.505,4710.5,4719.2,4691.9,4698.7,62728.7184
2025-08-13 16:46:43.505,4698.8,4712.3,4673.9,4694.0,31930.1612
2025-08-13 17:46:43.505,4694.1,4726.5,4678.7,4689.8,60860.0298
2025-08-13 18:46:43.505,4689.9,4741.7,4651.1,4674.2,108970.1411
2025-08-13 19:46:43.505,4674.9,4709.8,4639.9,4653.0,185394.9089
2025-08-13 20:46:43.505,4653.1,4679.7,4622.0,4669.5,95050.6888
2025-08-13 21:46:43.505,4669.6,4740.0,4666.1,4704.8,119290.9775
2025-08-13 22:46:43.505,4704.8,4740.8,4701.3,4731.8,116071.3184
2025-08-13 23:46:43.505,4731.8,4756.9,4692.1,4720.9,86046.8666
2025-08-14 00:46:43.505,4721.0,4754.7,4712.9,4744.5,54104.3957
2025-08-14 01:46:43.505,4744.6,4746.8,4701.7,4721.9,39499.5661
2025-08-14 02:46:43.505,4721.9,4778.0,4715.7,4722.8,121210.6845
2025-08-14 03:46:43.505,4721.9,4785.0,4707.9,4738.9,117007.8414
2025-08-14 04:46:43.505,4738.9,4787.8,4736.3,4753.5,70304.9533
2025-08-14 05:46:43.505,4753.6,4769.6,4715.8,4720.3,72935.4677
2025-08-14 06:46:43.505,4720.4,4753.3,4711.9,4725.8,39602.8817
2025-08-14 07:46:43.505,4725.7,4773.3,4723.5,4756.1,38688.0046
2025-08-14 08:46:43.505,4756.1,4784.6,4745.9,4779.8,40863.4377
2025-08-14 09:46:43.505,4779.9,4792.8,4756.1,4763.0,55202.5786
2025-08-14 10:46:43.505,4763.0,4776.5,4730.0,4736.7,38955.7349
2025-08-14 11:46:43.505,4736.7,4797.3,4721.3,4781.0,93577.0884
2025-08-14 12:46:43.505,4780.9,4780.9,4735.1,4752.8,37414.8301
2025-08-14 13:46:43.505,4752.8,4754.9,4724.6,4729.9,30906.5581
2025-08-14 14:46:43.505,4730.0,4766.0,4723.1,4763.2,21045.6661
2025-08-14 15:46:43.505,4763.2,4769.0,4675.9,4712.0,78096.3268
2025-08-14 16:46:43.505,4712.0,4725.5,4695.1,4722.6,39151.0897
2025-08-14 17:46:43.505,4722.7,4739.7,4433.0,4573.3,355952.086
2025-08-14 18:46:43.505,4573.4,4640.9,4314.3,4616.8,482823.7548
2025-08-14 19:46:43.505,4616.9,4709.4,4582.6,4674.4,204838.9316
2025-08-14 20:46:43.505,4674.8,4689.8,4590.3,4623.1,193897.8626
2025-08-14 21:46:43.505,4623.1,4628.5,4519.0,4551.2,196442.5815
2025-08-14 22:46:43.505,4551.3,4568.0,4512.1,4553.6,87962.2601
2025-08-14 23:46:43.505,4553.6,4563.0,4480.6,4542.1,96605.8586
2025-08-15 00:46:43.505,4542.5,4578.5,4537.8,4541.0,60381.4131
2025-08-15 01:46:43.505,4540.7,4550.7,4509.1,4538.0,73571.5502
2025-08-15 02:46:43.505,4538.1,4547.9,4454.0,4479.6,128744.0953
2025-08-15 03:46:43.505,4479.7,4534.3,4458.2,4533.3,43433.4013
2025-08-15 04:46:43.505,4533.4,4573.2,4531.2,4546.4,69047.0366
2025-08-15 05:46:43.505,4546.3,4591.6,4537.6,4563.4,37061.0982
2025-08-15 06:46:43.505,4563.3,4613.1,4556.3,4605.9,44957.6841
2025-08-15 07:46:43.505,4605.9,4644.5,4598.2,4623.4,41204.5061
2025-08-15 08:46:43.505,4623.4,4652.4,4615.6,4635.4,36305.397
2025-08-15 09:46:43.505,4635.5,4648.0,4616.1,4626.6,26589.9751
2025-08-15 10:46:43.505,4626.6,4633.1,4606.3,4619.4,27055.6099
2025-08-15 11:46:43.505,4619.4,4663.5,4619.2,4649.5,27127.3379
2025-08-15 12:46:43.505,4649.5,4655.7,4628.2,4642.6,17756.8355
2025-08-15 13:46:43.505,4642.6,4668.3,4635.4,4642.7,19181.9929
2025-08-15 14:46:43.505,4642.8,4654.7,4614.7,4626.3,37438.3943
2025-08-15 15:46:43.505,4626.2,4651.4,4626.2,4637.7,35481.9479
2025-08-15 16:46:43.505,4637.7,4649.5,4624.8,4636.0,13528.4133
2025-08-15 17:46:43.505,4636.0,4665.0,4590.4,4628.8,75720.942
2025-08-15 18:46:43.505,4628.8,4630.9,4533.0,4540.3,111422.0184
2025-08-15 19:46:43.505,4540.3,4577.8,4474.5,4493.1,113649.5272
2025-08-15 20:46:43.505,4493.1,4498.9,4392.3,4429.2,218892.2221
2025-08-15 21:46:43.505,4429.2,4432.5,4371.1,4415.4,114767.0824
2025-08-15 22:46:43.505,4415.3,4461.3,4372.5,4440.0,116092.8512
2025-08-15 23:46:43.505,4439.9,4454.2,4380.0,4395.6,69136.5232
2025-08-16 00:46:43.505,4395.5,4425.3,4375.0,4382.5,53015.4252
2025-08-16 01:46:43.505,4382.7,4432.1,4367.2,4422.9,54142.4185
2025-08-16 02:46:43.505,4423.3,4430.0,4392.1,4429.1,29386.3403
2025-08-16 03:46:43.505,4429.0,4479.9,4412.3,4476.4,45884.1843
2025-08-16 04:46:43.505,4476.5,4492.1,4407.9,4440.4,74639.008
2025-08-16 05:46:43.505,4440.4,4483.8,4433.0,4475.7,65671.6261
2025-08-16 06:46:43.505,4475.7,4490.0,4451.9,4487.6,60173.9281
2025-08-16 07:46:43.505,4487.5,4487.6,4433.6,4444.3,38680.4254
2025-08-16 08:46:43.505,4444.4,4457.7,4425.0,4431.4,22502.2823
2025-08-16 09:46:43.505,4431.4,4457.0,4429.0,4453.9,15115.4684
2025-08-16 10:46:43.505,4453.9,4454.6,4418.3,4421.1,15336.0939
2025-08-16 11:46:43.505,4421.1,4432.4,4408.9,4417.9,20897.9317
2025-08-16 12:46:43.505,4417.9,4463.4,4417.6,4449.8,25427.9751
2025-08-16 13:46:43.505,4449.9,4457.9,4437.9,4441.1,25355.5641
2025-08-16 14:46:43.505,4441.2,4457.9,4390.0,4396.5,27044.7997
2025-08-16 15:46:43.505,4396.6,4413.8,4373.7,4403.6,37218.2772
2025-08-16 16:46:43.505,4403.6,4423.6,4384.4,4386.8,18944.0194
2025-08-16 17:46:43.505,4387.0,4410.5,4374.9,4408.7,24636.2764
2025-08-16 18:46:43.505,4408.8,4427.0,4384.0,4393.2,28747.8456
2025-08-16 19:46:43.505,4393.2,4418.2,4387.8,4413.3,18642.7027
2025-08-16 20:46:43.505,4413.1,4418.2,4387.0,4400.4,12824.2442
2025-08-16 21:46:43.505,4400.0,4415.8,4395.8,4407.7,9663.2937
2025-08-16 22:46:43.505,4407.7,4408.7,4390.0,4405.2,10725.2118
2025-08-16 23:46:43.505,4405.1,4421.3,4398.5,4408.4,12692.7535
2025-08-17 00:46:43.505,4408.4,4441.8,4407.7,4418.1,25571.1391
2025-08-17 01:46:43.505,4418.0,4438.9,4409.5,4432.2,38440.6336
2025-08-17 02:46:43.505,4432.2,4432.3,4406.2,4408.3,14091.1507
2025-08-17 03:46:43.505,4408.3,4434.5,4403.7,4426.3,14616.0339
2025-08-17 04:46:43.505,4426.4,4430.2,4410.7,4422.1,8470.2854
2025-08-17 05:46:43.505,4422.1,4428.0,4409.9,4412.4,14310.5821
2025-08-17 06:46:43.505,4412.5,4420.6,4394.9,4405.8,17388.5678
2025-08-17 07:46:43.505,4405.8,4433.7,4397.9,4433.7,16038.5391
2025-08-17 08:46:43.505,4433.6,4458.1,4428.2,4452.4,24794.1009
2025-08-17 09:46:43.505,4452.5,4488.0,4451.6,4483.2,72849.2464
2025-08-17 10:46:43.505,4483.4,4490.0,4467.3,4470.2,11988.4409
2025-08-17 11:46:43.505,4470.2,4483.2,4455.2,4457.0,8554.1578
2025-08-17 12:46:43.505,4457.2,4471.9,4443.3,4466.7,18300.1329
2025-08-17 13:46:43.505,4466.8,4537.7,4458.2,4535.8,45415.9934
2025-08-17 14:46:43.505,4535.4,4558.7,4528.0,4542.9,45625.3461
2025-08-17 15:46:43.505,4542.9,4575.6,4530.0,4569.0,34173.919
2025-08-17 16:46:43.505,4568.7,4569.1,4548.0,4552.4,12888.4456
2025-08-17 17:46:43.505,4552.4,4554.3,4535.0,4542.0,15880.3431
2025-08-17 18:46:43.505,4542.1,4550.8,4520.1,4537.1,22984.4707
2025-08-17 19:46:43.505,4537.1,4560.0,4533.0,4554.4,12445.9795
2025-08-17 20:46:43.505,4554.0,4567.0,4546.0,4562.5,20974.4821
2025-08-17 21:46:43.505,4562.5,4567.0,4503.9,4518.5,50115.1627
2025-08-17 22:46:43.505,4518.4,4535.3,4505.3,4525.0,17274.6254
2025-08-17 23:46:43.505,4525.0,4533.5,4428.1,4470.3,68401.0593
2025-08-18 00:46:43.505,4470.3,4485.0,4446.6,4461.4,49653.409
2025-08-18 01:46:43.505,4461.4,4480.8,4458.0,4470.1,23629.0407
2025-08-18 02:46:43.505,4470.2,4488.1,4464.2,4476.1,14867.7173
2025-08-18 03:46:43.505,4476.2,4536.5,4473.9,4524.5,61258.8806
2025-08-18 04:46:43.505,4524.4,4525.3,4468.9,4474.1,39856.1479
2025-08-18 05:46:43.505,4474.1,4484.1,4439.7,4465.5,40120.0148
2025-08-18 06:46:43.505,4465.6,4470.0,4384.9,4399.0,86654.2487
2025-08-18 07:46:43.505,4398.5,4403.3,4311.4,4322.4,174098.439
2025-08-18 08:46:43.505,4322.3,4338.8,4283.3,4321.6,144618.7768
2025-08-18 09:46:43.505,4321.7,4344.2,4304.0,4338.5,40088.1316
2025-08-18 10:46:43.505,4338.6,4349.5,4260.1,4313.8,100865.1975
2025-08-18 11:46:43.505,4313.9,4314.2,4214.9,4250.0,196689.9202
2025-08-18 12:46:43.505,4250.0,4276.6,4234.8,4255.1,108357.7043
2025-08-18 13:46:43.505,4255.2,4285.0,4250.2,4258.1,42484.7495
2025-08-18 14:46:43.505,4258.1,4319.0,4223.4,4292.1,97823.4811
2025-08-18 15:46:43.505,4292.1,4306.6,4258.8,4263.9,29448.9789
2025-08-18 16:46:43.505,4264.0,4277.8,4252.8,4273.5,26733.7504
2025-08-18 17:46:43.505,4273.5,4344.3,4270.3,4343.2,52127.5296
2025-08-18 18:46:43.505,4343.1,4369.8,4283.2,4285.2,107019.4175
2025-08-18 19:46:43.505,4285.2,4334.5,4272.8,4333.8,106601.1016
2025-08-18 20:46:43.505,4333.8,4346.6,4296.8,4346.2,49147.7717
2025-08-18 21:46:43.505,4346.2,4361.2,4300.4,4320.1,51141.4838
2025-08-18 22:46:43.505,4320.1,4382.0,4312.9,4343.3,57424.8496
2025-08-18 23:46:43.505,4343.3,4373.0,4327.0,4365.6,22803.6011
2025-08-19 00:46:43.505,4365.6,4384.9,4345.2,4354.5,50099.0978
2025-08-19 01:46:43.505,4354.5,4367.6,4317.4,4336.4,42017.6859
2025-08-19 02:46:43.505,4336.4,4362.3,4326.1,4353.3,25382.7788
2025-08-19 03:46:43.505,4352.9,4387.0,4338.5,4340.6,42032.3071
2025-08-19 04:46:43.505,4340.0,4350.8,4306.4,4313.6,50023.1242
2025-08-19 05:46:43.505,4313.7,4343.0,4266.3,4342.2,79327.7741
2025-08-19 06:46:43.505,4342.2,4354.7,4286.0,4294.7,48482.1678
2025-08-19 07:46:43.505,4294.7,4299.4,4280.6,4284.3,36305.1555
2025-08-19 08:46:43.505,4284.3,4290.5,4208.4,4217.0,96784.2743
2025-08-19 09:46:43.505,4217.0,4233.8,4188.5,4233.7,96295.9359
2025-08-19 10:46:43.505,4233.8,4249.5,4217.6,4229.1,38302.1845
2025-08-19 11:46:43.505,4229.1,4248.2,4223.0,4240.0,21420.0697
2025-08-19 12:46:43.505,4240.1,4243.9,4202.0,4233.0,24079.8076
2025-08-19 13:46:43.505,4233.0,4267.4,4216.8,4255.1,21420.2178
2025-08-19 14:46:43.505,4255.2,4304.2,4252.9,4279.5,86034.4602
2025-08-19 15:46:43.505,4279.5,4300.1,4273.7,4284.4,20036.5532
2025-08-19 16:46:43.505,4284.4,4315.7,4284.4,4307.6,33932.7673
2025-08-19 17:46:43.505,4307.6,4313.0,4283.7,4303.4,30036.9486
2025-08-19 18:46:43.505,4303.5,4337.8,4261.1,4289.2,100841.6914
2025-08-19 19:46:43.505,4289.3,4304.0,4182.4,4189.4,175238.5408
2025-08-19 20:46:43.505,4190.1,4229.8,4166.0,4189.2,117919.8349
2025-08-19 21:46:43.505,4189.6,4203.7,4133.0,4139.2,134865.0461
2025-08-19 22:46:43.505,4139.2,4187.5,4130.3,4184.6,106551.1688
2025-08-19 23:46:43.505,4184.6,4185.9,4121.2,4144.2,103663.2771
2025-08-20 00:46:43.505,4144.3,4166.5,4112.0,4140.7,107864.298
2025-08-20 01:46:43.505,4140.8,4161.9,4113.7,4156.7,75464.8063
2025-08-20 02:46:43.505,4156.8,4163.1,4135.3,4151.4,38216.0671
2025-08-20 03:46:43.505,4151.3,4151.9,4117.9,4129.7,47120.222
2025-08-20 04:46:43.505,4129.9,4133.3,4065.9,4073.7,119490.1902
2025-08-20 05:46:43.505,4073.8,4114.2,4072.8,4104.0,52012.1574
2025-08-20 06:46:43.505,4102.8,4120.6,4060.1,4107.6,68124.3903
2025-08-20 07:46:43.505,4108.3,4140.6,4103.7,4135.7,37290.8869
2025-08-20 08:46:43.505,4135.6,4156.4,4126.3,4138.9,100559.3588
2025-08-20 09:46:43.505,4138.9,4177.6,4137.3,4168.6,60292.0032
2025-08-20 10:46:43.505,4168.5,4183.0,4152.9,4181.2,14573.7634
2025-08-20 11:46:43.505,4181.2,4187.1,4168.3,4180.8,25569.1359
2025-08-20 12:46:43.505,4180.3,4209.7,4180.2,4183.0,28570.8244
2025-08-20 13:46:43.505,4182.9,4240.0,4178.2,4237.3,38033.5112
2025-08-20 14:46:43.505,4237.4,4237.4,4216.2,4220.8,28408.6573
2025-08-20 15:46:43.505,4220.8,4231.0,4208.9,4224.7,16271.8882
2025-08-20 16:46:43.505,4224.6,4230.1,4147.2,4192.7,69420.5084
2025-08-20 17:46:43.505,4192.7,4219.6,4173.1,4203.5,73444.1602
2025-08-20 18:46:43.505,4203.4,4213.1,4126.0,4133.2,127326.6614
2025-08-20 19:46:43.505,4133.2,4234.0,4103.7,4212.1,229422.8469
2025-08-20 20:46:43.505,4212.2,4309.0,4205.2,4253.6,212408.2088
2025-08-20 21:46:43.505,4253.6,4329.0,4253.5,4300.7,139019.3311
2025-08-20 22:46:43.505,4300.8,4367.5,4297.0,4344.7,182259.8942
2025-08-20 23:46:43.505,4344.7,4345.6,4262.2,4290.8,141594.8496
2025-08-21 00:46:43.505,4290.9,4352.8,4284.6,4347.2,107057.7954
2025-08-21 01:46:43.505,4347.3,4373.8,4332.9,4358.0,47739.022
2025-08-21 02:46:43.505,4358.1,4370.1,4321.9,4343.4,95414.4347
2025-08-21 03:46:43.505,4343.5,4380.3,4338.6,4368.4,36455.1535
2025-08-21 04:46:43.505,4368.5,4368.7,4327.5,4337.4,48798.1031
2025-08-21 05:46:43.505,4337.4,4337.4,4307.7,4324.4,35451.1513
2025-08-21 06:46:43.505,4324.5,4337.1,4298.0,4333.5,22379.9662
2025-08-21 07:46:43.505,4332.9,4340.9,4277.6,4293.0,47403.7459
2025-08-21 08:46:43.505,4293.0,4333.7,4292.5,4295.3,42392.083
2025-08-21 09:46:43.505,4295.1,4308.4,4284.2,4295.0,31640.6159
2025-08-21 10:46:43.505,4295.0,4322.1,4284.8,4318.4,25297.9407
2025-08-21 11:46:43.505,4318.4,4318.7,4285.0,4308.1,29047.0165
2025-08-21 12:46:43.505,4308.2,4313.7,4272.2,4311.6,26854.5326
2025-08-21 13:46:43.505,4311.7,4315.4,4285.0,4285.9,22290.656
2025-08-21 14:46:43.505,4285.9,4291.9,4257.5,4276.7,41653.1377
2025-08-21 15:46:43.505,4277.1,4306.9,4264.0,4291.7,34726.7739
2025-08-21 16:46:43.505,4291.8,4309.0,4267.1,4279.0,36833.1481
2025-08-21 17:46:43.505,4278.9,4286.4,4238.0,4250.0,50725.3046
2025-08-21 18:46:43.505,4250.1,4295.9,4241.5,4262.2,37671.2163
2025-08-21 19:46:43.505,4262.2,4329.7,4253.8,4275.0,96736.9399
2025-08-21 20:46:43.505,4275.1,4278.5,4230.0,4246.2,119912.0355
2025-08-21 21:46:43.505,4246.2,4263.4,4218.6,4225.0,57674.1923
2025-08-21 22:46:43.505,4225.0,4248.2,4211.2,4244.0,76649.3996
2025-08-21 23:46:43.505,4244.0,4272.5,4235.2,4264.0,71376.773
2025-08-22 00:46:43.505,4264.1,4276.7,4218.0,4226.7,125846.8981
2025-08-22 01:46:43.505,4226.5,4264.1,4206.0,4244.2,80004.0675
2025-08-22 02:46:43.505,4244.2,4258.7,4212.1,4244.9,126757.8453
2025-08-22 03:46:43.505,4244.9,4262.6,4238.9,4255.0,29488.0229
2025-08-22 04:46:43.505,4255.3,4255.3,4211.3,4226.5,39175.3143
2025-08-22 05:46:43.505,4226.5,4258.1,4226.4,4247.0,26184.3961
2025-08-22 06:46:43.505,4247.0,4269.0,4223.4,4259.5,35168.2343
2025-08-22 07:46:43.505,4259.4,4318.9,4253.1,4293.9,73757.6557
2025-08-22 08:46:43.505,4293.9,4304.2,4268.1,4282.0,28213.5371
2025-08-22 09:46:43.505,4282.0,4310.0,4275.9,4283.9,50115.5267
2025-08-22 10:46:43.505,4284.0,4296.5,4275.2,4294.2,19209.339
2025-08-22 11:46:43.505,4294.2,4322.6,4282.7,4297.9,17785.8723
2025-08-22 12:46:43.505,4297.3,4348.0,4295.0,4330.7,57997.7755
2025-08-22 13:46:43.505,4330.8,4358.3,4329.5,4331.8,51160.7344
2025-08-22 14:46:43.505,4331.8,4334.6,4310.0,4332.0,20676.738
2025-08-22 15:46:43.505,4332.0,4332.9,4293.5,4298.4,19359.8898
2025-08-22 16:46:43.505,4298.4,4302.4,4275.6,4277.4,24401.1632
2025-08-22 17:46:43.505,4277.4,4280.4,4211.6,4247.8,97884.5782
2025-08-22 18:46:43.505,4247.7,4323.0,4235.8,4294.0,81047.1612
2025-08-22 19:46:43.505,4294.1,4650.2,4294.0,4618.9,588370.953
2025-08-22 20:46:43.505,4618.6,4676.4,4617.8,4618.8,170097.9521
2025-08-22 21:46:43.505,4618.8,4783.0,4618.7,4749.9,236292.3721
2025-08-22 22:46:43.505,4750.1,4854.0,4749.9,4804.2,250167.1307
2025-08-22 23:46:43.505,4804.2,4810.8,4758.1,4793.8,106456.1268
2025-08-23 00:46:43.505,4793.7,4861.7,4788.1,4836.3,81340.8638
2025-08-23 01:46:43.505,4836.7,4872.0,4817.8,4853.3,79365.7452
2025-08-23 02:46:43.505,4853.8,4891.7,4841.9,4856.6,147262.611
2025-08-23 03:46:43.505,4856.6,4859.9,4801.0,4814.7,105819.2635
2025-08-23 04:46:43.505,4814.7,4850.1,4811.7,4834.8,46337.8129
2025-08-23 05:46:43.505,4834.7,4835.2,4806.7,4811.4,31561.5997
2025-08-23 06:46:43.505,4811.4,4820.2,4760.0,4783.0,53970.4482
2025-08-23 07:46:43.505,4783.3,4795.0,4667.5,4718.1,104561.6029
2025-08-23 08:46:43.505,4718.0,4726.7,4678.0,4698.2,50928.898
2025-08-23 09:46:43.505,4698.1,4752.2,4697.5,4751.4,49393.7923
2025-08-23 10:46:43.505,4751.4,4768.5,4732.1,4755.0,17191.1777
2025-08-23 11:46:43.505,4755.1,4766.9,4739.3,4749.4,21546.3374
2025-08-23 12:46:43.505,4749.5,4755.0,4711.5,4717.5,23456.4932
2025-08-23 13:46:43.505,4717.6,4734.1,4702.8,4725.7,16827.5567
2025-08-23 14:46:43.505,4725.8,4745.8,4710.5,4742.5,17139.786
2025-08-23 15:46:43.505,4742.6,4750.0,4714.4,4715.7,14611.1124
2025-08-23 16:46:43.505,4715.7,4733.1,4695.3,4707.8,19701.8167
2025-08-23 17:46:43.505,4708.0,4739.0,4696.5,4717.9,20645.1092
2025-08-23 18:46:43.505,4717.8,4738.3,4711.6,4721.4,18217.774
2025-08-23 19:46:43.505,4721.4,4762.2,4718.9,4730.2,29763.32
2025-08-23 20:46:43.505,4730.3,4773.1,4725.5,4756.4,33095.0154
2025-08-23 21:46:43.505,4756.4,4765.1,4746.0,4746.0,38369.2172
2025-08-23 22:46:43.505,4746.1,4755.0,4732.5,4753.8,25941.121
2025-08-23 23:46:43.505,4753.8,4763.6,4747.6,4756.5,10054.5995
2025-08-24 00:46:43.505,4756.9,4763.7,4751.0,4762.0,10959.6423
2025-08-24 01:46:43.505,4761.9,4762.8,4745.5,4755.3,13631.8261
2025-08-24 02:46:43.505,4755.2,4756.8,4740.8,4753.7,12113.2619
2025-08-24 03:46:43.505,4753.7,4790.0,4753.7,4786.0,33265.0327
2025-08-24 04:46:43.505,4786.0,4802.6,4771.6,4782.8,27393.2309
2025-08-24 05:46:43.505,4782.8,4823.8,4779.2,4802.7,21507.1885
2025-08-24 06:46:43.505,4802.7,4802.7,4761.6,4780.3,40251.9536
2025-08-24 07:46:43.505,4780.3,4794.6,4775.6,4778.6,14864.0724
2025-08-24 08:46:43.505,4778.7,4800.8,4757.2,4793.1,27603.5903
2025-08-24 09:46:43.505,4792.7,4804.4,4781.0,4797.0,18652.3852
2025-08-24 10:46:43.505,4797.0,4797.4,4783.5,4786.6,9244.9757
2025-08-24 11:46:43.505,4786.7,4790.3,4760.3,4764.3,11566.9695
2025-08-24 12:46:43.505,4764.3,4788.3,4761.6,4762.2,8509.1623
2025-08-24 13:46:43.505,4762.2,4782.4,4748.2,4779.9,28509.8276
2025-08-24 14:46:43.505,4780.0,4789.8,4765.0,4776.2,12593.3095
2025-08-24 15:46:43.505,4776.1,4778.3,4738.8,4744.1,22267.2049
2025-08-24 16:46:43.505,4744.0,4754.2,4724.2,4751.3,20709.6653
2025-08-24 17:46:43.505,4751.3,4761.4,4741.9,4759.3,23832.4998
2025-08-24 18:46:43.505,4759.3,4784.9,4757.9,4772.5,25534.2503
2025-08-24 19:46:43.505,4772.7,4803.6,4763.1,4799.1,28344.9427
2025-08-24 20:46:43.505,4799.1,4833.6,4788.9,4802.0,52757.691
2025-08-24 21:46:43.505,4802.1,4840.8,4798.5,4825.4,38293.8458
2025-08-24 22:46:43.505,4825.4,4940.0,4824.6,4907.2,161599.6168
2025-08-24 23:46:43.505,4907.3,4959.0,4899.8,4938.1,98312.4221
2025-08-25 00:46:43.505,4938.2,4960.0,4671.5,4816.9,384388.6069
2025-08-25 01:46:43.505,4816.9,4818.4,4709.6,4788.6,274069.589
2025-08-25 02:46:43.505,4788.6,4826.0,4753.5,4786.4,115402.6783
2025-08-25 03:46:43.505,4786.4,4793.9,4724.2,4782.5,92751.7966
2025-08-25 04:46:43.505,4782.5,4805.8,4775.3,4781.5,45325.1541
2025-08-25 05:46:43.505,4781.5,4799.0,4670.0,4701.2,108450.3507
2025-08-25 06:46:43.505,4701.4,4746.4,4698.9,4732.8,43224.2482
2025-08-25 07:46:43.505,4732.8,4776.9,4728.2,4765.5,34303.0844
2025-08-25 08:46:43.505,4765.5,4775.6,4721.0,4727.4,60330.8839
2025-08-25 09:46:43.505,4727.3,4739.2,4692.2,4717.4,55685.6242
2025-08-25 10:46:43.505,4717.5,4729.8,4701.0,4703.8,39725.7874
2025-08-25 11:46:43.505,4703.8,4707.6,4613.9,4627.9,129864.8091
2025-08-25 12:46:43.505,4628.0,4650.5,4577.3,4588.6,108190.4669
2025-08-25 13:46:43.505,4588.6,4612.8,4552.5,4598.4,71983.8553
2025-08-25 14:46:43.505,4598.5,4611.9,4566.6,4610.7,37961.0955
2025-08-25 15:46:43.505,4610.7,4611.1,4512.8,4540.4,126137.1289
2025-08-25 16:46:43.505,4540.4,4597.0,4539.7,4596.9,88732.4534
2025-08-25 17:46:43.505,4596.9,4646.0,4582.9,4645.9,74333.3906
2025-08-25 18:46:43.505,4646.0,4661.0,4592.5,4628.9,113797.4606
2025-08-25 19:46:43.505,4629.0,4683.1,4618.6,4659.0,94969.6961
2025-08-25 20:46:43.505,4659.0,4668.2,4606.2,4611.8,49800.886
2025-08-25 21:46:43.505,4611.9,4645.0,4591.1,4596.7,64874.3676
2025-08-25 22:46:43.505,4596.7,4601.0,4565.3,4585.5,46273.0679
2025-08-25 23:46:43.505,4585.6,4596.4,4569.0,4574.4,32261.1639
2025-08-26 00:46:43.505,4574.3,4577.4,4412.6,4415.4,148393.9287
2025-08-26 01:46:43.505,4415.4,4443.1,4334.0,4351.5,276553.1018
2025-08-26 02:46:43.505,4351.6,4384.7,4340.4,4349.0,94817.5454
2025-08-26 03:46:43.505,4349.0,4415.0,4349.0,4391.2,59604.5949
2025-08-26 04:46:43.505,4391.3,4391.3,4351.4,4374.7,42612.5033
2025-08-26 05:46:43.505,4374.7,4394.0,4318.8,4329.8,83655.4873
2025-08-26 06:46:43.505,4329.8,4421.9,4310.8,4421.8,104152.0823
2025-08-26 07:46:43.505,4421.7,4450.0,4388.5,4395.7,73260.6963
2025-08-26 08:46:43.505,4395.6,4408.8,4372.8,4402.9,30400.1281
2025-08-26 09:46:43.505,4402.9,4442.6,4402.9,4434.6,39767.4969
2025-08-26 10:46:43.505,4434.6,4449.4,4421.2,4430.9,22420.7898
2025-08-26 11:46:43.505,4431.0,4441.6,4406.4,4415.8,52974.2472
2025-08-26 12:46:43.505,4415.8,4454.9,4394.6,4429.9,59859.6942
2025-08-26 13:46:43.505,4429.7,4447.8,4404.8,4420.5,35104.5462
2025-08-26 14:46:43.505,4420.6,4442.4,4408.1,4420.6,24232.6222
2025-08-26 15:46:43.505,4420.6,4451.8,4418.5,4442.0,30520.8904
2025-08-26 16:46:43.505,4442.0,4467.2,4407.8,4427.8,62157.4818
2025-08-26 17:46:43.505,4427.8,4543.8,4405.6,4501.4,319026.1772
2025-08-26 18:46:43.505,4501.4,4522.6,4442.1,4480.0,172586.1428
2025-08-26 19:46:43.505,4480.0,4559.4,4455.0,4554.1,130557.8616
2025-08-26 20:46:43.505,4553.6,4578.0,4505.0,4517.1,132600.7258
2025-08-26 21:46:43.505,4517.9,4555.3,4496.8,4553.0,64928.404
2025-08-26 22:46:43.505,4552.8,4556.5,4501.7,4518.9,78304.4775
2025-08-26 23:46:43.505,4518.9,4562.3,4518.6,4545.5,39747.9087
2025-08-27 00:46:43.505,4546.2,4595.0,4523.5,4593.7,63960.0737
2025-08-27 01:46:43.505,4594.8,4609.8,4567.2,4583.1,56416.5584
2025-08-27 02:46:43.505,4583.1,4606.1,4560.2,4602.8,31842.6776
2025-08-27 03:46:43.505,4602.9,4608.4,4575.4,4599.7,39981.4963
2025-08-27 04:46:43.505,4599.8,4631.6,4587.6,4598.1,39336.1531
2025-08-27 05:46:43.505,4598.3,4600.0,4561.8,4569.0,49013.8662
2025-08-27 06:46:43.505,4569.0,4572.6,4536.7,4561.1,52146.6086
2025-08-27 07:46:43.505,4561.3,4586.4,4543.9,4576.1,54615.0066
2025-08-27 08:46:43.505,4576.1,4624.1,4545.0,4600.4,65599.7013
2025-08-27 09:46:43.505,4600.5,4643.0,4595.8,4627.0,70811.3813
2025-08-27 10:46:43.505,4627.1,4643.1,4608.5,4612.6,29253.1257
2025-08-27 11:46:43.505,4612.6,4612.6,4581.8,4585.0,25784.2941
2025-08-27 12:46:43.505,4584.9,4590.0,4556.8,4578.5,41898.2119
2025-08-27 13:46:43.505,4578.7,4595.0,4555.7,4593.1,25666.8515
2025-08-27 14:46:43.505,4593.0,4618.7,4586.2,4586.3,25953.689
2025-08-27 15:46:43.505,4586.4,4611.5,4568.6,4580.1,18370.9923
2025-08-27 16:46:43.505,4580.1,4613.3,4580.0,4607.0,12022.2182
2025-08-27 17:46:43.505,4607.0,4624.7,4580.0,4614.1,43807.138
2025-08-27 18:46:43.505,4614.0,4654.1,4575.3,4593.3,43877.085
2025-08-27 19:46:43.505,4593.8,4670.9,4583.0,4613.2,78908.6368
2025-08-27 20:46:43.505,4613.2,4659.9,4608.4,4656.5,43570.6788
2025-08-27 21:46:43.505,4656.6,4657.6,4605.6,4631.1,58389.9745
2025-08-27 22:46:43.505,4631.1,4646.0,4610.3,4631.8,36100.8886
2025-08-27 23:46:43.505,4631.7,4643.6,4590.0,4591.6,27667.8941
2025-08-28 00:46:43.505,4591.7,4600.0,4533.5,4565.4,84395.0129
2025-08-28 01:46:43.505,4564.9,4612.7,4508.2,4595.0,155534.9289
2025-08-28 02:46:43.505,4595.0,4596.8,4513.7,4524.5,46670.3522
2025-08-28 03:46:43.505,4524.7,4537.2,4480.7,4523.3,52467.8948
2025-08-28 04:46:43.505,4523.4,4538.3,4489.2,4505.5,29446.8431
2025-08-28 05:46:43.505,4506.1,4520.0,4463.8,4492.3,41280.3938
2025-08-28 06:46:43.505,4492.4,4521.5,4491.6,4515.6,35504.7271
2025-08-28 07:46:43.505,4515.7,4526.8,4504.8,4511.1,14408.653
2025-08-28 08:46:43.505,4511.0,4547.2,4505.7,4541.1,25613.4395
2025-08-28 09:46:43.505,4541.1,4581.4,4533.8,4570.4,41209.9774
2025-08-28 10:46:43.505,4570.6,4587.0,4551.8,4569.9,45197.0135
2025-08-28 11:46:43.505,4570.0,4585.7,4553.3,4583.5,34965.8431
2025-08-28 12:46:43.505,4583.5,4599.2,4565.1,4597.0,20192.8795
2025-08-28 13:46:43.505,4597.0,4636.4,4594.3,4603.8,53603.366
2025-08-28 14:46:43.505,4603.2,4604.5,4581.6,4585.8,9629.7438
2025-08-28 15:46:43.505,4585.9,4612.0,4581.2,4610.9,24679.3813
2025-08-28 16:46:43.505,4610.9,4610.9,4583.1,4592.7,27448.1299
2025-08-28 17:46:43.505,4592.8,4613.5,4575.0,4598.8,29634.9011
2025-08-28 18:46:43.505,4599.0,4613.4,4561.2,4573.6,39014.9714
2025-08-28 19:46:43.505,4573.6,4590.9,4545.0,4566.6,29909.5507
2025-08-28 20:46:43.505,4566.6,4572.9,4484.0,4503.5,71947.98
2025-08-28 21:46:43.505,4503.4,4530.7,4459.4,4463.2,45406.4703
2025-08-28 22:46:43.505,4463.3,4496.6,4462.6,4488.3,26790.6045
2025-08-28 23:46:43.505,4488.3,4507.6,4472.3,4479.3,37024.5398
2025-08-29 00:46:43.505,4479.3,4491.1,4431.7,4434.8,43323.158
2025-08-29 01:46:43.505,4434.8,4468.3,4428.1,4456.9,32379.1814
2025-08-29 02:46:43.505,4456.9,4489.7,4455.5,4486.0,34709.4718
2025-08-29 03:46:43.505,4486.0,4513.8,4485.9,4504.2,20982.1872
2025-08-29 04:46:43.505,4504.2,4514.2,4490.4,4509.6,26607.8574
2025-08-29 05:46:43.505,4509.7,4515.2,4467.4,4479.7,24288.6004
2025-08-29 06:46:43.505,4479.7,4488.8,4433.0,4454.3,42155.9118
2025-08-29 07:46:43.505,4454.4,4492.0,4448.0,4478.8,26818.5808
2025-08-29 08:46:43.505,4478.7,4503.6,4465.1,4488.6,35715.1063
2025-08-29 09:46:43.505,4488.5,4495.4,4468.1,4475.1,15429.3828
2025-08-29 10:46:43.505,4475.3,4483.0,4462.3,4478.1,27939.7935
2025-08-29 11:46:43.505,4478.0,4486.9,4448.0,4455.1,37901.7122
2025-08-29 12:46:43.505,4455.2,4455.2,4365.6,4379.6,96482.2749
2025-08-29 13:46:43.505,4379.6,4396.0,4323.7,4329.0,112287.4072
2025-08-29 14:46:43.505,4329.0,4341.2,4312.1,4335.2,81066.0723
2025-08-29 15:46:43.505,4335.2,4359.9,4331.0,4344.1,40037.9033
2025-08-29 16:46:43.505,4344.2,4356.5,4331.2,4344.3,65164.7257
2025-08-29 17:46:43.505,4344.3,4449.7,4344.2,4405.8,128160.3133
2025-08-29 18:46:43.505,4405.9,4408.0,4313.5,4328.3,102533.3596
2025-08-29 19:46:43.505,4328.3,4352.1,4262.8,4278.7,162002.748
2025-08-29 20:46:43.505,4278.7,4348.5,4278.4,4314.0,141859.3101
2025-08-29 21:46:43.505,4313.9,4352.7,4293.6,4335.0,69332.0303
2025-08-29 22:46:43.505,4335.0,4355.4,4313.2,4331.1,47522.7692
2025-08-29 23:46:43.505,4331.1,4338.4,4305.0,4313.8,24875.1951
2025-08-30 00:46:43.505,4313.6,4365.1,4305.8,4339.3,68848.8021
2025-08-30 01:46:43.505,4338.7,4345.1,4310.5,4318.3,44894.0076
2025-08-30 02:46:43.505,4318.3,4378.3,4303.7,4362.8,41031.464
2025-08-30 03:46:43.505,4362.8,4366.5,4343.4,4366.1,32855.2803
2025-08-30 04:46:43.505,4365.7,4372.8,4356.0,4358.5,23617.8994
2025-08-30 05:46:43.505,4358.6,4361.1,4326.4,4340.7,51700.9427
2025-08-30 06:46:43.505,4340.8,4346.9,4255.3,4263.1,43288.8299
2025-08-30 07:46:43.505,4263.1,4315.0,4255.2,4302.7,52439.0645
2025-08-30 08:46:43.505,4302.8,4383.6,4302.2,4350.6,74688.9608
2025-08-30 09:46:43.505,4350.5,4366.7,4348.6,4351.1,23264.0872
2025-08-30 10:46:43.505,4351.2,4400.0,4345.9,4376.2,62808.788
2025-08-30 11:46:43.505,4376.2,4400.7,4371.4,4394.0,37097.0249
2025-08-30 12:46:43.505,4394.0,4411.0,4386.7,4399.4,23291.1217
2025-08-30 13:46:43.505,4399.4,4404.5,4381.9,4393.5,23326.9421
2025-08-30 14:46:43.505,4393.6,4395.2,4377.3,4389.8,6307.4754
2025-08-30 15:46:43.505,4389.9,4405.6,4382.7,4390.6,13509.126
2025-08-30 16:46:43.505,4390.7,4400.6,4381.5,4390.6,5153.0101
2025-08-30 17:46:43.505,4390.5,4391.8,4346.6,4366.2,22966.2962
2025-08-30 18:46:43.505,4366.2,4366.2,4329.6,4357.7,50034.1585
2025-08-30 19:46:43.505,4357.7,4368.0,4336.7,4362.1,20691.3744
2025-08-30 20:46:43.505,4362.1,4382.1,4355.2,4374.6,18666.5074
2025-08-30 21:46:43.505,4374.6,4374.6,4358.0,4360.5,7759.2529
2025-08-30 22:46:43.505,4360.7,4371.5,4348.2,4360.7,5891.4178
2025-08-30 23:46:43.505,4360.2,4364.9,4344.5,4348.6,10121.5721
2025-08-31 00:46:43.505,4348.4,4352.8,4333.1,4352.8,13621.9174
2025-08-31 01:46:43.505,4352.7,4353.0,4333.1,4341.7,10143.8186
2025-08-31 02:46:43.505,4341.8,4353.4,4338.2,4344.3,9056.29
2025-08-31 03:46:43.505,4344.8,4358.5,4339.2,4356.7,10695.2964
2025-08-31 04:46:43.505,4356.6,4377.0,4355.7,4372.1,21462.8482
2025-08-31 05:46:43.505,4372.6,4472.4,4371.3,4467.0,68841.7898
2025-08-31 06:46:43.505,4466.5,4468.4,4433.4,4454.9,35587.631
2025-08-31 07:46:43.505,4455.0,4460.9,4444.3,4448.3,7318.8862
2025-08-31 08:46:43.505,4448.3,4486.7,4447.3,4486.6,32385.3974
2025-08-31 09:46:43.505,4486.7,4488.0,4455.8,4462.7,28487.9044
2025-08-31 10:46:43.505,4462.7,4462.7,4446.8,4457.0,12789.0081
2025-08-31 11:46:43.505,4457.1,4459.0,4431.0,4432.3,10874.0192
2025-08-31 12:46:43.505,4432.4,4456.0,4431.0,4449.8,10997.7695
2025-08-31 13:46:43.505,4449.7,4471.3,4449.3,4469.9,23972.1753
2025-08-31 14:46:43.505,4469.9,4476.9,4458.5,4461.1,11657.2714
2025-08-31 15:46:43.505,4461.5,4467.7,4447.7,4452.8,35327.9764
2025-08-31 16:46:43.505,4453.4,4481.0,4440.0,4474.6,35463.6628
2025-08-31 17:46:43.505,4474.6,4494.6,4461.2,4487.5,29882.7423
2025-08-31 18:46:43.505,4487.6,4495.8,4462.7,4469.2,19855.821
2025-08-31 19:46:43.505,4468.8,4471.8,4447.7,4457.3,20948.2338
2025-08-31 20:46:43.505,4457.2,4487.0,4455.7,4481.9,19279.0387
2025-08-31 21:46:43.505,4481.9,4484.4,4457.7,4469.2,22905.284
2025-08-31 22:46:43.505,4469.1,4485.0,4466.8,4474.1,11076.2514
2025-08-31 23:46:43.505,4474.8,4488.5,4470.2,4487.2,13884.2079
2025-09-01 00:46:43.505,4487.2,4487.9,4452.9,4454.1,33288.9165
2025-09-01 01:46:43.505,4454.1,4460.6,4443.9,4453.3,10964.9766
2025-09-01 02:46:43.505,4453.2,4476.5,4448.4,4468.3,12575.9185
2025-09-01 03:46:43.505,4468.8,4472.2,4431.9,4443.7,17043.2251
2025-09-01 04:46:43.505,4443.7,4443.8,4377.2,4390.6,50911.41
2025-09-01 05:46:43.505,4390.7,4410.1,4359.6,4396.2,69314.2982
2025-09-01 06:46:43.505,4396.2,4430.6,4383.4,4416.3,44393.7716
2025-09-01 07:46:43.505,4416.3,4418.7,4366.1,4385.6,61283.0107
2025-09-01 08:46:43.505,4385.6,4407.0,4368.2,4403.1,56691.0334
2025-09-01 09:46:43.505,4403.1,4410.4,4370.4,4383.6,35346.1938
2025-09-01 10:46:43.505,4383.6,4405.1,4357.1,4392.3,36256.4203
2025-09-01 11:46:43.505,4392.3,4406.9,4372.1,4396.0,31818.6987
2025-09-01 12:46:43.505,4396.0,4462.5,4379.0,4462.5,38323.6513
2025-09-01 13:46:43.505,4462.6,4489.7,4462.5,4474.4,35427.4429
2025-09-01 14:46:43.505,4474.4,4481.7,4436.0,4439.4,29264.3164
2025-09-01 15:46:43.505,4439.3,4441.4,4387.9,4406.0,29522.9212
2025-09-01 16:46:43.505,4406.0,4413.0,4380.0,4389.8,20511.6658
2025-09-01 17:46:43.505,4389.7,4411.0,4382.3,4401.1,15814.1106
2025-09-01 18:46:43.505,4401.2,4422.2,4371.8,4384.2,26967.604
2025-09-01 19:46:43.505,4384.3,4400.8,4379.0,4394.4,13331.128
2025-09-01 20:46:43.505,4394.4,4403.9,4343.0,4359.1,36930.8006
2025-09-01 21:46:43.505,4359.0,4369.7,4345.0,4352.8,21429.0177
2025-09-01 22:46:43.505,4353.1,4356.0,4305.6,4320.5,64263.7045
2025-09-01 23:46:43.505,4320.5,4347.2,4319.7,4344.8,20742.294
2025-09-02 00:46:43.505,4344.8,4366.4,4340.4,4364.7,19080.2794
2025-09-02 01:46:43.505,4364.8,4365.2,4260.0,4285.5,63177.6451
2025-09-02 02:46:43.505,4285.2,4287.5,4210.5,4258.2,102615.5114
2025-09-02 03:46:43.505,4258.3,4296.5,4249.0,4282.6,35687.1808
2025-09-02 04:46:43.505,4282.6,4317.1,4279.0,4312.0,56649.6013
2025-09-02 05:46:43.505,4312.0,4316.2,4288.0,4300.4,30075.72
2025-09-02 06:46:43.505,4300.3,4338.5,4289.3,4320.2,39577.3854
2025-09-02 07:46:43.505,4321.5,4360.6,4313.8,4358.4,38124.8188
2025-09-02 08:46:43.505,4358.5,4391.0,4350.9,4364.5,32936.2089
2025-09-02 09:46:43.505,4364.4,4386.5,4358.7,4385.2,18039.7767
2025-09-02 10:46:43.505,4385.2,4387.4,4367.6,4382.8,9279.3296
2025-09-02 11:46:43.505,4382.9,4414.7,4379.5,4410.3,27113.6306
2025-09-02 12:46:43.505,4410.4,4411.2,4367.0,4376.3,19587.5961
2025-09-02 13:46:43.505,4376.1,4405.7,4369.2,4391.3,27406.7521
2025-09-02 14:46:43.505,4391.0,4407.2,4385.1,4397.6,17476.2083
2025-09-02 15:46:43.505,4397.6,4399.6,4376.0,4390.5,13013.4641
2025-09-02 16:46:43.505,4390.4,4391.2,4340.0,4346.7,23428.0868
2025-09-02 17:46:43.505,4346.1,4350.4,4270.7,4275.7,66153.4588
2025-09-02 18:46:43.505,4275.7,4393.1,4273.8,4378.1,109099.5227
2025-09-02 19:46:43.505,4378.2,4396.2,4334.3,4347.1,80359.1683
2025-09-02 20:46:43.505,4346.9,4352.4,4282.5,4293.7,50687.8023
2025-09-02 21:46:43.505,4293.8,4307.0,4279.8,4293.6,48250.9792
2025-09-02 22:46:43.505,4294.2,4330.1,4286.0,4317.6,46225.3762
2025-09-02 23:46:43.505,4317.5,4321.3,4264.6,4294.1,68197.0105
2025-09-03 00:46:43.505,4294.0,4312.0,4256.3,4272.4,28521.2841
2025-09-03 01:46:43.505,4272.4,4325.8,4265.4,4310.8,39217.4335
2025-09-03 02:46:43.505,4310.9,4335.0,4303.8,4327.2,26361.6975
2025-09-03 03:46:43.505,4327.2,4331.4,4308.0,4328.0,9248.0252
2025-09-03 04:46:43.505,4327.9,4335.0,4313.0,4324.7,7453.3621
2025-09-03 05:46:43.505,4324.6,4331.0,4302.2,4308.4,21020.6643
2025-09-03 06:46:43.505,4307.8,4323.0,4281.6,4322.9,37558.3108
2025-09-03 07:46:43.505,4322.9,4354.1,4310.2,4336.0,42120.9953
2025-09-03 08:46:43.505,4336.0,4341.9,4319.4,4332.9,11957.3489
2025-09-03 09:46:43.505,4332.9,4340.0,4310.8,4337.7,10418.9819
2025-09-03 10:46:43.505,4337.7,4338.8,4311.6,4312.6,25874.2693
2025-09-03 11:46:43.505,4312.5,4318.9,4290.0,4305.8,12262.3776
2025-09-03 12:46:43.505,4305.7,4314.0,4288.0,4308.7,8537.018
2025-09-03 13:46:43.505,4308.6,4331.6,4305.4,4316.5,9972.3565
2025-09-03 14:46:43.505,4316.5,4351.7,4301.0,4350.1,20787.1923
2025-09-03 15:46:43.505,4350.2,4376.1,4344.4,4370.5,40163.2666
2025-09-03 16:46:43.505,4370.4,4384.9,4365.5,4370.6,20764.2367
2025-09-03 17:46:43.505,4370.7,4377.9,4341.0,4353.1,30003.4241
2025-09-03 18:46:43.505,4353.1,4439.9,4349.6,4417.2,88613.4483
2025-09-03 19:46:43.505,4417.2,4481.1,4414.0,4465.8,110537.4276
2025-09-03 20:46:43.505,4465.8,4483.9,4452.8,4477.5,33074.6663
2025-09-03 21:46:43.505,4477.6,4482.2,4453.1,4464.9,27379.7656
2025-09-03 22:46:43.505,4465.0,4489.1,4464.6,4470.0,22862.2914
2025-09-03 23:46:43.505,4470.0,4477.5,4456.3,4467.3,20264.2843
2025-09-04 00:46:43.505,4467.3,4476.5,4457.4,4474.0,18532.5708
2025-09-04 01:46:43.505,4473.6,4478.3,4461.9,4463.5,15887.3951
2025-09-04 02:46:43.505,4463.5,4471.0,4438.1,4460.0,23349.1898
2025-09-04 03:46:43.505,4459.9,4480.0,4457.8,4467.8,15473.8344
2025-09-04 04:46:43.505,4467.8,4470.0,4442.2,4448.2,14458.7967
2025-09-04 05:46:43.505,4448.2,4481.0,4444.3,4467.4,28572.1466
2025-09-04 06:46:43.505,4467.4,4477.4,4447.4,4467.4,37538.0291
2025-09-04 07:46:43.505,4467.4,4470.0,4418.6,4419.9,32222.9143
2025-09-04 08:46:43.505,4420.2,4428.9,4388.4,4396.9,48605.9615
2025-09-04 09:46:43.505,4396.9,4413.1,4388.4,4391.5,12603.6389
2025-09-04 10:46:43.505,4391.5,4391.6,4360.7,4374.2,52160.6175
2025-09-04 11:46:43.505,4374.2,4382.2,4355.0,4365.2,18284.4827
2025-09-04 12:46:43.505,4365.3,4382.8,4363.1,4369.9,20447.9643
2025-09-04 13:46:43.505,4370.0,4390.5,4364.5,4368.5,12544.1879
2025-09-04 14:46:43.505,4368.5,4395.3,4368.5,4395.3,16382.5737
2025-09-04 15:46:43.505,4395.2,4431.0,4392.2,4406.8,41808.6323
2025-09-04 16:46:43.505,4406.7,4431.0,4391.6,4408.0,45683.3502
2025-09-04 17:46:43.505,4408.1,4428.7,4382.7,4415.2,53820.7952
2025-09-04 18:46:43.505,4415.3,4419.1,4365.5,4376.3,28347.4654
2025-09-04 19:46:43.505,4376.2,4381.2,4327.6,4340.8,71935.1152
2025-09-04 20:46:43.505,4340.9,4345.8,4293.3,4304.6,64178.059
2025-09-04 21:46:43.505,4304.6,4319.5,4285.4,4295.6,43456.9344
2025-09-04 22:46:43.505,4295.9,4322.0,4294.8,4305.1,27151.45
2025-09-04 23:46:43.505,4305.1,4317.0,4270.2,4272.4,52896.2207
2025-09-05 00:46:43.505,4272.4,4287.0,4264.1,4277.3,27149.1297
2025-09-05 01:46:43.505,4276.6,4309.0,4271.8,4304.8,23520.5764
2025-09-05 02:46:43.505,4304.8,4323.0,4301.5,4317.7,11883.6421
2025-09-05 03:46:43.505,4317.6,4350.7,4315.1,4339.9,16549.0388
2025-09-05 04:46:43.505,4339.8,4348.2,4293.8,4296.0,34773.5137
2025-09-05 05:46:43.505,4295.9,4313.1,4289.1,4300.8,29944.6203
2025-09-05 06:46:43.505,4300.7,4332.0,4296.9,4324.5,19792.2227
2025-09-05 07:46:43.505,4324.4,4334.4,4298.0,4322.8,77172.6168
2025-09-05 08:46:43.505,4322.8,4331.6,4295.2,4327.5,46836.6491
2025-09-05 09:46:43.505,4327.5,4335.0,4315.3,4330.0,26691.7666
2025-09-05 10:46:43.505,4330.0,4340.7,4325.8,4336.6,12557.786
2025-09-05 11:46:43.505,4336.7,4339.8,4323.0,4330.7,11318.2185
2025-09-05 12:46:43.505,4330.8,4427.5,4330.2,4415.0,68254.0598
2025-09-05 13:46:43.505,4415.0,4418.3,4384.8,4405.4,29394.313
2025-09-05 14:46:43.505,4405.4,4407.7,4371.0,4397.0,42499.7591
2025-09-05 15:46:43.505,4397.0,4422.8,4394.5,4409.2,34131.6985
2025-09-05 16:46:43.505,4409.3,4425.4,4405.9,4416.7,9498.0328
2025-09-05 17:46:43.505,4416.7,4491.7,4410.9,4470.7,147411.5248
2025-09-05 18:46:43.505,4471.1,4480.4,4434.7,4442.7,50983.8918
2025-09-05 19:46:43.505,4442.7,4442.7,4258.1,4271.7,284726.5257
2025-09-05 20:46:43.505,4271.7,4303.0,4252.4,4281.4,62850.9181
2025-09-05 21:46:43.505,4281.7,4303.0,4273.0,4296.5,36627.3699
2025-09-05 22:46:43.505,4296.5,4297.4,4271.0,4288.1,17484.5136
2025-09-05 23:46:43.505,4288.1,4315.0,4282.0,4310.6,29178.4096
2025-09-06 00:46:43.505,4310.6,4330.8,4304.0,4329.3,30700.1428
2025-09-06 01:46:43.505,4328.8,4341.0,4319.4,4335.7,50821.6907
2025-09-06 02:46:43.505,4335.8,4336.3,4288.0,4294.7,55686.3041
2025-09-06 03:46:43.505,4294.7,4317.0,4292.6,4310.2,13002.6662
2025-09-06 04:46:43.505,4310.1,4317.0,4302.2,4304.7,8172.7966
2025-09-06 05:46:43.505,4304.7,4327.2,4300.7,4321.4,16950.2697
2025-09-06 06:46:43.505,4321.4,4323.7,4310.7,4316.5,4198.1402
2025-09-06 07:46:43.505,4316.5,4321.6,4303.0,4321.1,6025.6984
2025-09-06 08:46:43.505,4321.1,4323.4,4314.7,4318.3,4074.6007
2025-09-06 09:46:43.505,4318.3,4318.7,4301.5,4307.8,6474.1968
2025-09-06 10:46:43.505,4307.9,4310.7,4289.0,4293.5,6299.4315
2025-09-06 11:46:43.505,4293.5,4305.7,4291.4,4301.0,2715.6487
2025-09-06 12:46:43.505,4301.0,4312.8,4298.4,4311.0,5395.9296
2025-09-06 13:46:43.505,4310.9,4313.8,4303.6,4309.2,2585.5189
2025-09-06 14:46:43.505,4309.3,4309.3,4290.0,4290.5,3377.4681
2025-09-06 15:46:43.505,4290.5,4301.8,4285.0,4299.1,5180.2469
2025-09-06 16:46:43.505,4299.2,4299.9,4288.8,4298.4,3524.9929
2025-09-06 17:46:43.505,4298.3,4306.8,4290.6,4297.1,5112.876
2025-09-06 18:46:43.505,4297.1,4300.6,4285.7,4291.7,11987.8649
2025-09-06 19:46:43.505,4291.7,4300.1,4290.2,4293.1,7604.4554
2025-09-06 20:46:43.505,4293.1,4295.2,4261.0,4267.7,27844.4823
2025-09-06 21:46:43.505,4267.6,4300.0,4226.7,4287.1,55417.1285
2025-09-06 22:46:43.505,4287.0,4289.2,4265.0,4270.6,15388.2795
2025-09-06 23:46:43.505,4270.6,4284.6,4267.1,4276.6,9119.2686
2025-09-07 00:46:43.505,4276.5,4279.2,4248.7,4253.3,19870.5296
2025-09-07 01:46:43.505,4253.2,4278.0,4252.6,4277.0,8435.3108
2025-09-07 02:46:43.505,4276.9,4283.8,4266.2,4281.6,13112.7605
2025-09-07 03:46:43.505,4281.5,4285.6,4267.9,4276.0,10223.4137
2025-09-07 04:46:43.505,4276.0,4281.6,4266.2,4271.2,4425.0354
2025-09-07 05:46:43.505,4271.6,4286.6,4268.1,4281.9,7214.156
2025-09-07 06:46:43.505,4281.9,4301.8,4281.1,4292.8,19744.9841
2025-09-07 07:46:43.505,4292.7,4301.7,4286.3,4297.2,16011.9054
2025-09-07 08:46:43.505,4297.1,4302.1,4289.9,4294.5,8114.7033
2025-09-07 09:46:43.505,4294.6,4299.7,4289.0,4298.8,5865.9197
2025-09-07 10:46:43.505,4298.7,4302.0,4289.5,4292.4,13286.1459
2025-09-07 11:46:43.505,4292.4,4293.0,4280.2,4281.9,4884.1624
2025-09-07 12:46:43.505,4281.9,4304.7,4276.0,4292.9,17687.671
2025-09-07 13:46:43.505,4292.9,4313.0,4292.8,4299.4,12504.4234
2025-09-07 14:46:43.505,4299.4,4309.7,4288.8,4297.3,19644.6684
2025-09-07 15:46:43.505,4297.3,4305.0,4294.5,4303.4,17998.8594
2025-09-07 16:46:43.505,4303.4,4308.0,4301.5,4307.9,4675.5433
2025-09-07 17:46:43.505,4307.9,4308.8,4290.4,4298.5,20364.5655
2025-09-07 18:46:43.505,4298.5,4305.0,4287.3,4303.2,8038.4319
2025-09-07 19:46:43.505,4303.1,4308.7,4295.5,4297.4,8151.2772
2025-09-07 20:46:43.505,4297.3,4302.9,4293.8,4297.0,5296.2957
2025-09-07 21:46:43.505,4296.9,4299.0,4281.0,4281.0,12790.6484
2025-09-07 22:46:43.505,4281.0,4285.6,4269.1,4272.5,14429.7004
2025-09-07 23:46:43.505,4272.5,4281.7,4267.2,4279.5,7409.3578
2025-09-08 00:46:43.505,4279.3,4294.0,4274.1,4291.3,7830.0657
2025-09-08 01:46:43.505,4291.2,4298.5,4278.4,4298.0,7326.2003
2025-09-08 02:46:43.505,4298.0,4298.4,4285.4,4286.1,8999.147
2025-09-08 03:46:43.505,4286.2,4308.8,4285.4,4307.2,15406.1239
2025-09-08 04:46:43.505,4307.2,4333.0,4294.8,4303.4,68199.9082
2025-09-08 05:46:43.505,4303.5,4317.2,4288.9,4297.1,53727.2442
2025-09-08 06:46:43.505,4297.1,4300.5,4282.3,4290.9,9808.5776
2025-09-08 07:46:43.505,4290.9,4307.5,4279.0,4307.5,14139.3332
2025-09-08 08:46:43.505,4307.4,4329.0,4301.4,4309.4,33580.5153
2025-09-08 09:46:43.505,4309.3,4311.4,4293.3,4295.9,15025.9037
2025-09-08 10:46:43.505,4295.8,4301.3,4286.1,4294.8,6940.5944
2025-09-08 11:46:43.505,4294.8,4300.6,4287.0,4290.1,4110.8016
2025-09-08 12:46:43.505,4290.0,4310.6,4285.1,4289.5,28088.9019
2025-09-08 13:46:43.505,4289.7,4303.8,4286.1,4299.0,32912.3497
2025-09-08 14:46:43.505,4298.9,4332.0,4295.0,4316.6,43054.5891
2025-09-08 15:46:43.505,4316.8,4335.0,4313.3,4327.1,36400.2809
2025-09-08 16:46:43.505,4327.0,4327.8,4297.6,4310.1,25228.8602
2025-09-08 17:46:43.505,4310.1,4321.7,4304.8,4319.9,16291.2846
2025-09-08 18:46:43.505,4319.9,4361.9,4315.4,4319.6,84729.6433
2025-09-08 19:46:43.505,4319.6,4357.2,4315.1,4349.7,34784.8333
2025-09-08 20:46:43.505,4349.9,4383.7,4344.0,4371.0,59187.4606
2025-09-08 21:46:43.505,4370.9,4372.9,4334.0,4338.3,24829.0387
2025-09-08 22:46:43.505,4338.2,4342.6,4301.0,4310.6,20051.8034
2025-09-08 23:46:43.505,4310.6,4334.9,4310.0,4328.9,13959.9115
2025-09-09 00:46:43.505,4328.8,4328.9,4283.0,4289.7,39969.4481
2025-09-09 01:46:43.505,4289.7,4300.9,4281.2,4297.0,19747.0442
2025-09-09 02:46:43.505,4297.1,4321.0,4293.9,4320.8,14241.7633
2025-09-09 03:46:43.505,4320.8,4330.5,4306.8,4310.1,23819.9927
2025-09-09 04:46:43.505,4310.1,4319.0,4294.4,4304.0,18382.1545
2025-09-09 05:46:43.505,4304.0,4314.5,4286.9,4300.5,27133.0093
2025-09-09 06:46:43.505,4300.5,4306.9,4280.6,4286.1,20684.5174
2025-09-09 07:46:43.505,4286.1,4294.6,4276.2,4290.5,14108.1877
2025-09-09 08:46:43.505,4290.5,4308.3,4287.9,4306.7,6239.203
2025-09-09 09:46:43.505,4306.7,4317.9,4302.9,4313.6,8441.707
2025-09-09 10:46:43.505,4313.3,4320.0,4302.2,4318.5,3963.9346
2025-09-09 11:46:43.505,4318.6,4374.5,4315.0,4364.1,32279.2936
2025-09-09 12:46:43.505,4364.3,4381.1,4345.7,4360.7,31289.9115
2025-09-09 13:46:43.505,4360.8,4367.0,4343.3,4359.6,16183.9547
2025-09-09 14:46:43.505,4359.8,4365.9,4351.4,4356.1,20793.276
2025-09-09 15:46:43.505,4356.2,4362.4,4341.3,4347.9,17842.1939
2025-09-09 16:46:43.505,4347.3,4355.8,4343.6,4347.2,14759.7792
2025-09-09 17:46:43.505,4347.3,4367.4,4328.9,4344.8,19958.3551
2025-09-09 18:46:43.505,4344.8,4361.1,4325.0,4347.1,33441.5476
2025-09-09 19:46:43.505,4347.0,4362.0,4285.7,4305.9,73751.9814
2025-09-09 20:46:43.505,4305.7,4308.8,4277.4,4285.0,42992.0617
2025-09-09 21:46:43.505,4285.0,4297.7,4278.5,4288.3,25394.0568
2025-09-09 22:46:43.505,4288.4,4297.1,4281.2,4286.9,11293.6199
2025-09-09 23:46:43.505,4286.9,4295.0,4282.0,4287.0,10825.1244
2025-09-10 00:46:43.505,4287.0,4299.5,4286.2,4295.5,10364.0456
2025-09-10 01:46:43.505,4295.5,4306.0,4281.4,4305.9,23969.6305
2025-09-10 02:46:43.505,4306.0,4321.2,4296.8,4302.5,18574.9601
2025-09-10 03:46:43.505,4303.3,4319.9,4300.0,4319.0,6453.6334
2025-09-10 04:46:43.505,4319.6,4320.2,4303.5,4310.9,6303.6407
2025-09-10 05:46:43.505,4310.9,4315.8,4285.0,4286.2,24724.3761
2025-09-10 06:46:43.505,4286.3,4314.8,4285.0,4304.0,22655.8616
2025-09-10 07:46:43.505,4304.1,4326.2,4304.0,4317.8,15657.7623
2025-09-10 08:46:43.505,4317.9,4324.4,4309.3,4320.5,8920.8164
2025-09-10 09:46:43.505,4320.5,4320.5,4309.1,4313.6,4918.9883
2025-09-10 10:46:43.505,4313.7,4319.2,4295.6,4309.7,12625.1349
2025-09-10 11:46:43.505,4309.7,4320.0,4299.1,4314.4,9324.1233
2025-09-10 12:46:43.505,4314.4,4333.9,4313.2,4330.6,13263.1732
2025-09-10 13:46:43.505,4330.6,4335.0,4323.6,4332.2,30581.9124
2025-09-10 14:46:43.505,4332.2,4332.3,4309.3,4325.6,7670.9907
2025-09-10 15:46:43.505,4325.7,4332.3,4317.4,4326.7,6522.8906
2025-09-10 16:46:43.505,4327.0,4333.5,4322.0,4331.7,8952.5449
2025-09-10 17:46:43.505,4331.6,4393.6,4330.0,4372.5,76054.2829
2025-09-10 18:46:43.505,4372.6,4440.0,4358.2,4417.7,104662.9208
2025-09-10 19:46:43.505,4418.3,4453.2,4399.5,4402.8,64000.8939
2025-09-10 20:46:43.505,4402.9,4425.5,4397.3,4405.6,29027.9689
2025-09-10 21:46:43.505,4406.1,4410.2,4365.0,4386.4,49780.7671
2025-09-10 22:46:43.505,4386.5,4398.0,4343.9,4367.5,43665.565
2025-09-10 23:46:43.505,4367.6,4372.6,4328.5,4342.1,33538.0513
2025-09-11 00:46:43.505,4342.0,4343.6,4300.6,4323.4,41192.7497
2025-09-11 01:46:43.505,4323.4,4336.5,4320.9,4329.9,21740.9153
2025-09-11 02:46:43.505,4329.9,4353.0,4328.9,4350.3,17184.0108
2025-09-11 03:46:43.505,4350.3,4355.0,4337.6,4346.3,16878.3681
2025-09-11 04:46:43.505,4346.2,4355.9,4340.0,4349.4,10937.3697
2025-09-11 05:46:43.505,4349.3,4362.4,4339.1,4361.2,24336.5638
2025-09-11 06:46:43.505,4361.2,4384.2,4356.3,4367.6,30277.3706
2025-09-11 07:46:43.505,4367.5,4386.9,4363.7,4377.9,18025.1946
2025-09-11 08:46:43.505,4377.8,4409.7,4373.7,4405.5,32773.6848
2025-09-11 09:46:43.505,4405.4,4420.0,4396.7,4413.5,28576.5526
